temple_id,date,day_of_week,hour,month,is_weekend,is_festival,festival_type,temperature,rainfall,temple_capacity,actual_crowd
1,2025-01-01,2,0,1,0,0,None,21.4,0.0,15000,937
1,2025-01-01,2,1,1,0,1,Minor,28.4,1.1,15000,1138
1,2025-01-01,2,1,1,0,1,Major,24.1,0.0,15000,1225
1,2025-01-01,2,2,1,0,0,None,15.0,0.0,15000,721
1,2025-01-01,2,3,1,0,0,None,24.9,0.1,15000,416
1,2025-01-01,2,4,1,0,0,None,23.9,0.5,15000,877
1,2025-01-01,2,4,1,0,0,None,27.6,0.0,15000,677
1,2025-01-01,2,5,1,0,1,Minor,24.0,0.0,15000,2084
1,2025-01-01,2,6,1,0,0,None,21.9,0.4,15000,2390
1,2025-01-01,2,7,1,0,1,Major,25.9,0.9,15000,7990
1,2025-01-01,2,7,1,0,0,None,40.9,0.0,15000,3699
1,2025-01-01,2,8,1,0,0,None,28.1,2.7,15000,5878
1,2025-01-01,2,9,1,0,1,Minor,22.0,0.0,15000,10082
1,2025-01-01,2,9,1,0,0,None,20.3,0.5,15000,6991
1,2025-01-01,2,10,1,0,0,None,29.9,1.2,15000,8079
1,2025-01-01,2,11,1,0,0,None,26.0,0.0,15000,7147
1,2025-01-01,2,12,1,0,0,None,19.5,0.0,15000,5917
1,2025-01-01,2,12,1,0,0,None,32.9,0.8,15000,5558
1,2025-01-01,2,13,1,0,0,None,21.8,1.1,15000,4716
1,2025-01-01,2,14,1,0,0,None,34.5,0.4,15000,4240
1,2025-01-01,2,15,1,0,0,None,25.0,0.0,15000,4829
1,2025-01-01,2,15,1,0,1,Major,19.9,0.5,15000,9867
1,2025-01-01,2,16,1,0,0,None,24.3,1.3,15000,5890
1,2025-01-01,2,17,1,0,0,None,25.9,0.0,15000,8063
1,2025-01-01,2,18,1,0,0,None,29.5,2.1,15000,10218
1,2025-01-01,2,18,1,0,0,None,33.9,2.3,15000,10041
1,2025-01-01,2,19,1,0,0,None,25.7,0.3,15000,10933
1,2025-01-01,2,20,1,0,0,None,15.0,0.0,15000,10292
1,2025-01-01,2,20,1,0,1,Minor,29.3,0.1,15000,14803
1,2025-01-01,2,21,1,0,0,None,22.3,3.9,15000,8172
1,2025-01-01,2,22,1,0,0,None,26.9,0.0,15000,4868
1,2025-01-01,2,23,1,0,0,None,27.5,0.4,15000,2672
1,2025-01-01,2,23,1,0,1,Minor,29.4,0.0,15000,3940
1,2025-01-02,3,0,1,0,0,None,28.7,0.0,15000,878
1,2025-01-02,3,1,1,0,0,None,23.1,1.2,15000,799
1,2025-01-02,3,2,1,0,0,None,34.0,0.5,15000,800
1,2025-01-02,3,2,1,0,1,Minor,24.5,0.0,15000,963
1,2025-01-02,3,3,1,0,1,Minor,35.5,0.0,15000,954
1,2025-01-02,3,4,1,0,0,None,30.2,0.0,15000,549
1,2025-01-02,3,4,1,0,0,None,30.1,0.0,15000,741
1,2025-01-02,3,5,1,0,0,None,25.2,0.9,15000,1420
1,2025-01-02,3,6,1,0,0,None,33.8,0.0,15000,2877
1,2025-01-02,3,7,1,0,1,Minor,19.8,0.1,15000,5956
1,2025-01-02,3,7,1,0,0,None,30.1,0.0,15000,4179
1,2025-01-02,3,8,1,0,0,None,28.1,0.0,15000,5872
1,2025-01-02,3,9,1,0,1,Minor,27.9,1.0,15000,10148
1,2025-01-02,3,10,1,0,0,None,30.7,0.0,15000,7748
1,2025-01-02,3,10,1,0,0,None,30.8,1.9,15000,8148
1,2025-01-02,3,11,1,0,0,None,22.7,0.2,15000,7286
1,2025-01-02,3,12,1,0,0,None,31.4,0.8,15000,5676
1,2025-01-02,3,12,1,0,0,None,40.7,0.4,15000,5050
1,2025-01-02,3,13,1,0,0,None,22.2,0.0,15000,4905
1,2025-01-02,3,14,1,0,0,None,26.4,3.7,15000,4313
1,2025-01-02,3,15,1,0,0,None,24.7,0.2,15000,4979
1,2025-01-02,3,15,1,0,0,None,22.4,0.6,15000,4747
1,2025-01-02,3,16,1,0,0,None,30.2,0.0,15000,6477
1,2025-01-02,3,17,1,0,0,None,32.3,1.2,15000,8149
1,2025-01-02,3,18,1,0,0,None,22.2,0.0,15000,10258
1,2025-01-02,3,18,1,0,0,None,28.5,2.5,15000,10056
1,2025-01-02,3,19,1,0,0,None,34.2,0.9,15000,11001
1,2025-01-02,3,20,1,0,0,None,28.2,0.1,15000,10261
1,2025-01-02,3,21,1,0,0,None,27.8,0.0,15000,7765
1,2025-01-02,3,21,1,0,0,None,18.1,0.7,15000,7984
1,2025-01-02,3,22,1,0,1,Major,22.5,0.5,15000,10279
1,2025-01-02,3,23,1,0,0,None,29.7,0.0,15000,2521
1,2025-01-02,3,23,1,0,1,Minor,38.9,0.8,15000,3840
1,2025-01-03,4,0,1,0,0,None,27.1,0.1,15000,959
1,2025-01-03,4,1,1,0,0,None,24.8,0.0,15000,359
1,2025-01-03,4,2,1,0,1,Major,23.1,0.0,15000,1399
1,2025-01-03,4,2,1,0,0,None,28.6,1.1,15000,259
1,2025-01-03,4,3,1,0,0,None,28.9,0.7,15000,847
1,2025-01-03,4,4,1,0,0,None,23.3,1.3,15000,539
1,2025-01-03,4,5,1,0,1,Major,25.8,0.0,15000,2976
1,2025-01-03,4,5,1,0,0,None,20.5,0.3,15000,1301
1,2025-01-03,4,6,1,0,0,None,34.7,0.0,15000,2658
1,2025-01-03,4,7,1,0,0,None,27.3,1.9,15000,4382
1,2025-01-03,4,7,1,0,0,None,26.0,0.7,15000,3970
1,2025-01-03,4,8,1,0,0,None,17.5,0.8,15000,5950
1,2025-01-03,4,9,1,0,0,None,30.4,0.2,15000,7162
1,2025-01-03,4,10,1,0,0,None,24.6,0.1,15000,7957
1,2025-01-03,4,10,1,0,0,None,23.9,1.0,15000,7856
1,2025-01-03,4,11,1,0,0,None,28.8,1.6,15000,7364
1,2025-01-03,4,12,1,0,0,None,29.8,1.6,15000,5592
1,2025-01-03,4,13,1,0,0,None,18.1,1.4,15000,4510
1,2025-01-03,4,13,1,0,0,None,34.8,1.3,15000,4650
1,2025-01-03,4,14,1,0,1,Minor,27.1,1.7,15000,6228
1,2025-01-03,4,15,1,0,0,None,25.8,0.0,15000,4993
1,2025-01-03,4,16,1,0,0,None,25.6,3.2,15000,6049
1,2025-01-03,4,16,1,0,0,None,36.6,0.3,15000,6351
1,2025-01-03,4,17,1,0,0,None,33.0,1.3,15000,7924
1,2025-01-03,4,18,1,0,0,None,23.5,0.6,15000,10008
1,2025-01-03,4,18,1,0,0,None,25.5,0.0,15000,10154
1,2025-01-03,4,19,1,0,0,None,30.1,0.0,15000,11244
1,2025-01-03,4,20,1,0,1,Minor,24.8,1.7,15000,14870
1,2025-01-03,4,21,1,0,0,None,32.8,3.1,15000,7834
1,2025-01-03,4,21,1,0,0,None,23.7,0.0,15000,8164
1,2025-01-03,4,22,1,0,0,None,16.8,2.4,15000,5452
1,2025-01-03,4,23,1,0,1,Minor,25.5,0.4,15000,3986
1,2025-01-04,5,0,1,1,1,Minor,33.4,0.7,15000,1772
1,2025-01-04,5,0,1,1,0,None,19.8,2.0,15000,974
1,2025-01-04,5,1,1,1,0,None,27.3,5.5,15000,920
1,2025-01-04,5,2,1,1,1,Minor,29.4,0.5,15000,1030
1,2025-01-04,5,2,1,1,0,None,24.8,0.8,15000,1038
1,2025-01-04,5,3,1,1,0,None,26.4,0.8,15000,879
1,2025-01-04,5,4,1,1,0,None,26.2,0.1,15000,741
1,2025-01-04,5,5,1,1,0,None,17.4,1.6,15000,1754
1,2025-01-04,5,5,1,1,0,None,30.7,0.3,15000,1955
1,2025-01-04,5,6,1,1,0,None,26.6,1.6,15000,3046
1,2025-01-04,5,7,1,1,0,None,28.5,0.2,15000,4871
1,2025-01-04,5,8,1,1,0,None,28.4,0.4,15000,7371
1,2025-01-04,5,8,1,1,0,None,26.5,2.0,15000,7311
1,2025-01-04,5,9,1,1,0,None,34.6,3.1,15000,9208
1,2025-01-04,5,10,1,1,0,None,25.4,0.0,15000,9849
1,2025-01-04,5,10,1,1,0,None,20.2,0.9,15000,10233
1,2025-01-04,5,11,1,1,0,None,22.9,0.9,15000,9238
1,2025-01-04,5,12,1,1,0,None,27.6,1.9,15000,7600
1,2025-01-04,5,13,1,1,0,None,32.1,0.2,15000,6084
1,2025-01-04,5,13,1,1,0,None,34.4,0.0,15000,6212
1,2025-01-04,5,14,1,1,0,None,18.3,0.3,15000,5610
1,2025-01-04,5,15,1,1,0,None,28.0,1.4,15000,5804
1,2025-01-04,5,16,1,1,0,None,31.9,3.2,15000,7944
1,2025-01-04,5,16,1,1,0,None,26.9,0.0,15000,8028
1,2025-01-04,5,17,1,1,0,None,27.0,0.1,15000,10491
1,2025-01-04,5,18,1,1,0,None,26.4,0.0,15000,12799
1,2025-01-04,5,19,1,1,1,Minor,21.5,0.1,15000,15000
1,2025-01-04,5,19,1,1,0,None,37.3,0.0,15000,12332
1,2025-01-04,5,20,1,1,0,None,22.9,0.0,15000,12993
1,2025-01-04,5,21,1,1,1,Minor,19.8,0.1,15000,14665
1,2025-01-04,5,21,1,1,0,None,26.5,1.5,15000,10145
1,2025-01-04,5,22,1,1,0,None,31.3,1.3,15000,6505
1,2025-01-04,5,23,1,1,0,None,24.3,0.4,15000,3298
1,2025-01-05,6,0,1,1,0,None,23.9,1.3,15000,731
1,2025-01-05,6,0,1,1,1,Minor,31.3,2.3,15000,1455
1,2025-01-05,6,1,1,1,0,None,22.1,0.3,15000,859
1,2025-01-05,6,2,1,1,0,None,22.9,0.2,15000,541
1,2025-01-05,6,3,1,1,1,Major,21.7,0.1,15000,1290
1,2025-01-05,6,3,1,1,1,Minor,28.1,1.0,15000,1184
1,2025-01-05,6,4,1,1,0,None,22.6,0.5,15000,985
1,2025-01-05,6,5,1,1,0,None,24.8,0.0,15000,1974
1,2025-01-05,6,5,1,1,0,None,34.0,0.6,15000,1453
1,2025-01-05,6,6,1,1,0,None,27.1,0.0,15000,3120
1,2025-01-05,6,7,1,1,1,Minor,24.7,0.0,15000,7237
1,2025-01-05,6,8,1,1,0,None,22.9,2.3,15000,7223
1,2025-01-05,6,8,1,1,1,Minor,15.0,4.4,15000,9465
1,2025-01-05,6,9,1,1,1,Minor,29.0,2.0,15000,13255
1,2025-01-05,6,10,1,1,0,None,23.4,0.9,15000,10041
1,2025-01-05,6,11,1,1,0,None,37.2,0.0,15000,8469
1,2025-01-05,6,11,1,1,0,None,24.2,0.3,15000,9112
1,2025-01-05,6,12,1,1,0,None,24.7,0.7,15000,7266
1,2025-01-05,6,13,1,1,0,None,21.3,0.4,15000,6102
1,2025-01-05,6,14,1,1,0,None,26.3,0.0,15000,5277
1,2025-01-05,6,14,1,1,1,Minor,24.0,1.0,15000,7894
1,2025-01-05,6,15,1,1,0,None,23.4,0.2,15000,6633
1,2025-01-05,6,16,1,1,0,None,27.8,0.0,15000,7900
1,2025-01-05,6,16,1,1,1,Minor,29.4,1.8,15000,11717
1,2025-01-05,6,17,1,1,0,None,24.0,0.0,15000,10525
1,2025-01-05,6,18,1,1,0,None,29.7,0.5,15000,12999
1,2025-01-05,6,19,1,1,0,None,25.6,1.6,15000,14250
1,2025-01-05,6,19,1,1,0,None,23.6,0.0,15000,13678
1,2025-01-05,6,20,1,1,0,None,19.1,2.4,15000,13097
1,2025-01-05,6,21,1,1,0,None,31.5,0.8,15000,10154
1,2025-01-05,6,22,1,1,1,Minor,27.8,0.1,15000,9697
1,2025-01-05,6,22,1,1,0,None,29.5,0.5,15000,6842
1,2025-01-05,6,23,1,1,0,None,24.6,0.0,15000,3592
1,2025-01-06,0,0,1,0,0,None,34.5,2.1,15000,952
1,2025-01-06,0,0,1,0,0,None,33.4,0.0,15000,799
1,2025-01-06,0,1,1,0,0,None,31.8,0.8,15000,835
1,2025-01-06,0,2,1,0,0,None,18.8,0.1,15000,600
1,2025-01-06,0,3,1,0,0,None,27.9,0.2,15000,700
1,2025-01-06,0,3,1,0,0,None,27.9,0.7,15000,1025
1,2025-01-06,0,4,1,0,1,Major,35.9,2.7,15000,1646
1,2025-01-06,0,5,1,0,0,None,28.3,0.7,15000,1114
1,2025-01-06,0,6,1,0,0,None,27.9,2.7,15000,2438
1,2025-01-06,0,6,1,0,0,None,39.7,0.2,15000,2223
1,2025-01-06,0,7,1,0,1,Minor,32.4,0.0,15000,5637
1,2025-01-06,0,8,1,0,0,None,31.3,2.6,15000,5302
1,2025-01-06,0,8,1,0,0,None,33.4,0.3,15000,5572
1,2025-01-06,0,9,1,0,0,None,21.4,0.0,15000,7123
1,2025-01-06,0,10,1,0,0,None,31.0,0.1,15000,7891
1,2025-01-06,0,11,1,0,0,None,21.9,3.5,15000,7353
1,2025-01-06,0,11,1,0,0,None,23.0,6.5,15000,6359
1,2025-01-06,0,12,1,0,0,None,23.6,1.3,15000,5746
1,2025-01-06,0,13,1,0,0,None,26.4,0.0,15000,4757
1,2025-01-06,0,14,1,0,1,Minor,39.8,0.0,15000,5134
1,2025-01-06,0,14,1,0,0,None,33.9,0.3,15000,3701
1,2025-01-06,0,15,1,0,0,None,21.1,0.0,15000,4876
1,2025-01-06,0,16,1,0,0,None,26.3,0.0,15000,6254
1,2025-01-06,0,17,1,0,0,None,25.2,0.0,15000,8127
1,2025-01-06,0,17,1,0,0,None,26.6,0.0,15000,8145
1,2025-01-06,0,18,1,0,0,None,27.5,0.0,15000,9986
1,2025-01-06,0,19,1,0,0,None,25.2,0.0,15000,10958
1,2025-01-06,0,19,1,0,0,None,28.2,0.2,15000,11045
1,2025-01-06,0,20,1,0,0,None,23.7,2.3,15000,10061
1,2025-01-06,0,21,1,0,1,Major,18.7,2.3,15000,15000
1,2025-01-06,0,22,1,0,0,None,20.8,0.2,15000,5023
1,2025-01-06,0,22,1,0,0,None,30.8,0.2,15000,4915
1,2025-01-06,0,23,1,0,0,None,18.2,3.2,15000,2651
1,2025-01-07,1,0,1,0,0,None,31.9,1.5,15000,874
1,2025-01-07,1,1,1,0,0,None,37.8,0.0,15000,701
1,2025-01-07,1,1,1,0,0,None,20.6,0.0,15000,678
1,2025-01-07,1,2,1,0,1,Major,18.9,0.6,15000,1199
1,2025-01-07,1,3,1,0,0,None,24.7,0.0,15000,644
1,2025-01-07,1,3,1,0,0,None,35.1,0.9,15000,832
1,2025-01-07,1,4,1,0,0,None,26.2,0.2,15000,915
1,2025-01-07,1,5,1,0,0,None,25.3,0.7,15000,1355
1,2025-01-07,1,6,1,0,0,None,19.4,0.1,15000,2276
1,2025-01-07,1,6,1,0,0,None,29.9,0.4,15000,2104
1,2025-01-07,1,7,1,0,0,None,27.5,0.0,15000,3992
1,2025-01-07,1,8,1,0,1,Major,30.0,0.0,15000,11166
1,2025-01-07,1,9,1,0,0,None,18.6,1.4,15000,7327
1,2025-01-07,1,9,1,0,1,Minor,27.9,0.4,15000,10307
1,2025-01-07,1,10,1,0,0,None,19.2,1.7,15000,7847
1,2025-01-07,1,11,1,0,0,None,21.6,0.7,15000,7427
1,2025-01-07,1,11,1,0,0,None,20.4,0.5,15000,7219
1,2025-01-07,1,12,1,0,0,None,31.1,0.9,15000,5831
1,2025-01-07,1,13,1,0,0,None,24.7,0.4,15000,4843
1,2025-01-07,1,14,1,0,0,None,31.1,0.0,15000,4204
1,2025-01-07,1,14,1,0,0,None,29.2,3.9,15000,4141
1,2025-01-07,1,15,1,0,0,None,32.6,1.8,15000,4825
1,2025-01-07,1,16,1,0,0,None,20.0,0.0,15000,6250
1,2025-01-07,1,17,1,0,1,Minor,21.8,1.1,15000,12033
1,2025-01-07,1,17,1,0,1,Minor,29.1,1.5,15000,11455
1,2025-01-07,1,18,1,0,0,None,31.3,0.7,15000,10060
1,2025-01-07,1,19,1,0,0,None,30.6,1.5,15000,11008
1,2025-01-07,1,20,1,0,0,None,33.1,0.2,15000,10106
1,2025-01-07,1,20,1,0,0,None,31.6,4.6,15000,9058
1,2025-01-07,1,21,1,0,0,None,18.6,1.2,15000,7603
1,2025-01-07,1,22,1,0,0,None,25.5,0.0,15000,5025
1,2025-01-07,1,22,1,0,0,None,17.3,1.0,15000,4952
1,2025-01-07,1,23,1,0,0,None,26.2,2.1,15000,2601
1,2025-01-08,2,0,1,0,0,None,38.5,0.0,15000,654
1,2025-01-08,2,1,1,0,0,None,32.8,0.5,15000,951
1,2025-01-08,2,1,1,0,0,None,24.4,0.0,15000,552
1,2025-01-08,2,2,1,0,0,None,24.5,3.8,15000,519
1,2025-01-08,2,3,1,0,0,None,25.1,1.3,15000,338
1,2025-01-08,2,4,1,0,0,None,28.7,0.0,15000,702
1,2025-01-08,2,4,1,0,0,None,38.8,0.6,15000,846
1,2025-01-08,2,5,1,0,1,Minor,25.2,0.0,15000,2019
1,2025-01-08,2,6,1,0,0,None,29.7,0.6,15000,2615
1,2025-01-08,2,6,1,0,1,Minor,18.3,0.0,15000,3282
1,2025-01-08,2,7,1,0,0,None,22.8,0.0,15000,3958
1,2025-01-08,2,8,1,0,0,None,15.0,0.7,15000,5563
1,2025-01-08,2,9,1,0,0,None,33.6,0.6,15000,6946
1,2025-01-08,2,9,1,0,0,None,28.2,0.9,15000,7204
1,2025-01-08,2,10,1,0,0,None,29.0,1.8,15000,8048
1,2025-01-08,2,11,1,0,0,None,32.0,1.3,15000,7535
1,2025-01-08,2,12,1,0,0,None,25.1,1.2,15000,5569
1,2025-01-08,2,12,1,0,0,None,29.1,0.4,15000,5792
1,2025-01-08,2,13,1,0,1,Major,31.1,4.4,15000,8056
1,2025-01-08,2,14,1,0,0,None,30.8,0.5,15000,3936
1,2025-01-08,2,14,1,0,0,None,28.3,0.5,15000,4107
1,2025-01-08,2,15,1,0,0,None,33.0,2.8,15000,4580
1,2025-01-08,2,16,1,0,1,Minor,27.9,0.0,15000,9005
1,2025-01-08,2,17,1,0,0,None,25.2,0.6,15000,8171
1,2025-01-08,2,17,1,0,0,None,24.6,2.1,15000,8163
1,2025-01-08,2,18,1,0,0,None,28.8,0.0,15000,9915
1,2025-01-08,2,19,1,0,1,Major,26.3,1.4,15000,15000
1,2025-01-08,2,20,1,0,0,None,18.5,6.6,15000,8929
1,2025-01-08,2,20,1,0,0,None,20.9,1.5,15000,10198
1,2025-01-08,2,21,1,0,0,None,32.6,0.0,15000,8155
1,2025-01-08,2,22,1,0,0,None,25.9,3.1,15000,4963
1,2025-01-08,2,23,1,0,0,None,20.9,0.0,15000,3048
1,2025-01-08,2,23,1,0,0,None,31.5,0.0,15000,2712
1,2025-01-09,3,0,1,0,0,None,27.4,0.2,15000,838
1,2025-01-09,3,1,1,0,0,None,29.5,0.0,15000,654
1,2025-01-09,3,1,1,0,0,None,30.5,1.8,15000,790
1,2025-01-09,3,2,1,0,0,None,22.3,0.0,15000,608
1,2025-01-09,3,3,1,0,0,None,33.2,0.4,15000,638
1,2025-01-09,3,4,1,0,1,Minor,28.9,0.3,15000,980
1,2025-01-09,3,4,1,0,0,None,23.3,0.6,15000,767
1,2025-01-09,3,5,1,0,0,None,23.8,0.3,15000,1499
1,2025-01-09,3,6,1,0,1,Major,26.1,0.4,15000,4716
1,2025-01-09,3,7,1,0,0,None,32.1,2.0,15000,3763
1,2025-01-09,3,7,1,0,0,None,26.9,0.0,15000,3857
1,2025-01-09,3,8,1,0,0,None,39.0,1.1,15000,5029
1,2025-01-09,3,9,1,0,0,None,22.6,0.1,15000,7156
1,2025-01-09,3,9,1,0,1,Major,26.1,0.0,15000,14168
1,2025-01-09,3,10,1,0,0,None,31.9,0.0,15000,8032
1,2025-01-09,3,11,1,0,0,None,28.4,1.1,15000,7116
1,2025-01-09,3,12,1,0,1,Major,36.1,2.1,15000,11504
1,2025-01-09,3,12,1,0,0,None,24.1,1.6,15000,5916
1,2025-01-09,3,13,1,0,1,Minor,27.6,1.6,15000,7029
1,2025-01-09,3,14,1,0,0,None,29.0,1.2,15000,4572
1,2025-01-09,3,15,1,0,1,Minor,21.8,1.5,15000,6922
1,2025-01-09,3,15,1,0,0,None,41.8,1.1,15000,4241
1,2025-01-09,3,16,1,0,0,None,21.4,1.0,15000,6261
1,2025-01-09,3,17,1,0,1,Minor,32.5,1.2,15000,11783
1,2025-01-09,3,18,1,0,0,None,17.7,0.2,15000,9847
1,2025-01-09,3,18,1,0,0,None,19.2,1.2,15000,10370
1,2025-01-09,3,19,1,0,0,None,18.8,0.7,15000,10896
1,2025-01-09,3,20,1,0,0,None,29.7,0.8,15000,10004
1,2025-01-09,3,20,1,0,0,None,29.0,2.5,15000,10106
1,2025-01-09,3,21,1,0,0,None,28.6,0.4,15000,7867
1,2025-01-09,3,22,1,0,0,None,26.2,0.5,15000,5361
1,2025-01-09,3,23,1,0,0,None,21.2,0.2,15000,2807
1,2025-01-09,3,23,1,0,0,None,31.0,0.1,15000,2525
1,2025-01-10,4,0,1,0,0,None,19.2,0.0,15000,830
1,2025-01-10,4,1,1,0,0,None,16.5,1.7,15000,705
1,2025-01-10,4,2,1,0,0,None,30.2,1.1,15000,299
1,2025-01-10,4,2,1,0,0,None,31.2,0.4,15000,770
1,2025-01-10,4,3,1,0,0,None,28.8,2.0,15000,783
1,2025-01-10,4,4,1,0,0,None,25.4,0.0,15000,670
1,2025-01-10,4,4,1,0,0,None,26.3,2.9,15000,583
1,2025-01-10,4,5,1,0,0,None,24.1,0.0,15000,1321
1,2025-01-10,4,6,1,0,0,None,27.7,2.0,15000,2501
1,2025-01-10,4,7,1,0,0,None,16.5,0.9,15000,4488
1,2025-01-10,4,7,1,0,0,None,22.3,0.9,15000,4075
1,2025-01-10,4,8,1,0,0,None,28.4,0.3,15000,5602
1,2025-01-10,4,9,1,0,0,None,29.7,1.8,15000,6984
1,2025-01-10,4,10,1,0,0,None,26.8,0.8,15000,8280
1,2025-01-10,4,10,1,0,0,None,24.8,2.8,15000,7932
1,2025-01-10,4,11,1,0,0,None,21.6,0.9,15000,7380
1,2025-01-10,4,12,1,0,0,None,23.1,0.9,15000,5773
1,2025-01-10,4,12,1,0,0,None,32.0,1.4,15000,5674
1,2025-01-10,4,13,1,0,0,None,29.8,0.2,15000,4793
1,2025-01-10,4,14,1,0,0,None,32.2,1.3,15000,4282
1,2025-01-10,4,15,1,0,0,None,33.4,0.0,15000,4792
1,2025-01-10,4,15,1,0,0,None,20.6,1.0,15000,4544
1,2025-01-10,4,16,1,0,0,None,19.2,0.2,15000,6105
1,2025-01-10,4,17,1,0,0,None,27.8,0.9,15000,8013
1,2025-01-10,4,18,1,0,0,None,15.8,2.0,15000,9887
1,2025-01-10,4,18,1,0,0,None,24.7,0.1,15000,10006
1,2025-01-10,4,19,1,0,0,None,34.2,0.5,15000,10671
1,2025-01-10,4,20,1,0,0,None,30.4,1.1,15000,10333
1,2025-01-10,4,21,1,0,0,None,25.7,2.7,15000,7990
1,2025-01-10,4,21,1,0,1,Minor,26.1,0.0,15000,11583
1,2025-01-10,4,22,1,0,0,None,22.6,0.0,15000,4992
1,2025-01-10,4,23,1,0,0,None,17.4,0.7,15000,2821
1,2025-01-10,4,23,1,0,0,None,24.0,0.0,15000,2464
1,2025-01-11,5,0,1,1,0,None,22.2,0.5,15000,1225
1,2025-01-11,5,1,1,1,0,None,27.8,0.0,15000,676
1,2025-01-11,5,2,1,1,0,None,34.0,0.6,15000,690
1,2025-01-11,5,2,1,1,1,Minor,29.4,0.7,15000,1045
1,2025-01-11,5,3,1,1,0,None,25.6,0.0,15000,776
1,2025-01-11,5,4,1,1,0,None,32.7,2.4,15000,931
1,2025-01-11,5,5,1,1,0,None,30.7,0.0,15000,1563
1,2025-01-11,5,5,1,1,0,None,36.1,0.0,15000,1540
1,2025-01-11,5,6,1,1,0,None,38.1,0.0,15000,2503
1,2025-01-11,5,7,1,1,0,None,25.2,0.0,15000,5150
1,2025-01-11,5,7,1,1,1,Major,33.1,0.5,15000,10429
1,2025-01-11,5,8,1,1,0,None,34.3,0.4,15000,7018
1,2025-01-11,5,9,1,1,0,None,29.1,0.2,15000,9012
1,2025-01-11,5,10,1,1,0,None,31.9,5.3,15000,9119
1,2025-01-11,5,10,1,1,1,Minor,28.5,0.6,15000,14603
1,2025-01-11,5,11,1,1,0,None,21.5,0.1,15000,9164
1,2025-01-11,5,12,1,1,1,Minor,23.2,1.5,15000,10622
1,2025-01-11,5,13,1,1,0,None,32.2,0.9,15000,6073
1,2025-01-11,5,13,1,1,0,None,21.1,0.9,15000,5832
1,2025-01-11,5,14,1,1,0,None,30.5,1.2,15000,5700
1,2025-01-11,5,15,1,1,0,None,27.5,3.4,15000,6072
1,2025-01-11,5,16,1,1,0,None,22.0,0.5,15000,7998
1,2025-01-11,5,16,1,1,1,Minor,34.9,0.1,15000,11377
1,2025-01-11,5,17,1,1,0,None,24.3,0.0,15000,10165
1,2025-01-11,5,18,1,1,0,None,27.4,1.8,15000,12953
1,2025-01-11,5,18,1,1,0,None,23.3,1.3,15000,12853
1,2025-01-11,5,19,1,1,1,Minor,29.5,1.1,15000,15000
1,2025-01-11,5,20,1,1,1,Minor,21.6,0.1,15000,15000
1,2025-01-11,5,21,1,1,1,Minor,27.4,0.0,15000,14826
1,2025-01-11,5,21,1,1,0,None,37.8,0.5,15000,8717
1,2025-01-11,5,22,1,1,0,None,28.3,1.9,15000,6617
1,2025-01-11,5,23,1,1,0,None,24.8,2.1,15000,3729
1,2025-01-12,6,0,1,1,0,None,29.8,0.0,15000,1234
1,2025-01-12,6,0,1,1,1,Minor,21.1,1.0,15000,1569
1,2025-01-12,6,1,1,1,0,None,27.3,1.7,15000,875
1,2025-01-12,6,2,1,1,0,None,39.3,1.3,15000,565
1,2025-01-12,6,2,1,1,0,None,15.0,0.0,15000,715
1,2025-01-12,6,3,1,1,0,None,29.5,0.3,15000,713
1,2025-01-12,6,4,1,1,0,None,15.0,0.0,15000,1038
1,2025-01-12,6,5,1,1,0,None,29.7,0.9,15000,1458
1,2025-01-12,6,5,1,1,0,None,23.6,5.9,15000,1475
1,2025-01-12,6,6,1,1,1,Minor,24.2,0.0,15000,4417
1,2025-01-12,6,7,1,1,0,None,28.5,0.0,15000,4955
1,2025-01-12,6,8,1,1,0,None,19.3,0.8,15000,7485
1,2025-01-12,6,8,1,1,0,None,21.8,2.2,15000,7283
1,2025-01-12,6,9,1,1,0,None,24.5,0.2,15000,8941
1,2025-01-12,6,10,1,1,0,None,31.4,0.0,15000,10274
1,2025-01-12,6,10,1,1,0,None,25.0,0.0,15000,10134
1,2025-01-12,6,11,1,1,0,None,27.5,0.0,15000,9091
1,2025-01-12,6,12,1,1,1,Major,22.0,0.6,15000,14637
1,2025-01-12,6,13,1,1,0,None,21.0,0.1,15000,6047
1,2025-01-12,6,13,1,1,0,None,15.5,0.2,15000,5974
1,2025-01-12,6,14,1,1,0,None,28.4,3.3,15000,5387
1,2025-01-12,6,15,1,1,0,None,32.7,0.3,15000,5993
1,2025-01-12,6,16,1,1,0,None,26.6,0.8,15000,8050
1,2025-01-12,6,16,1,1,0,None,28.4,0.7,15000,8028
1,2025-01-12,6,17,1,1,1,Minor,21.0,1.2,15000,15000
1,2025-01-12,6,18,1,1,0,None,25.9,0.0,15000,12829
1,2025-01-12,6,19,1,1,0,None,23.0,0.0,15000,14313
1,2025-01-12,6,19,1,1,0,None,30.4,0.0,15000,14288
1,2025-01-12,6,20,1,1,0,None,28.4,1.3,15000,12966
1,2025-01-12,6,21,1,1,0,None,30.0,0.2,15000,10373
1,2025-01-12,6,21,1,1,0,None,28.4,1.4,15000,9970
1,2025-01-12,6,22,1,1,0,None,24.1,3.7,15000,6624
1,2025-01-12,6,23,1,1,0,None,34.3,1.3,15000,3843
1,2025-01-13,0,0,1,0,0,None,22.7,0.1,15000,944
1,2025-01-13,0,0,1,0,0,None,24.0,0.3,15000,649
1,2025-01-13,0,1,1,0,0,None,29.9,0.0,15000,686
1,2025-01-13,0,2,1,0,1,Minor,28.1,0.8,15000,767
1,2025-01-13,0,3,1,0,0,None,28.5,1.8,15000,597
1,2025-01-13,0,3,1,0,0,None,31.2,0.3,15000,403
1,2025-01-13,0,4,1,0,0,None,31.4,0.9,15000,902
1,2025-01-13,0,5,1,0,0,None,28.6,2.9,15000,1325
1,2025-01-13,0,5,1,0,1,Minor,26.5,1.2,15000,1898
1,2025-01-13,0,6,1,0,0,None,27.2,1.8,15000,2151
1,2025-01-13,0,7,1,0,0,None,38.5,0.5,15000,3678
1,2025-01-13,0,8,1,0,0,None,36.1,2.1,15000,5832
1,2025-01-13,0,8,1,0,0,None,23.9,0.3,15000,5806
1,2025-01-13,0,9,1,0,1,Major,31.1,5.4,15000,12417
1,2025-01-13,0,10,1,0,1,Minor,33.4,0.0,15000,11407
1,2025-01-13,0,11,1,0,0,None,30.6,0.0,15000,7520
1,2025-01-13,0,11,1,0,0,None,28.4,0.0,15000,7521
1,2025-01-13,0,12,1,0,0,None,19.8,0.0,15000,5520
1,2025-01-13,0,13,1,0,0,None,22.9,1.1,15000,4353
1,2025-01-13,0,13,1,0,0,None,18.5,0.2,15000,4992
1,2025-01-13,0,14,1,0,0,None,32.8,0.0,15000,4076
1,2025-01-13,0,15,1,0,0,None,38.1,0.0,15000,4205
1,2025-01-13,0,16,1,0,0,None,36.3,0.7,15000,6499
1,2025-01-13,0,16,1,0,0,None,23.9,1.7,15000,6309
1,2025-01-13,0,17,1,0,0,None,32.6,1.1,15000,8023
1,2025-01-13,0,18,1,0,0,None,15.0,0.0,15000,10154
1,2025-01-13,0,19,1,0,0,None,22.8,0.0,15000,10975
1,2025-01-13,0,19,1,0,0,None,27.9,0.3,15000,11103
1,2025-01-13,0,20,1,0,0,None,25.3,0.2,15000,10277
1,2025-01-13,0,21,1,0,0,None,33.0,0.7,15000,7571
1,2025-01-13,0,22,1,0,0,None,19.9,0.0,15000,4958
1,2025-01-13,0,22,1,0,1,Major,24.4,0.5,15000,10478
1,2025-01-13,0,23,1,0,0,None,32.2,1.8,15000,2714
1,2025-01-14,1,0,1,0,0,None,26.0,0.4,15000,1130
1,2025-01-14,1,0,1,0,0,None,28.0,0.4,15000,811
1,2025-01-14,1,1,1,0,0,None,31.5,0.0,15000,800
1,2025-01-14,1,2,1,0,0,None,29.0,0.9,15000,446
1,2025-01-14,1,3,1,0,0,None,22.1,0.0,15000,389
1,2025-01-14,1,3,1,0,0,None,22.8,1.3,15000,383
1,2025-01-14,1,4,1,0,0,None,24.4,0.0,15000,767
1,2025-01-14,1,5,1,0,0,None,27.5,0.2,15000,1116
1,2025-01-14,1,6,1,0,0,None,28.2,0.6,15000,2435
1,2025-01-14,1,6,1,0,0,None,26.5,0.0,15000,2311
1,2025-01-14,1,7,1,0,0,None,21.4,0.6,15000,4062
1,2025-01-14,1,8,1,0,0,None,27.4,0.1,15000,5782
1,2025-01-14,1,8,1,0,1,Minor,24.9,0.0,15000,8196
1,2025-01-14,1,9,1,0,0,None,32.1,0.0,15000,7629
1,2025-01-14,1,10,1,0,0,None,25.5,1.1,15000,7947
1,2025-01-14,1,11,1,0,0,None,26.6,0.4,15000,7110
1,2025-01-14,1,11,1,0,0,None,24.8,0.2,15000,7621
1,2025-01-14,1,12,1,0,0,None,23.4,0.5,15000,5733
1,2025-01-14,1,13,1,0,0,None,23.8,1.5,15000,4719
1,2025-01-14,1,14,1,0,0,None,23.5,0.1,15000,4088
1,2025-01-14,1,14,1,0,0,None,19.8,2.1,15000,4197
1,2025-01-14,1,15,1,0,0,None,25.2,0.3,15000,4932
1,2025-01-14,1,16,1,0,0,None,26.7,2.5,15000,6027
1,2025-01-14,1,16,1,0,0,None,22.1,0.9,15000,6159
1,2025-01-14,1,17,1,0,0,None,33.5,3.6,15000,8037
1,2025-01-14,1,18,1,0,0,None,17.8,1.5,15000,10046
1,2025-01-14,1,19,1,0,0,None,32.9,0.2,15000,11096
1,2025-01-14,1,19,1,0,0,None,20.9,1.0,15000,11021
1,2025-01-14,1,20,1,0,0,None,31.2,2.4,15000,10153
1,2025-01-14,1,21,1,0,0,None,24.3,2.3,15000,7827
1,2025-01-14,1,22,1,0,0,None,26.0,0.7,15000,4960
1,2025-01-14,1,22,1,0,1,Minor,28.0,0.4,15000,7539
1,2025-01-14,1,23,1,0,0,None,28.3,0.9,15000,2741
1,2025-01-15,2,0,1,0,0,None,21.1,0.0,15000,834
1,2025-01-15,2,1,1,0,0,None,36.0,2.3,15000,700
1,2025-01-15,2,1,1,0,1,Minor,23.0,1.9,15000,1064
1,2025-01-15,2,2,1,0,0,None,36.0,0.1,15000,613
1,2025-01-15,2,3,1,0,0,None,26.2,0.1,15000,785
1,2025-01-15,2,3,1,0,0,None,24.5,0.0,15000,728
1,2025-01-15,2,4,1,0,0,None,24.2,0.1,15000,696
1,2025-01-15,2,5,1,0,0,None,30.8,0.8,15000,1546
1,2025-01-15,2,6,1,0,0,None,26.5,4.2,15000,2350
1,2025-01-15,2,6,1,0,0,None,28.9,0.1,15000,2277
1,2025-01-15,2,7,1,0,0,None,25.0,1.8,15000,4054
1,2025-01-15,2,8,1,0,0,None,33.9,0.5,15000,5902
1,2025-01-15,2,9,1,0,0,None,32.1,2.9,15000,6912
1,2025-01-15,2,9,1,0,0,None,30.6,0.9,15000,7270
1,2025-01-15,2,10,1,0,0,None,28.4,0.6,15000,8037
1,2025-01-15,2,11,1,0,1,Minor,18.5,2.0,15000,10117
1,2025-01-15,2,11,1,0,0,None,28.3,0.0,15000,7248
1,2025-01-15,2,12,1,0,0,None,25.9,1.9,15000,5795
1,2025-01-15,2,13,1,0,0,None,28.0,1.6,15000,4787
1,2025-01-15,2,14,1,0,1,Major,31.4,0.0,15000,8265
1,2025-01-15,2,14,1,0,0,None,28.7,0.5,15000,4063
1,2025-01-15,2,15,1,0,1,Minor,17.6,0.7,15000,6964
1,2025-01-15,2,16,1,0,0,None,32.3,0.0,15000,6004
1,2025-01-15,2,17,1,0,0,None,29.1,0.7,15000,8301
1,2025-01-15,2,17,1,0,0,None,30.7,0.0,15000,8023
1,2025-01-15,2,18,1,0,0,None,23.3,1.7,15000,10016
1,2025-01-15,2,19,1,0,0,None,28.3,1.7,15000,11115
1,2025-01-15,2,20,1,0,0,None,30.3,0.3,15000,10713
1,2025-01-15,2,20,1,0,0,None,34.4,0.7,15000,10166
1,2025-01-15,2,21,1,0,0,None,37.5,0.8,15000,6769
1,2025-01-15,2,22,1,0,0,None,21.9,0.5,15000,5310
1,2025-01-15,2,22,1,0,1,Minor,25.7,0.9,15000,7064
1,2025-01-15,2,23,1,0,0,None,34.4,0.4,15000,2860
1,2025-01-16,3,0,1,0,0,None,26.5,0.1,15000,846
1,2025-01-16,3,1,1,0,0,None,25.9,0.0,15000,287
1,2025-01-16,3,1,1,0,0,None,22.5,0.5,15000,539
1,2025-01-16,3,2,1,0,1,Major,32.4,0.6,15000,996
1,2025-01-16,3,3,1,0,0,None,28.9,0.2,15000,517
1,2025-01-16,3,4,1,0,1,Minor,22.6,0.1,15000,1164
1,2025-01-16,3,4,1,0,0,None,26.9,1.1,15000,963
1,2025-01-16,3,5,1,0,0,None,25.0,0.2,15000,1202
1,2025-01-16,3,6,1,0,0,None,31.2,1.1,15000,2387
1,2025-01-16,3,6,1,0,0,None,31.6,3.3,15000,2322
1,2025-01-16,3,7,1,0,0,None,27.7,1.0,15000,3849
1,2025-01-16,3,8,1,0,1,Minor,22.8,0.2,15000,7896
1,2025-01-16,3,9,1,0,1,Minor,34.6,0.0,15000,10279
1,2025-01-16,3,9,1,0,1,Minor,29.6,0.9,15000,10337
1,2025-01-16,3,10,1,0,0,None,32.9,0.0,15000,7607
1,2025-01-16,3,11,1,0,0,None,28.0,2.1,15000,7396
1,2025-01-16,3,12,1,0,0,None,27.3,0.0,15000,5585
1,2025-01-16,3,12,1,0,1,Major,18.5,0.4,15000,11323
1,2025-01-16,3,13,1,0,0,None,17.2,1.2,15000,4861
1,2025-01-16,3,14,1,0,0,None,29.4,0.3,15000,4332
1,2025-01-16,3,14,1,0,0,None,22.3,1.5,15000,3982
1,2025-01-16,3,15,1,0,0,None,29.6,1.9,15000,4927
1,2025-01-16,3,16,1,0,0,None,17.9,0.6,15000,6035
1,2025-01-16,3,17,1,0,0,None,34.9,1.0,15000,8280
1,2025-01-16,3,17,1,0,0,None,25.7,0.0,15000,7921
1,2025-01-16,3,18,1,0,0,None,22.2,0.0,15000,9932
1,2025-01-16,3,19,1,0,0,None,19.9,0.0,15000,11218
1,2025-01-16,3,20,1,0,0,None,32.6,0.7,15000,10016
1,2025-01-16,3,20,1,0,0,None,36.5,0.0,15000,10146
1,2025-01-16,3,21,1,0,0,None,27.0,3.6,15000,7834
1,2025-01-16,3,22,1,0,0,None,21.5,0.0,15000,5104
1,2025-01-16,3,23,1,0,0,None,18.0,2.4,15000,2686
1,2025-01-16,3,23,1,0,1,Minor,26.5,2.2,15000,4028
1,2025-01-17,4,0,1,0,0,None,19.3,0.1,15000,612
1,2025-01-17,4,1,1,0,0,None,27.9,0.5,15000,447
1,2025-01-17,4,1,1,0,0,None,25.9,0.0,15000,880
1,2025-01-17,4,2,1,0,0,None,20.7,3.7,15000,394
1,2025-01-17,4,3,1,0,0,None,31.8,0.0,15000,221
1,2025-01-17,4,4,1,0,0,None,26.0,0.2,15000,1190
1,2025-01-17,4,4,1,0,0,None,28.5,0.6,15000,931
1,2025-01-17,4,5,1,0,0,None,24.8,0.0,15000,1090
1,2025-01-17,4,6,1,0,0,None,19.4,3.6,15000,2463
1,2025-01-17,4,7,1,0,0,None,28.3,2.0,15000,4278
1,2025-01-17,4,7,1,0,0,None,25.2,1.5,15000,4010
1,2025-01-17,4,8,1,0,0,None,26.4,4.4,15000,4822
1,2025-01-17,4,9,1,0,0,None,28.3,0.2,15000,7338
1,2025-01-17,4,9,1,0,0,None,30.2,0.2,15000,7019
1,2025-01-17,4,10,1,0,0,None,40.6,2.0,15000,6921
1,2025-01-17,4,11,1,0,0,None,33.0,1.3,15000,7199
1,2025-01-17,4,12,1,0,0,None,32.8,2.3,15000,5683
1,2025-01-17,4,12,1,0,1,Minor,26.3,0.5,15000,8474
1,2025-01-17,4,13,1,0,0,None,36.8,1.1,15000,4686
1,2025-01-17,4,14,1,0,0,None,25.0,0.1,15000,4045
1,2025-01-17,4,15,1,0,0,None,22.5,3.4,15000,4716
1,2025-01-17,4,15,1,0,1,Major,24.3,0.0,15000,9834
1,2025-01-17,4,16,1,0,0,None,29.6,0.0,15000,6288
1,2025-01-17,4,17,1,0,0,None,30.5,1.3,15000,8352
1,2025-01-17,4,18,1,0,0,None,23.2,0.4,15000,10048
1,2025-01-17,4,18,1,0,1,Minor,18.8,0.0,15000,14220
1,2025-01-17,4,19,1,0,0,None,27.5,3.1,15000,10975
1,2025-01-17,4,20,1,0,1,Minor,27.2,0.0,15000,14943
1,2025-01-17,4,20,1,0,1,Minor,34.3,1.1,15000,14834
1,2025-01-17,4,21,1,0,1,Minor,26.2,0.0,15000,11356
1,2025-01-17,4,22,1,0,0,None,31.4,2.8,15000,5056
1,2025-01-17,4,23,1,0,0,None,25.6,0.4,15000,2864
1,2025-01-17,4,23,1,0,0,None,27.4,0.7,15000,2754
1,2025-01-18,5,0,1,1,0,None,22.7,2.2,15000,1186
1,2025-01-18,5,1,1,1,0,None,37.9,0.8,15000,511
1,2025-01-18,5,2,1,1,1,Minor,21.5,1.1,15000,1161
1,2025-01-18,5,2,1,1,0,None,28.2,0.5,15000,950
1,2025-01-18,5,3,1,1,0,None,23.3,0.4,15000,864
1,2025-01-18,5,4,1,1,0,None,28.7,0.0,15000,815
1,2025-01-18,5,4,1,1,0,None,23.9,0.0,15000,988
1,2025-01-18,5,5,1,1,0,None,22.7,0.0,15000,1892
1,2025-01-18,5,6,1,1,0,None,30.6,0.1,15000,3009
1,2025-01-18,5,7,1,1,0,None,26.2,2.5,15000,5238
1,2025-01-18,5,7,1,1,0,None,26.7,0.2,15000,5425
1,2025-01-18,5,8,1,1,0,None,29.6,0.9,15000,7174
1,2025-01-18,5,9,1,1,0,None,21.7,0.0,15000,9342
1,2025-01-18,5,10,1,1,0,None,24.8,0.1,15000,10162
1,2025-01-18,5,10,1,1,0,None,15.0,0.3,15000,10140
1,2025-01-18,5,11,1,1,0,None,20.0,0.0,15000,9037
1,2025-01-18,5,12,1,1,0,None,33.2,1.9,15000,7263
1,2025-01-18,5,12,1,1,0,None,25.1,2.1,15000,7700
1,2025-01-18,5,13,1,1,0,None,31.9,0.0,15000,6342
1,2025-01-18,5,14,1,1,0,None,33.4,0.1,15000,5496
1,2025-01-18,5,15,1,1,0,None,34.7,0.0,15000,6058
1,2025-01-18,5,15,1,1,0,None,22.6,0.0,15000,5940
1,2025-01-18,5,16,1,1,1,Minor,18.3,1.8,15000,11454
1,2025-01-18,5,17,1,1,1,Major,19.4,0.0,15000,15000
1,2025-01-18,5,18,1,1,1,Minor,25.9,0.2,15000,15000
1,2025-01-18,5,18,1,1,0,None,26.6,0.3,15000,12815
1,2025-01-18,5,19,1,1,0,None,37.1,0.0,15000,12429
1,2025-01-18,5,20,1,1,0,None,27.6,4.1,15000,11801
1,2025-01-18,5,21,1,1,1,Minor,25.8,0.0,15000,14734
1,2025-01-18,5,21,1,1,1,Major,31.9,0.5,15000,15000
1,2025-01-18,5,22,1,1,0,None,31.9,4.0,15000,5580
1,2025-01-18,5,23,1,1,0,None,30.4,0.3,15000,3641
1,2025-01-18,5,23,1,1,0,None,25.0,0.0,15000,3487
1,2025-01-19,6,0,1,1,0,None,35.4,0.4,15000,1107
1,2025-01-19,6,1,1,1,1,Minor,29.7,0.0,15000,1234
1,2025-01-19,6,2,1,1,0,None,23.7,0.0,15000,596
1,2025-01-19,6,2,1,1,0,None,29.0,0.0,15000,958
1,2025-01-19,6,3,1,1,0,None,20.5,0.9,15000,988
1,2025-01-19,6,4,1,1,0,None,30.2,0.0,15000,942
1,2025-01-19,6,5,1,1,0,None,28.7,0.0,15000,1801
1,2025-01-19,6,5,1,1,0,None,21.6,3.4,15000,1661
1,2025-01-19,6,6,1,1,0,None,27.0,1.0,15000,2804
1,2025-01-19,6,7,1,1,1,Minor,31.2,0.3,15000,7238
1,2025-01-19,6,7,1,1,0,None,24.2,0.0,15000,5053
1,2025-01-19,6,8,1,1,0,None,29.2,0.0,15000,7388
1,2025-01-19,6,9,1,1,0,None,27.2,0.0,15000,9211
1,2025-01-19,6,10,1,1,0,None,23.4,0.8,15000,10165
1,2025-01-19,6,10,1,1,0,None,29.7,2.5,15000,10032
1,2025-01-19,6,11,1,1,0,None,27.1,4.1,15000,8280
1,2025-01-19,6,12,1,1,0,None,26.6,1.1,15000,7097
1,2025-01-19,6,13,1,1,0,None,34.0,0.0,15000,6265
1,2025-01-19,6,13,1,1,0,None,27.0,0.0,15000,6335
1,2025-01-19,6,14,1,1,1,Major,30.1,0.0,15000,10663
1,2025-01-19,6,15,1,1,0,None,23.5,1.9,15000,6000
1,2025-01-19,6,15,1,1,0,None,26.2,0.0,15000,6038
1,2025-01-19,6,16,1,1,0,None,23.0,0.0,15000,7945
1,2025-01-19,6,17,1,1,0,None,20.3,1.3,15000,10130
1,2025-01-19,6,18,1,1,0,None,27.5,0.1,15000,12918
1,2025-01-19,6,18,1,1,0,None,29.0,0.1,15000,12528
1,2025-01-19,6,19,1,1,0,None,23.4,2.6,15000,13972
1,2025-01-19,6,20,1,1,1,Minor,19.4,0.0,15000,15000
1,2025-01-19,6,21,1,1,1,Minor,28.1,0.0,15000,14665
1,2025-01-19,6,21,1,1,0,None,19.3,0.6,15000,10494
1,2025-01-19,6,22,1,1,0,None,23.0,0.1,15000,6790
1,2025-01-19,6,23,1,1,0,None,34.1,0.4,15000,3447
1,2025-01-20,0,0,1,0,0,None,29.0,0.0,15000,641
1,2025-01-20,0,0,1,0,0,None,25.2,0.0,15000,959
1,2025-01-20,0,1,1,0,1,Minor,27.1,0.2,15000,1084
1,2025-01-20,0,2,1,0,0,None,24.6,1.0,15000,722
1,2025-01-20,0,2,1,0,0,None,22.2,2.1,15000,626
1,2025-01-20,0,3,1,0,0,None,24.1,0.0,15000,250
1,2025-01-20,0,4,1,0,1,Minor,30.5,0.0,15000,655
1,2025-01-20,0,5,1,0,0,None,23.3,0.0,15000,1135
1,2025-01-20,0,5,1,0,0,None,33.1,1.9,15000,1467
1,2025-01-20,0,6,1,0,0,None,21.7,1.1,15000,2204
1,2025-01-20,0,7,1,0,0,None,24.7,2.4,15000,3755
1,2025-01-20,0,8,1,0,0,None,34.3,0.9,15000,5410
1,2025-01-20,0,8,1,0,1,Minor,36.0,0.0,15000,8362
1,2025-01-20,0,9,1,0,0,None,29.8,0.0,15000,7168
1,2025-01-20,0,10,1,0,0,None,19.1,1.1,15000,8062
1,2025-01-20,0,10,1,0,0,None,27.2,0.5,15000,7747
1,2025-01-20,0,11,1,0,0,None,32.4,0.3,15000,7439
1,2025-01-20,0,12,1,0,0,None,32.4,2.0,15000,5886
1,2025-01-20,0,13,1,0,0,None,24.3,0.1,15000,4827
1,2025-01-20,0,13,1,0,0,None,32.3,0.6,15000,4898
1,2025-01-20,0,14,1,0,0,None,15.0,0.0,15000,4166
1,2025-01-20,0,15,1,0,0,None,23.4,0.0,15000,5099
1,2025-01-20,0,16,1,0,0,None,26.7,0.0,15000,6241
1,2025-01-20,0,16,1,0,0,None,28.0,3.7,15000,6397
1,2025-01-20,0,17,1,0,1,Minor,36.1,2.0,15000,11810
1,2025-01-20,0,18,1,0,0,None,28.2,0.2,15000,10259
1,2025-01-20,0,18,1,0,0,None,21.4,2.1,15000,9827
1,2025-01-20,0,19,1,0,0,None,23.8,0.8,15000,11138
1,2025-01-20,0,20,1,0,0,None,27.3,0.0,15000,10114
1,2025-01-20,0,21,1,0,0,None,33.2,0.1,15000,7647
1,2025-01-20,0,21,1,0,0,None,23.6,1.4,15000,7892
1,2025-01-20,0,22,1,0,0,None,36.1,0.1,15000,5051
1,2025-01-20,0,23,1,0,1,Minor,29.7,0.8,15000,3959
1,2025-01-21,1,0,1,0,0,None,21.1,0.3,15000,973
1,2025-01-21,1,0,1,0,0,None,25.5,0.0,15000,784
1,2025-01-21,1,1,1,0,0,None,20.4,3.8,15000,673
1,2025-01-21,1,2,1,0,1,Minor,34.6,1.1,15000,687
1,2025-01-21,1,3,1,0,0,None,21.5,0.0,15000,250
1,2025-01-21,1,3,1,0,0,None,18.3,0.0,15000,526
1,2025-01-21,1,4,1,0,0,None,27.4,0.0,15000,841
1,2025-01-21,1,5,1,0,1,Minor,26.6,0.0,15000,1947
1,2025-01-21,1,5,1,0,0,None,34.5,0.0,15000,1544
1,2025-01-21,1,6,1,0,1,Major,32.9,0.7,15000,5022
1,2025-01-21,1,7,1,0,0,None,30.3,2.0,15000,3683
1,2025-01-21,1,8,1,0,0,None,25.9,0.7,15000,5769
1,2025-01-21,1,8,1,0,0,None,22.7,0.0,15000,6025
1,2025-01-21,1,9,1,0,0,None,25.4,3.4,15000,6857
1,2025-01-21,1,10,1,0,0,None,25.1,0.9,15000,7995
1,2025-01-21,1,11,1,0,0,None,22.7,1.3,15000,7234
1,2025-01-21,1,11,1,0,0,None,19.0,0.3,15000,7180
1,2025-01-21,1,12,1,0,0,None,27.1,0.7,15000,5704
1,2025-01-21,1,13,1,0,0,None,31.0,0.0,15000,4554
1,2025-01-21,1,13,1,0,0,None,28.8,0.0,15000,4832
1,2025-01-21,1,14,1,0,0,None,23.5,0.0,15000,4023
1,2025-01-21,1,15,1,0,1,Minor,35.5,0.7,15000,6963
1,2025-01-21,1,16,1,0,0,None,29.0,1.7,15000,6241
1,2025-01-21,1,16,1,0,0,None,20.0,0.8,15000,6197
1,2025-01-21,1,17,1,0,0,None,27.8,0.0,15000,8448
1,2025-01-21,1,18,1,0,0,None,27.8,0.5,15000,10147
1,2025-01-21,1,19,1,0,0,None,31.1,0.9,15000,10951
1,2025-01-21,1,19,1,0,0,None,37.7,0.0,15000,9544
1,2025-01-21,1,20,1,0,0,None,18.9,0.9,15000,9863
1,2025-01-21,1,21,1,0,0,None,24.6,0.0,15000,7600
1,2025-01-21,1,22,1,0,0,None,23.5,0.4,15000,5170
1,2025-01-21,1,22,1,0,0,None,28.3,0.2,15000,5102
1,2025-01-21,1,23,1,0,0,None,23.5,0.0,15000,2661
1,2025-01-22,2,0,1,0,1,Minor,29.7,2.2,15000,1089
1,2025-01-22,2,0,1,0,0,None,23.5,0.0,15000,939
1,2025-01-22,2,1,1,0,0,None,27.5,0.5,15000,361
1,2025-01-22,2,2,1,0,0,None,32.2,1.5,15000,465
1,2025-01-22,2,3,1,0,0,None,21.3,0.4,15000,304
1,2025-01-22,2,3,1,0,0,None,32.3,0.4,15000,164
1,2025-01-22,2,4,1,0,0,None,29.1,1.8,15000,922
1,2025-01-22,2,5,1,0,0,None,25.1,0.7,15000,1606
1,2025-01-22,2,6,1,0,0,None,22.1,1.0,15000,2516
1,2025-01-22,2,6,1,0,0,None,27.6,0.0,15000,2734
1,2025-01-22,2,7,1,0,1,Minor,25.6,0.1,15000,5818
1,2025-01-22,2,8,1,0,1,Minor,27.5,0.7,15000,8019
1,2025-01-22,2,8,1,0,0,None,26.3,0.0,15000,5613
1,2025-01-22,2,9,1,0,0,None,27.6,0.6,15000,7230
1,2025-01-22,2,10,1,0,0,None,33.7,1.0,15000,7500
1,2025-01-22,2,11,1,0,0,None,27.0,0.2,15000,7026
1,2025-01-22,2,11,1,0,0,None,29.7,0.0,15000,7659
1,2025-01-22,2,12,1,0,0,None,25.3,0.0,15000,5577
1,2025-01-22,2,13,1,0,0,None,24.6,2.3,15000,4498
1,2025-01-22,2,14,1,0,0,None,15.0,0.0,15000,4226
1,2025-01-22,2,14,1,0,0,None,26.8,0.6,15000,4042
1,2025-01-22,2,15,1,0,0,None,21.5,0.0,15000,4990
1,2025-01-22,2,16,1,0,0,None,33.2,1.7,15000,6183
1,2025-01-22,2,16,1,0,0,None,16.6,1.5,15000,6126
1,2025-01-22,2,17,1,0,0,None,28.7,2.2,15000,8086
1,2025-01-22,2,18,1,0,0,None,26.1,1.6,15000,9884
1,2025-01-22,2,19,1,0,0,None,25.6,0.5,15000,11169
1,2025-01-22,2,19,1,0,0,None,28.0,0.0,15000,10899
1,2025-01-22,2,20,1,0,0,None,25.5,6.6,15000,9244
1,2025-01-22,2,21,1,0,0,None,21.6,0.1,15000,7796
1,2025-01-22,2,22,1,0,0,None,26.1,0.3,15000,5058
1,2025-01-22,2,22,1,0,0,None,33.4,0.0,15000,5344
1,2025-01-22,2,23,1,0,0,None,26.0,0.0,15000,3129
1,2025-01-23,3,0,1,0,0,None,28.3,0.0,15000,1152
1,2025-01-23,3,1,1,0,0,None,34.0,1.3,15000,734
1,2025-01-23,3,1,1,0,0,None,21.3,0.9,15000,670
1,2025-01-23,3,2,1,0,0,None,23.4,0.0,15000,645
1,2025-01-23,3,3,1,0,0,None,28.8,1.3,15000,589
1,2025-01-23,3,3,1,0,0,None,30.9,0.6,15000,605
1,2025-01-23,3,4,1,0,0,None,26.5,1.1,15000,550
1,2025-01-23,3,5,1,0,0,None,23.8,0.0,15000,1138
1,2025-01-23,3,6,1,0,0,None,31.3,0.4,15000,2391
1,2025-01-23,3,6,1,0,0,None,28.1,0.2,15000,2333
1,2025-01-23,3,7,1,0,0,None,32.5,0.0,15000,4067
1,2025-01-23,3,8,1,0,0,None,27.5,0.8,15000,5710
1,2025-01-23,3,9,1,0,0,None,22.9,1.0,15000,7040
1,2025-01-23,3,9,1,0,0,None,19.4,0.9,15000,7261
1,2025-01-23,3,10,1,0,0,None,30.6,0.0,15000,8056
1,2025-01-23,3,11,1,0,1,Minor,22.3,0.3,15000,10785
1,2025-01-23,3,11,1,0,1,Major,25.3,0.6,15000,14608
1,2025-01-23,3,12,1,0,1,Minor,20.8,2.3,15000,8503
1,2025-01-23,3,13,1,0,0,None,30.4,6.3,15000,4109
1,2025-01-23,3,14,1,0,0,None,24.7,0.6,15000,4296
1,2025-01-23,3,14,1,0,1,Minor,32.8,1.6,15000,5914
1,2025-01-23,3,15,1,0,0,None,26.5,0.0,15000,4749
1,2025-01-23,3,16,1,0,1,Major,33.1,0.6,15000,12212
1,2025-01-23,3,17,1,0,0,None,21.0,0.0,15000,8264
1,2025-01-23,3,17,1,0,0,None,33.7,0.0,15000,8253
1,2025-01-23,3,18,1,0,0,None,32.4,0.8,15000,10373
1,2025-01-23,3,19,1,0,0,None,35.2,5.2,15000,9995
1,2025-01-23,3,20,1,0,0,None,35.8,0.2,15000,10141
1,2025-01-23,3,20,1,0,0,None,30.5,2.8,15000,10258
1,2025-01-23,3,21,1,0,0,None,19.6,6.1,15000,6995
1,2025-01-23,3,22,1,0,0,None,32.6,1.1,15000,5268
1,2025-01-23,3,22,1,0,0,None,26.7,0.9,15000,5052
1,2025-01-23,3,23,1,0,0,None,29.8,0.0,15000,2721
1,2025-01-24,4,0,1,0,0,None,32.6,0.9,15000,1073
1,2025-01-24,4,1,1,0,0,None,29.0,0.7,15000,476
1,2025-01-24,4,1,1,0,0,None,25.0,0.9,15000,987
1,2025-01-24,4,2,1,0,0,None,29.6,1.0,15000,789
1,2025-01-24,4,3,1,0,0,None,22.1,0.2,15000,1101
1,2025-01-24,4,4,1,0,0,None,18.7,2.7,15000,866
1,2025-01-24,4,4,1,0,0,None,18.3,0.0,15000,970
1,2025-01-24,4,5,1,0,1,Major,23.0,0.7,15000,2613
1,2025-01-24,4,6,1,0,0,None,28.7,0.0,15000,2563
1,2025-01-24,4,6,1,0,0,None,26.2,1.2,15000,2458
1,2025-01-24,4,7,1,0,0,None,28.4,0.4,15000,3973
1,2025-01-24,4,8,1,0,0,None,26.1,0.0,15000,5632
1,2025-01-24,4,9,1,0,0,None,28.7,2.9,15000,7205
1,2025-01-24,4,9,1,0,1,Minor,23.7,0.0,15000,10335
1,2025-01-24,4,10,1,0,0,None,18.4,0.0,15000,7878
1,2025-01-24,4,11,1,0,0,None,18.5,1.5,15000,7176
1,2025-01-24,4,12,1,0,0,None,21.9,0.0,15000,5582
1,2025-01-24,4,12,1,0,0,None,33.8,0.0,15000,5515
1,2025-01-24,4,13,1,0,0,None,25.1,0.1,15000,4789
1,2025-01-24,4,14,1,0,0,None,17.4,0.6,15000,4152
1,2025-01-24,4,14,1,0,0,None,28.2,0.4,15000,3988
1,2025-01-24,4,15,1,0,0,None,19.9,0.4,15000,4980
1,2025-01-24,4,16,1,0,1,Minor,17.6,1.7,15000,8861
1,2025-01-24,4,17,1,0,1,Minor,21.1,1.1,15000,11385
1,2025-01-24,4,17,1,0,0,None,32.6,2.0,15000,8262
1,2025-01-24,4,18,1,0,0,None,33.1,5.1,15000,8833
1,2025-01-24,4,19,1,0,0,None,21.1,0.4,15000,10910
1,2025-01-24,4,20,1,0,0,None,15.0,1.8,15000,9965
1,2025-01-24,4,20,1,0,0,None,25.6,0.1,15000,10419
1,2025-01-24,4,21,1,0,0,None,24.5,0.0,15000,7982
1,2025-01-24,4,22,1,0,0,None,28.3,0.6,15000,4944
1,2025-01-24,4,23,1,0,0,None,20.8,0.6,15000,2868
1,2025-01-24,4,23,1,0,0,None,22.5,0.6,15000,2822
1,2025-01-25,5,0,1,1,0,None,22.5,0.0,15000,997
1,2025-01-25,5,1,1,1,0,None,28.9,3.8,15000,810
1,2025-01-25,5,1,1,1,0,None,25.2,1.5,15000,665
1,2025-01-25,5,2,1,1,0,None,27.6,1.8,15000,551
1,2025-01-25,5,3,1,1,0,None,29.6,0.0,15000,527
1,2025-01-25,5,4,1,1,0,None,25.2,0.0,15000,1082
1,2025-01-25,5,4,1,1,1,Major,28.5,0.8,15000,2038
1,2025-01-25,5,5,1,1,0,None,26.3,0.1,15000,1476
1,2025-01-25,5,6,1,1,1,Minor,31.1,0.0,15000,4486
1,2025-01-25,5,7,1,1,0,None,23.7,2.5,15000,4936
1,2025-01-25,5,7,1,1,0,None,35.0,0.0,15000,5031
1,2025-01-25,5,8,1,1,0,None,36.7,8.9,15000,6190
1,2025-01-25,5,9,1,1,0,None,32.9,0.0,15000,9086
1,2025-01-25,5,9,1,1,1,Major,24.0,0.5,15000,15000
1,2025-01-25,5,10,1,1,0,None,27.1,0.4,15000,10297
1,2025-01-25,5,11,1,1,1,Minor,27.3,0.3,15000,13382
1,2025-01-25,5,12,1,1,0,None,19.2,0.0,15000,7267
1,2025-01-25,5,12,1,1,0,None,28.2,0.0,15000,7160
1,2025-01-25,5,13,1,1,0,None,33.1,0.2,15000,5966
1,2025-01-25,5,14,1,1,0,None,28.6,0.0,15000,5270
1,2025-01-25,5,15,1,1,0,None,30.7,0.2,15000,6215
1,2025-01-25,5,15,1,1,1,Minor,34.7,0.0,15000,9007
1,2025-01-25,5,16,1,1,0,None,29.5,0.0,15000,7920
1,2025-01-25,5,17,1,1,0,None,21.1,1.9,15000,10625
1,2025-01-25,5,17,1,1,0,None,28.7,0.0,15000,10515
1,2025-01-25,5,18,1,1,0,None,32.0,0.8,15000,12999
1,2025-01-25,5,19,1,1,0,None,21.6,0.0,15000,13849
1,2025-01-25,5,20,1,1,0,None,22.9,1.8,15000,12869
1,2025-01-25,5,20,1,1,0,None,24.7,2.8,15000,12886
1,2025-01-25,5,21,1,1,1,Minor,21.5,3.7,15000,14753
1,2025-01-25,5,22,1,1,0,None,18.8,0.4,15000,6619
1,2025-01-25,5,23,1,1,0,None,31.1,0.6,15000,3666
1,2025-01-25,5,23,1,1,0,None,29.8,0.0,15000,3645
1,2025-01-26,6,0,1,1,1,Major,30.2,0.2,15000,2051
1,2025-01-26,6,1,1,1,0,None,25.6,1.0,15000,951
1,2025-01-26,6,2,1,1,0,None,24.5,0.1,15000,615
1,2025-01-26,6,2,1,1,0,None,28.1,0.0,15000,1012
1,2025-01-26,6,3,1,1,0,None,30.9,0.3,15000,411
1,2025-01-26,6,4,1,1,0,None,27.6,2.4,15000,804
1,2025-01-26,6,4,1,1,0,None,31.3,2.8,15000,1210
1,2025-01-26,6,5,1,1,0,None,36.5,2.3,15000,1835
1,2025-01-26,6,6,1,1,0,None,29.3,0.0,15000,3188
1,2025-01-26,6,7,1,1,0,None,21.9,4.3,15000,4443
1,2025-01-26,6,7,1,1,0,None,27.7,1.2,15000,4946
1,2025-01-26,6,8,1,1,1,Major,29.1,0.0,15000,15000
1,2025-01-26,6,9,1,1,0,None,18.3,2.9,15000,9256
1,2025-01-26,6,10,1,1,0,None,26.7,0.1,15000,10218
1,2025-01-26,6,10,1,1,1,Minor,27.6,0.3,15000,14645
1,2025-01-26,6,11,1,1,0,None,19.9,0.6,15000,9410
1,2025-01-26,6,12,1,1,0,None,29.1,0.4,15000,7399
1,2025-01-26,6,12,1,1,0,None,32.8,0.1,15000,7228
1,2025-01-26,6,13,1,1,0,None,26.7,0.4,15000,5901
1,2025-01-26,6,14,1,1,0,None,24.2,1.6,15000,5116
1,2025-01-26,6,15,1,1,0,None,23.0,0.0,15000,5792
1,2025-01-26,6,15,1,1,0,None,28.7,0.0,15000,6547
1,2025-01-26,6,16,1,1,0,None,21.3,0.9,15000,7828
1,2025-01-26,6,17,1,1,0,None,35.6,0.0,15000,10509
1,2025-01-26,6,18,1,1,0,None,28.3,2.9,15000,12649
1,2025-01-26,6,18,1,1,0,None,25.9,0.6,15000,12699
1,2025-01-26,6,19,1,1,0,None,29.0,0.7,15000,14156
1,2025-01-26,6,20,1,1,0,None,24.7,0.1,15000,13042
1,2025-01-26,6,20,1,1,0,None,32.8,0.0,15000,13325
1,2025-01-26,6,21,1,1,0,None,25.1,1.7,15000,10074
1,2025-01-26,6,22,1,1,1,Minor,21.0,2.1,15000,9542
1,2025-01-26,6,23,1,1,0,None,27.1,1.2,15000,3236
1,2025-01-26,6,23,1,1,0,None,28.8,2.9,15000,3473
1,2025-01-27,0,0,1,0,0,None,33.9,0.2,15000,1137
1,2025-01-27,0,1,1,0,0,None,36.9,0.3,15000,723
1,2025-01-27,0,2,1,0,0,None,25.5,1.7,15000,599
1,2025-01-27,0,2,1,0,0,None,25.8,0.2,15000,759
1,2025-01-27,0,3,1,0,0,None,30.3,0.4,15000,464
1,2025-01-27,0,4,1,0,0,None,30.4,0.1,15000,452
1,2025-01-27,0,5,1,0,1,Minor,34.5,0.1,15000,1789
1,2025-01-27,0,5,1,0,0,None,33.7,0.0,15000,1234
1,2025-01-27,0,6,1,0,0,None,27.4,0.9,15000,2359
1,2025-01-27,0,7,1,0,0,None,29.2,0.0,15000,3752
1,2025-01-27,0,7,1,0,0,None,15.8,0.0,15000,4187
1,2025-01-27,0,8,1,0,0,None,34.5,2.3,15000,5634
1,2025-01-27,0,9,1,0,1,Minor,22.8,0.0,15000,10327
1,2025-01-27,0,10,1,0,0,None,21.3,0.0,15000,7981
1,2025-01-27,0,10,1,0,1,Major,25.1,2.0,15000,15000
1,2025-01-27,0,11,1,0,0,None,24.0,0.0,15000,7240
1,2025-01-27,0,12,1,0,0,None,25.2,0.7,15000,5705
1,2025-01-27,0,13,1,0,1,Major,23.6,0.0,15000,9640
1,2025-01-27,0,13,1,0,0,None,28.7,0.5,15000,4716
1,2025-01-27,0,14,1,0,0,None,21.9,2.4,15000,4348
1,2025-01-27,0,15,1,0,0,None,23.8,0.3,15000,4852
1,2025-01-27,0,15,1,0,0,None,24.0,0.0,15000,4957
1,2025-01-27,0,16,1,0,0,None,17.1,2.1,15000,6050
1,2025-01-27,0,17,1,0,1,Minor,30.4,0.0,15000,11663
1,2025-01-27,0,18,1,0,0,None,17.3,0.2,15000,9888
1,2025-01-27,0,18,1,0,0,None,28.3,1.6,15000,9796
1,2025-01-27,0,19,1,0,0,None,26.1,0.0,15000,10969
1,2025-01-27,0,20,1,0,0,None,35.5,0.0,15000,10074
1,2025-01-27,0,21,1,0,1,Major,34.8,0.0,15000,15000
1,2025-01-27,0,21,1,0,0,None,29.6,2.3,15000,7861
1,2025-01-27,0,22,1,0,0,None,24.7,0.0,15000,4912
1,2025-01-27,0,23,1,0,0,None,29.6,1.7,15000,2925
1,2025-01-28,1,0,1,0,0,None,29.4,0.1,15000,754
1,2025-01-28,1,0,1,0,0,None,25.1,5.5,15000,737
1,2025-01-28,1,1,1,0,0,None,30.0,0.6,15000,860
1,2025-01-28,1,2,1,0,0,None,25.6,0.8,15000,221
1,2025-01-28,1,2,1,0,0,None,17.8,0.6,15000,408
1,2025-01-28,1,3,1,0,0,None,31.6,0.6,15000,647
1,2025-01-28,1,4,1,0,0,None,30.3,0.0,15000,639
1,2025-01-28,1,5,1,0,0,None,24.7,1.0,15000,1481
1,2025-01-28,1,5,1,0,0,None,35.1,0.6,15000,1485
1,2025-01-28,1,6,1,0,0,None,31.6,0.0,15000,2282
1,2025-01-28,1,7,1,0,0,None,30.1,1.2,15000,3723
1,2025-01-28,1,8,1,0,0,None,32.4,0.0,15000,5778
1,2025-01-28,1,8,1,0,0,None,25.6,2.8,15000,5339
1,2025-01-28,1,9,1,0,0,None,25.4,0.0,15000,7145
1,2025-01-28,1,10,1,0,0,None,27.4,0.3,15000,7870
1,2025-01-28,1,10,1,0,0,None,24.3,0.9,15000,7763
1,2025-01-28,1,11,1,0,0,None,35.1,0.4,15000,7611
1,2025-01-28,1,12,1,0,1,Minor,28.0,0.1,15000,8150
1,2025-01-28,1,13,1,0,0,None,21.7,1.1,15000,4679
1,2025-01-28,1,13,1,0,0,None,36.5,2.4,15000,4774
1,2025-01-28,1,14,1,0,0,None,32.9,3.1,15000,4388
1,2025-01-28,1,15,1,0,0,None,30.3,0.8,15000,4635
1,2025-01-28,1,16,1,0,0,None,32.8,0.6,15000,5935
1,2025-01-28,1,16,1,0,0,None,23.2,0.2,15000,6211
1,2025-01-28,1,17,1,0,0,None,25.1,0.0,15000,8189
1,2025-01-28,1,18,1,0,0,None,20.5,0.0,15000,9873
1,2025-01-28,1,18,1,0,0,None,30.0,0.0,15000,10507
1,2025-01-28,1,19,1,0,0,None,34.1,0.2,15000,10714
1,2025-01-28,1,20,1,0,0,None,25.6,0.0,15000,10118
1,2025-01-28,1,21,1,0,0,None,26.8,0.5,15000,7969
1,2025-01-28,1,21,1,0,0,None,24.2,0.0,15000,8102
1,2025-01-28,1,22,1,0,0,None,33.0,0.1,15000,5375
1,2025-01-28,1,23,1,0,0,None,22.4,0.6,15000,2808
1,2025-01-29,2,0,1,0,0,None,32.2,2.1,15000,1027
1,2025-01-29,2,0,1,0,0,None,30.7,0.0,15000,1139
1,2025-01-29,2,1,1,0,1,Major,24.7,0.8,15000,1007
1,2025-01-29,2,2,1,0,0,None,25.5,3.6,15000,506
1,2025-01-29,2,3,1,0,1,Minor,39.8,0.5,15000,586
1,2025-01-29,2,3,1,0,1,Minor,32.9,0.0,15000,1207
1,2025-01-29,2,4,1,0,0,None,36.9,0.0,15000,766
1,2025-01-29,2,5,1,0,0,None,31.2,1.6,15000,1362
1,2025-01-29,2,5,1,0,0,None,23.0,0.8,15000,1565
1,2025-01-29,2,6,1,0,0,None,30.0,0.6,15000,2254
1,2025-01-29,2,7,1,0,0,None,25.1,1.3,15000,3931
1,2025-01-29,2,8,1,0,0,None,33.1,0.2,15000,5508
1,2025-01-29,2,8,1,0,0,None,15.7,2.9,15000,5507
1,2025-01-29,2,9,1,0,0,None,28.1,3.8,15000,6973
1,2025-01-29,2,10,1,0,0,None,26.1,0.4,15000,7831
1,2025-01-29,2,11,1,0,0,None,16.7,0.2,15000,7136
1,2025-01-29,2,11,1,0,1,Minor,25.9,0.2,15000,10699
1,2025-01-29,2,12,1,0,0,None,37.0,0.0,15000,4893
1,2025-01-29,2,13,1,0,0,None,27.9,3.3,15000,4821
1,2025-01-29,2,13,1,0,0,None,39.2,0.6,15000,4064
1,2025-01-29,2,14,1,0,0,None,22.8,0.2,15000,4114
1,2025-01-29,2,15,1,0,0,None,22.8,0.0,15000,4961
1,2025-01-29,2,16,1,0,0,None,32.0,0.6,15000,6205
1,2025-01-29,2,16,1,0,0,None,27.9,0.0,15000,6410
1,2025-01-29,2,17,1,0,0,None,26.0,0.0,15000,8284
1,2025-01-29,2,18,1,0,0,None,25.9,0.7,15000,9803
1,2025-01-29,2,19,1,0,1,Minor,33.0,0.0,15000,15000
1,2025-01-29,2,19,1,0,0,None,32.5,1.4,15000,11078
1,2025-01-29,2,20,1,0,0,None,29.8,0.0,15000,10083
1,2025-01-29,2,21,1,0,0,None,40.2,2.9,15000,7065
1,2025-01-29,2,22,1,0,0,None,33.9,3.2,15000,5154
1,2025-01-29,2,22,1,0,1,Major,24.1,0.0,15000,10491
1,2025-01-29,2,23,1,0,0,None,20.7,0.0,15000,3025
1,2025-01-30,3,0,1,0,0,None,25.8,0.0,15000,1025
1,2025-01-30,3,0,1,0,0,None,28.6,0.1,15000,1097
1,2025-01-30,3,1,1,0,0,None,33.3,0.8,15000,698
1,2025-01-30,3,2,1,0,0,None,19.4,3.4,15000,864
1,2025-01-30,3,3,1,0,0,None,20.3,0.8,15000,640
1,2025-01-30,3,3,1,0,0,None,34.0,0.5,15000,649
1,2025-01-30,3,4,1,0,0,None,24.0,0.3,15000,812
1,2025-01-30,3,5,1,0,0,None,24.4,0.2,15000,1221
1,2025-01-30,3,6,1,0,1,Minor,28.4,0.4,15000,3059
1,2025-01-30,3,6,1,0,0,None,26.0,0.4,15000,2454
1,2025-01-30,3,7,1,0,1,Minor,27.6,0.6,15000,5609
1,2025-01-30,3,8,1,0,0,None,29.7,0.0,15000,5732
1,2025-01-30,3,8,1,0,1,Minor,37.5,0.0,15000,7406
1,2025-01-30,3,9,1,0,0,None,24.6,0.0,15000,7297
1,2025-01-30,3,10,1,0,0,None,18.8,0.1,15000,7941
1,2025-01-30,3,11,1,0,0,None,28.6,0.0,15000,7283
1,2025-01-30,3,11,1,0,0,None,23.1,0.0,15000,7278
1,2025-01-30,3,12,1,0,0,None,21.4,0.4,15000,6038
1,2025-01-30,3,13,1,0,0,None,27.6,1.2,15000,4821
1,2025-01-30,3,14,1,0,0,None,20.0,0.0,15000,4078
1,2025-01-30,3,14,1,0,0,None,30.1,0.6,15000,4367
1,2025-01-30,3,15,1,0,0,None,22.5,1.4,15000,4603
1,2025-01-30,3,16,1,0,0,None,29.5,1.7,15000,6097
1,2025-01-30,3,16,1,0,0,None,19.4,4.2,15000,5114
1,2025-01-30,3,17,1,0,0,None,24.0,1.2,15000,8334
1,2025-01-30,3,18,1,0,0,None,33.0,1.6,15000,10060
1,2025-01-30,3,19,1,0,0,None,27.8,0.0,15000,10934
1,2025-01-30,3,19,1,0,0,None,15.9,0.5,15000,11198
1,2025-01-30,3,20,1,0,0,None,29.0,0.2,15000,10080
1,2025-01-30,3,21,1,0,0,None,33.8,0.4,15000,7709
1,2025-01-30,3,22,1,0,0,None,32.7,0.6,15000,4858
1,2025-01-30,3,22,1,0,0,None,39.8,0.6,15000,4305
1,2025-01-30,3,23,1,0,0,None,33.0,0.6,15000,2637
1,2025-01-31,4,0,1,0,0,None,30.1,1.5,15000,1200
1,2025-01-31,4,1,1,0,0,None,25.7,0.0,15000,1099
1,2025-01-31,4,1,1,0,0,None,36.0,0.5,15000,394
1,2025-01-31,4,2,1,0,0,None,27.0,0.0,15000,508
1,2025-01-31,4,3,1,0,0,None,27.3,3.0,15000,485
1,2025-01-31,4,3,1,0,0,None,22.5,0.8,15000,538
1,2025-01-31,4,4,1,0,0,None,29.9,2.3,15000,318
1,2025-01-31,4,5,1,0,0,None,31.7,0.7,15000,1353
1,2025-01-31,4,6,1,0,0,None,34.8,2.5,15000,2341
1,2025-01-31,4,6,1,0,0,None,24.1,0.0,15000,2277
1,2025-01-31,4,7,1,0,0,None,29.6,0.7,15000,3629
1,2025-01-31,4,8,1,0,0,None,23.4,0.0,15000,5756
1,2025-01-31,4,9,1,0,0,None,19.6,0.0,15000,7166
1,2025-01-31,4,9,1,0,0,None,33.7,1.5,15000,7362
1,2025-01-31,4,10,1,0,0,None,26.5,0.6,15000,8099
1,2025-01-31,4,11,1,0,0,None,29.4,6.6,15000,6424
1,2025-01-31,4,11,1,0,0,None,30.2,0.0,15000,7194
1,2025-01-31,4,12,1,0,0,None,25.6,0.0,15000,5801
1,2025-01-31,4,13,1,0,0,None,27.0,0.9,15000,4937
1,2025-01-31,4,14,1,0,0,None,31.0,0.0,15000,4321
1,2025-01-31,4,14,1,0,0,None,29.8,0.0,15000,4213
1,2025-01-31,4,15,1,0,0,None,30.8,3.6,15000,5029
1,2025-01-31,4,16,1,0,0,None,28.9,1.2,15000,6012
1,2025-01-31,4,17,1,0,0,None,27.1,0.0,15000,7877
1,2025-01-31,4,17,1,0,0,None,33.5,0.0,15000,8277
1,2025-01-31,4,18,1,0,0,None,22.8,1.4,15000,9895
1,2025-01-31,4,19,1,0,0,None,33.7,2.3,15000,10875
1,2025-01-31,4,19,1,0,0,None,19.5,0.0,15000,10791
1,2025-01-31,4,20,1,0,0,None,25.5,0.1,15000,10148
1,2025-01-31,4,21,1,0,0,None,25.1,1.9,15000,8049
1,2025-01-31,4,22,1,0,0,None,24.2,1.0,15000,5246
1,2025-01-31,4,22,1,0,0,None,21.3,0.4,15000,5391
1,2025-01-31,4,23,1,0,0,None,21.8,0.0,15000,2755
1,2025-02-01,5,0,2,1,0,None,26.4,0.9,15000,1187
1,2025-02-01,5,1,2,1,0,None,31.1,0.0,15000,768
1,2025-02-01,5,1,2,1,0,None,31.2,0.0,15000,1052
1,2025-02-01,5,2,2,1,0,None,26.0,1.9,15000,1029
1,2025-02-01,5,3,2,1,0,None,28.7,0.6,15000,643
1,2025-02-01,5,4,2,1,0,None,27.5,0.7,15000,1310
1,2025-02-01,5,4,2,1,0,None,28.9,1.1,15000,1053
1,2025-02-01,5,5,2,1,1,Minor,29.4,1.0,15000,2618
1,2025-02-01,5,6,2,1,0,None,28.8,0.0,15000,3207
1,2025-02-01,5,6,2,1,0,None,27.4,0.8,15000,3131
1,2025-02-01,5,7,2,1,0,None,32.0,0.2,15000,4937
1,2025-02-01,5,8,2,1,0,None,27.1,4.1,15000,6395
1,2025-02-01,5,9,2,1,0,None,20.2,0.5,15000,8926
1,2025-02-01,5,9,2,1,0,None,27.1,0.5,15000,9340
1,2025-02-01,5,10,2,1,0,None,28.1,0.7,15000,10036
1,2025-02-01,5,11,2,1,0,None,34.0,0.0,15000,9224
1,2025-02-01,5,12,2,1,0,None,22.0,0.3,15000,7650
1,2025-02-01,5,12,2,1,0,None,27.4,0.1,15000,7618
1,2025-02-01,5,13,2,1,0,None,27.0,2.6,15000,6058
1,2025-02-01,5,14,2,1,0,None,20.0,0.0,15000,5276
1,2025-02-01,5,14,2,1,0,None,29.4,0.0,15000,5472
1,2025-02-01,5,15,2,1,1,Minor,27.7,2.8,15000,8931
1,2025-02-01,5,16,2,1,0,None,27.2,0.1,15000,7697
1,2025-02-01,5,17,2,1,0,None,34.3,0.0,15000,10564
1,2025-02-01,5,17,2,1,1,Minor,26.5,1.5,15000,15000
1,2025-02-01,5,18,2,1,0,None,36.5,0.5,15000,12703
1,2025-02-01,5,19,2,1,0,None,25.9,5.0,15000,12661
1,2025-02-01,5,20,2,1,0,None,28.2,5.4,15000,11230
1,2025-02-01,5,20,2,1,0,None,28.4,0.1,15000,12993
1,2025-02-01,5,21,2,1,1,Major,19.9,1.7,15000,15000
1,2025-02-01,5,22,2,1,0,None,21.7,0.0,15000,6475
1,2025-02-01,5,22,2,1,1,Minor,28.2,0.0,15000,9356
1,2025-02-01,5,23,2,1,0,None,31.6,2.4,15000,3465
1,2025-02-02,6,0,2,1,0,None,23.4,3.3,15000,1070
1,2025-02-02,6,1,2,1,1,Minor,21.7,0.1,15000,1034
1,2025-02-02,6,1,2,1,0,None,25.1,0.8,15000,896
1,2025-02-02,6,2,2,1,1,Minor,29.4,0.5,15000,936
1,2025-02-02,6,3,2,1,1,Minor,26.0,1.9,15000,1060
1,2025-02-02,6,4,2,1,1,Major,34.8,2.9,15000,1983
1,2025-02-02,6,4,2,1,0,None,23.8,0.0,15000,825
1,2025-02-02,6,5,2,1,0,None,31.7,0.0,15000,1287
1,2025-02-02,6,6,2,1,0,None,24.4,0.4,15000,2935
1,2025-02-02,6,7,2,1,0,None,31.0,0.0,15000,5302
1,2025-02-02,6,7,2,1,0,None,25.9,0.2,15000,4935
1,2025-02-02,6,8,2,1,1,Minor,26.3,0.0,15000,10690
1,2025-02-02,6,9,2,1,0,None,29.8,0.0,15000,9127
1,2025-02-02,6,9,2,1,0,None,33.6,0.1,15000,9050
1,2025-02-02,6,10,2,1,0,None,25.1,2.9,15000,10078
1,2025-02-02,6,11,2,1,0,None,28.4,1.6,15000,9447
1,2025-02-02,6,12,2,1,1,Minor,20.8,0.8,15000,10416
1,2025-02-02,6,12,2,1,0,None,28.5,1.6,15000,7126
1,2025-02-02,6,13,2,1,0,None,25.6,0.0,15000,5993
1,2025-02-02,6,14,2,1,0,None,32.9,1.0,15000,5651
1,2025-02-02,6,15,2,1,0,None,24.6,0.4,15000,6291
1,2025-02-02,6,15,2,1,0,None,25.4,1.0,15000,6339
1,2025-02-02,6,16,2,1,1,Major,21.5,0.0,15000,15000
1,2025-02-02,6,17,2,1,0,None,24.0,0.0,15000,10170
1,2025-02-02,6,17,2,1,0,None,24.3,2.5,15000,10371
1,2025-02-02,6,18,2,1,1,Major,21.7,0.0,15000,15000
1,2025-02-02,6,19,2,1,0,None,30.3,0.5,15000,13934
1,2025-02-02,6,20,2,1,0,None,34.7,0.0,15000,13528
1,2025-02-02,6,20,2,1,0,None,25.8,0.2,15000,13201
1,2025-02-02,6,21,2,1,0,None,28.9,1.2,15000,10113
1,2025-02-02,6,22,2,1,0,None,25.8,0.0,15000,6317
1,2025-02-02,6,23,2,1,0,None,26.3,0.1,15000,3661
1,2025-02-02,6,23,2,1,0,None,24.1,0.1,15000,2998
1,2025-02-03,0,0,2,0,0,None,34.6,1.6,15000,951
1,2025-02-03,0,1,2,0,0,None,32.8,0.1,15000,620
1,2025-02-03,0,2,2,0,0,None,27.8,1.2,15000,652
1,2025-02-03,0,2,2,0,0,None,25.3,0.0,15000,746
1,2025-02-03,0,3,2,0,0,None,24.2,1.3,15000,899
1,2025-02-03,0,4,2,0,0,None,21.3,1.3,15000,857
1,2025-02-03,0,4,2,0,0,None,23.7,1.3,15000,602
1,2025-02-03,0,5,2,0,0,None,22.6,2.3,15000,854
1,2025-02-03,0,6,2,0,0,None,21.9,0.3,15000,2572
1,2025-02-03,0,7,2,0,1,Minor,30.8,1.8,15000,5528
1,2025-02-03,0,7,2,0,0,None,29.4,0.7,15000,3830
1,2025-02-03,0,8,2,0,0,None,17.7,0.9,15000,5875
1,2025-02-03,0,9,2,0,1,Minor,32.0,0.7,15000,10268
1,2025-02-03,0,10,2,0,0,None,32.8,0.1,15000,7904
1,2025-02-03,0,10,2,0,0,None,27.5,1.9,15000,7894
1,2025-02-03,0,11,2,0,0,None,21.0,1.1,15000,7214
1,2025-02-03,0,12,2,0,0,None,21.2,0.0,15000,5813
1,2025-02-03,0,12,2,0,1,Minor,30.2,1.9,15000,7956
1,2025-02-03,0,13,2,0,0,None,29.9,1.1,15000,4714
1,2025-02-03,0,14,2,0,0,None,18.6,0.0,15000,4214
1,2025-02-03,0,15,2,0,0,None,25.2,0.5,15000,4713
1,2025-02-03,0,15,2,0,0,None,21.2,0.2,15000,4902
1,2025-02-03,0,16,2,0,0,None,27.4,0.7,15000,6182
1,2025-02-03,0,17,2,0,0,None,32.6,0.7,15000,8411
1,2025-02-03,0,18,2,0,0,None,16.7,0.5,15000,10074
1,2025-02-03,0,18,2,0,0,None,24.4,0.0,15000,10101
1,2025-02-03,0,19,2,0,0,None,23.2,0.0,15000,11347
1,2025-02-03,0,20,2,0,0,None,29.8,2.7,15000,10194
1,2025-02-03,0,20,2,0,0,None,32.9,0.0,15000,10075
1,2025-02-03,0,21,2,0,0,None,30.0,0.0,15000,7878
1,2025-02-03,0,22,2,0,0,None,26.5,0.0,15000,5476
1,2025-02-03,0,23,2,0,0,None,39.0,0.0,15000,2487
1,2025-02-03,0,23,2,0,0,None,23.2,0.0,15000,2727
1,2025-02-04,1,0,2,0,0,None,23.4,0.4,15000,770
1,2025-02-04,1,1,2,0,0,None,27.6,0.0,15000,538
1,2025-02-04,1,2,2,0,1,Minor,32.9,0.0,15000,759
1,2025-02-04,1,2,2,0,0,None,26.7,0.6,15000,450
1,2025-02-04,1,3,2,0,0,None,20.8,0.0,15000,348
1,2025-02-04,1,4,2,0,0,None,28.1,3.7,15000,711
1,2025-02-04,1,5,2,0,0,None,28.4,1.0,15000,1502
1,2025-02-04,1,5,2,0,0,None,23.4,0.4,15000,1706
1,2025-02-04,1,6,2,0,0,None,22.2,2.7,15000,2212
1,2025-02-04,1,7,2,0,1,Minor,31.4,0.7,15000,5736
1,2025-02-04,1,7,2,0,0,None,23.1,1.9,15000,3738
1,2025-02-04,1,8,2,0,0,None,22.3,0.0,15000,5726
1,2025-02-04,1,9,2,0,0,None,33.9,0.0,15000,6856
1,2025-02-04,1,10,2,0,0,None,27.6,0.0,15000,8047
1,2025-02-04,1,10,2,0,0,None,24.5,2.1,15000,8176
1,2025-02-04,1,11,2,0,0,None,28.3,0.0,15000,7405
1,2025-02-04,1,12,2,0,0,None,30.8,0.0,15000,5922
1,2025-02-04,1,13,2,0,0,None,26.2,0.0,15000,5021
1,2025-02-04,1,13,2,0,0,None,26.5,0.4,15000,4685
1,2025-02-04,1,14,2,0,0,None,25.5,1.4,15000,4114
1,2025-02-04,1,15,2,0,0,None,25.2,0.0,15000,4848
1,2025-02-04,1,15,2,0,0,None,27.4,0.0,15000,4851
1,2025-02-04,1,16,2,0,0,None,26.0,1.7,15000,6296
1,2025-02-04,1,17,2,0,0,None,27.8,0.1,15000,8215
1,2025-02-04,1,18,2,0,0,None,22.4,1.0,15000,9790
1,2025-02-04,1,18,2,0,0,None,30.2,0.0,15000,10156
1,2025-02-04,1,19,2,0,0,None,22.1,4.5,15000,9483
1,2025-02-04,1,20,2,0,0,None,33.1,0.3,15000,10141
1,2025-02-04,1,21,2,0,0,None,23.6,1.3,15000,7723
1,2025-02-04,1,21,2,0,0,None,21.6,1.2,15000,8301
1,2025-02-04,1,22,2,0,0,None,26.3,0.4,15000,5112
1,2025-02-04,1,23,2,0,0,None,21.2,0.0,15000,2447
1,2025-02-05,2,0,2,0,0,None,35.4,0.3,15000,1060
1,2025-02-05,2,0,2,0,0,None,27.7,0.0,15000,408
1,2025-02-05,2,1,2,0,0,None,25.6,0.2,15000,677
1,2025-02-05,2,2,2,0,0,None,27.3,2.5,15000,61
1,2025-02-05,2,2,2,0,0,None,33.7,2.0,15000,616
1,2025-02-05,2,3,2,0,0,None,15.2,3.7,15000,457
1,2025-02-05,2,4,2,0,0,None,23.2,0.6,15000,763
1,2025-02-05,2,5,2,0,0,None,25.8,1.7,15000,1377
1,2025-02-05,2,5,2,0,0,None,17.7,0.4,15000,1340
1,2025-02-05,2,6,2,0,0,None,22.2,0.0,15000,2311
1,2025-02-05,2,7,2,0,0,None,26.2,0.0,15000,4231
1,2025-02-05,2,8,2,0,0,None,29.3,0.1,15000,5688
1,2025-02-05,2,8,2,0,0,None,20.4,2.3,15000,5708
1,2025-02-05,2,9,2,0,0,None,22.1,0.0,15000,7326
1,2025-02-05,2,10,2,0,1,Minor,26.5,0.7,15000,11284
1,2025-02-05,2,10,2,0,0,None,26.2,0.5,15000,8088
1,2025-02-05,2,11,2,0,0,None,31.5,2.3,15000,7214
1,2025-02-05,2,12,2,0,0,None,30.4,3.5,15000,5752
1,2025-02-05,2,13,2,0,0,None,18.3,3.4,15000,4663
1,2025-02-05,2,13,2,0,0,None,18.8,0.0,15000,4838
1,2025-02-05,2,14,2,0,0,None,23.0,0.0,15000,4206
1,2025-02-05,2,15,2,0,0,None,18.5,0.1,15000,4853
1,2025-02-05,2,16,2,0,1,Minor,26.2,0.6,15000,9009
1,2025-02-05,2,16,2,0,0,None,25.4,0.0,15000,6164
1,2025-02-05,2,17,2,0,0,None,32.5,6.1,15000,7325
1,2025-02-05,2,18,2,0,0,None,36.9,0.2,15000,10420
1,2025-02-05,2,18,2,0,0,None,39.6,0.0,15000,8801
1,2025-02-05,2,19,2,0,0,None,27.8,5.2,15000,10027
1,2025-02-05,2,20,2,0,0,None,33.4,0.0,15000,10120
1,2025-02-05,2,21,2,0,0,None,22.7,1.4,15000,7576
1,2025-02-05,2,21,2,0,0,None,28.8,0.1,15000,8165
1,2025-02-05,2,22,2,0,0,None,23.2,0.4,15000,5040
1,2025-02-05,2,23,2,0,0,None,15.0,3.7,15000,2856
1,2025-02-06,3,0,2,0,0,None,32.3,0.6,15000,915
1,2025-02-06,3,0,2,0,0,None,23.2,0.3,15000,837
1,2025-02-06,3,1,2,0,0,None,25.1,3.7,15000,758
1,2025-02-06,3,2,2,0,0,None,23.2,2.3,15000,325
1,2025-02-06,3,3,2,0,0,None,17.6,0.5,15000,442
1,2025-02-06,3,3,2,0,0,None,31.7,0.0,15000,387
1,2025-02-06,3,4,2,0,1,Minor,19.1,0.1,15000,896
1,2025-02-06,3,5,2,0,0,None,22.0,0.0,15000,1214
1,2025-02-06,3,5,2,0,0,None,20.4,0.6,15000,937
1,2025-02-06,3,6,2,0,0,None,30.9,1.1,15000,2220
1,2025-02-06,3,7,2,0,0,None,28.3,0.0,15000,3850
1,2025-02-06,3,8,2,0,0,None,22.9,1.8,15000,5842
1,2025-02-06,3,8,2,0,1,Major,26.3,0.0,15000,11656
1,2025-02-06,3,9,2,0,0,None,24.2,0.8,15000,6948
1,2025-02-06,3,10,2,0,0,None,25.1,0.0,15000,7797
1,2025-02-06,3,11,2,0,0,None,35.2,0.0,15000,7130
1,2025-02-06,3,11,2,0,0,None,28.5,3.3,15000,7247
1,2025-02-06,3,12,2,0,0,None,21.3,0.4,15000,5559
1,2025-02-06,3,13,2,0,0,None,27.5,0.1,15000,4749
1,2025-02-06,3,13,2,0,0,None,25.0,1.1,15000,4699
1,2025-02-06,3,14,2,0,1,Major,18.4,1.0,15000,8195
1,2025-02-06,3,15,2,0,0,None,31.7,0.0,15000,4733
1,2025-02-06,3,16,2,0,0,None,31.7,4.8,15000,5618
1,2025-02-06,3,16,2,0,0,None,32.4,2.6,15000,6448
1,2025-02-06,3,17,2,0,0,None,29.1,0.0,15000,8420
1,2025-02-06,3,18,2,0,0,None,31.3,2.2,15000,9685
1,2025-02-06,3,19,2,0,0,None,28.6,0.0,15000,11410
1,2025-02-06,3,19,2,0,0,None,17.2,0.0,15000,10985
1,2025-02-06,3,20,2,0,0,None,21.2,0.3,15000,10077
1,2025-02-06,3,21,2,0,0,None,24.0,1.4,15000,7977
1,2025-02-06,3,21,2,0,0,None,24.9,0.8,15000,7971
1,2025-02-06,3,22,2,0,0,None,36.3,0.3,15000,5346
1,2025-02-06,3,23,2,0,0,None,27.5,0.0,15000,2691
1,2025-02-07,4,0,2,0,0,None,29.0,0.0,15000,554
1,2025-02-07,4,0,2,0,0,None,24.5,0.0,15000,958
1,2025-02-07,4,1,2,0,0,None,27.4,0.4,15000,849
1,2025-02-07,4,2,2,0,1,Minor,31.4,1.7,15000,862
1,2025-02-07,4,3,2,0,0,None,25.0,0.2,15000,438
1,2025-02-07,4,3,2,0,0,None,32.6,1.1,15000,616
1,2025-02-07,4,4,2,0,1,Minor,22.5,0.8,15000,1286
1,2025-02-07,4,5,2,0,0,None,28.6,0.0,15000,1290
1,2025-02-07,4,6,2,0,0,None,30.8,4.0,15000,2221
1,2025-02-07,4,6,2,0,0,None,33.7,0.0,15000,2657
1,2025-02-07,4,7,2,0,0,None,24.3,0.1,15000,3947
1,2025-02-07,4,8,2,0,0,None,25.1,0.0,15000,6052
1,2025-02-07,4,8,2,0,0,None,30.9,0.8,15000,5709
1,2025-02-07,4,9,2,0,0,None,23.3,3.9,15000,7157
1,2025-02-07,4,10,2,0,0,None,16.0,1.0,15000,7859
1,2025-02-07,4,11,2,0,0,None,22.0,0.1,15000,7425
1,2025-02-07,4,11,2,0,1,Minor,25.4,0.7,15000,10546
1,2025-02-07,4,12,2,0,0,None,26.4,0.3,15000,5894
1,2025-02-07,4,13,2,0,1,Minor,32.0,0.0,15000,6953
1,2025-02-07,4,14,2,0,0,None,28.6,0.0,15000,3895
1,2025-02-07,4,14,2,0,1,Minor,25.9,0.1,15000,6273
1,2025-02-07,4,15,2,0,0,None,28.0,0.6,15000,4782
1,2025-02-07,4,16,2,0,0,None,24.5,0.0,15000,6072
1,2025-02-07,4,16,2,0,0,None,27.5,1.7,15000,6053
1,2025-02-07,4,17,2,0,0,None,32.5,0.0,15000,7832
1,2025-02-07,4,18,2,0,1,Major,30.7,0.6,15000,15000
1,2025-02-07,4,19,2,0,0,None,21.7,0.1,15000,11113
1,2025-02-07,4,19,2,0,1,Minor,28.9,1.9,15000,15000
1,2025-02-07,4,20,2,0,0,None,21.3,0.0,15000,10313
1,2025-02-07,4,21,2,0,0,None,36.3,1.4,15000,8143
1,2025-02-07,4,22,2,0,0,None,30.2,0.0,15000,5250
1,2025-02-07,4,22,2,0,0,None,28.0,0.0,15000,5155
1,2025-02-07,4,23,2,0,0,None,29.6,0.0,15000,2602
1,2025-02-08,5,0,2,1,0,None,31.3,0.0,15000,1124
1,2025-02-08,5,0,2,1,0,None,27.0,2.5,15000,1418
1,2025-02-08,5,1,2,1,0,None,20.8,0.0,15000,966
1,2025-02-08,5,2,2,1,0,None,34.3,0.0,15000,801
1,2025-02-08,5,3,2,1,0,None,28.1,0.0,15000,695
1,2025-02-08,5,3,2,1,0,None,31.3,0.0,15000,351
1,2025-02-08,5,4,2,1,0,None,29.5,0.0,15000,932
1,2025-02-08,5,5,2,1,0,None,26.8,3.1,15000,1777
1,2025-02-08,5,6,2,1,0,None,22.4,0.0,15000,2991
1,2025-02-08,5,6,2,1,1,Minor,33.8,0.0,15000,4427
1,2025-02-08,5,7,2,1,0,None,21.3,0.0,15000,5166
1,2025-02-08,5,8,2,1,0,None,33.7,0.5,15000,7094
1,2025-02-08,5,9,2,1,0,None,32.2,0.0,15000,9416
1,2025-02-08,5,9,2,1,1,Minor,31.9,0.6,15000,13250
1,2025-02-08,5,10,2,1,0,None,32.5,4.3,15000,9137
1,2025-02-08,5,11,2,1,0,None,21.5,1.5,15000,9435
1,2025-02-08,5,11,2,1,1,Minor,27.6,0.2,15000,13490
1,2025-02-08,5,12,2,1,0,None,18.4,0.0,15000,6973
1,2025-02-08,5,13,2,1,0,None,27.7,1.2,15000,6033
1,2025-02-08,5,14,2,1,0,None,26.4,2.5,15000,5307
1,2025-02-08,5,14,2,1,0,None,22.2,1.1,15000,5507
1,2025-02-08,5,15,2,1,1,Major,34.2,0.0,15000,12133
1,2025-02-08,5,16,2,1,0,None,30.5,0.2,15000,7665
1,2025-02-08,5,17,2,1,0,None,25.8,1.7,15000,10497
1,2025-02-08,5,17,2,1,0,None,23.6,0.9,15000,10267
1,2025-02-08,5,18,2,1,0,None,27.0,1.5,15000,12967
1,2025-02-08,5,19,2,1,0,None,24.5,0.0,15000,13927
1,2025-02-08,5,19,2,1,0,None,24.8,0.0,15000,14289
1,2025-02-08,5,20,2,1,0,None,27.1,0.2,15000,13113
1,2025-02-08,5,21,2,1,0,None,25.3,0.0,15000,10106
1,2025-02-08,5,22,2,1,1,Minor,30.6,0.4,15000,9620
1,2025-02-08,5,22,2,1,0,None,35.9,1.2,15000,6534
1,2025-02-08,5,23,2,1,0,None,33.8,0.0,15000,3271
1,2025-02-09,6,0,2,1,0,None,27.7,0.4,15000,1128
1,2025-02-09,6,1,2,1,0,None,33.9,0.7,15000,788
1,2025-02-09,6,1,2,1,0,None,35.6,0.8,15000,578
1,2025-02-09,6,2,2,1,0,None,23.3,1.2,15000,583
1,2025-02-09,6,3,2,1,0,None,20.7,3.5,15000,708
1,2025-02-09,6,4,2,1,0,None,25.7,1.3,15000,1172
1,2025-02-09,6,4,2,1,0,None,21.1,0.5,15000,1394
1,2025-02-09,6,5,2,1,1,Major,35.3,0.3,15000,3273
1,2025-02-09,6,6,2,1,0,None,30.4,0.7,15000,2994
1,2025-02-09,6,6,2,1,0,None,30.2,1.7,15000,2860
1,2025-02-09,6,7,2,1,0,None,30.0,0.9,15000,4997
1,2025-02-09,6,8,2,1,0,None,19.8,0.8,15000,7310
1,2025-02-09,6,9,2,1,0,None,27.0,0.4,15000,9184
1,2025-02-09,6,9,2,1,0,None,35.7,0.7,15000,9081
1,2025-02-09,6,10,2,1,0,None,26.2,0.0,15000,9890
1,2025-02-09,6,11,2,1,0,None,28.8,0.5,15000,9268
1,2025-02-09,6,12,2,1,0,None,21.6,0.2,15000,7344
1,2025-02-09,6,12,2,1,1,Minor,22.4,1.4,15000,10995
1,2025-02-09,6,13,2,1,0,None,25.4,2.7,15000,5845
1,2025-02-09,6,14,2,1,0,None,29.8,0.0,15000,4878
1,2025-02-09,6,14,2,1,0,None,20.8,0.7,15000,5522
1,2025-02-09,6,15,2,1,1,Minor,20.7,1.1,15000,9114
1,2025-02-09,6,16,2,1,0,None,32.2,2.3,15000,8166
1,2025-02-09,6,17,2,1,1,Minor,21.1,4.9,15000,13152
1,2025-02-09,6,17,2,1,0,None,31.5,0.0,15000,10622
1,2025-02-09,6,18,2,1,0,None,23.7,0.0,15000,12523
1,2025-02-09,6,19,2,1,1,Major,20.6,0.0,15000,15000
1,2025-02-09,6,20,2,1,0,None,25.5,0.0,15000,13143
1,2025-02-09,6,20,2,1,0,None,24.6,0.8,15000,13116
1,2025-02-09,6,21,2,1,0,None,33.4,1.6,15000,10024
1,2025-02-09,6,22,2,1,0,None,26.4,1.4,15000,6723
1,2025-02-09,6,22,2,1,0,None,29.5,0.0,15000,6716
1,2025-02-09,6,23,2,1,0,None,24.7,3.3,15000,3658
1,2025-02-10,0,0,2,0,1,Minor,27.6,0.6,15000,1064
1,2025-02-10,0,1,2,0,0,None,27.2,2.8,15000,610
1,2025-02-10,0,1,2,0,0,None,16.8,0.4,15000,1040
1,2025-02-10,0,2,2,0,1,Minor,27.2,1.3,15000,1156
1,2025-02-10,0,3,2,0,0,None,29.0,0.0,15000,376
1,2025-02-10,0,4,2,0,0,None,21.6,3.5,15000,834
1,2025-02-10,0,4,2,0,0,None,28.0,0.0,15000,652
1,2025-02-10,0,5,2,0,0,None,15.0,1.3,15000,1343
1,2025-02-10,0,6,2,0,0,None,37.0,0.0,15000,2494
1,2025-02-10,0,7,2,0,0,None,29.9,0.0,15000,3893
1,2025-02-10,0,7,2,0,0,None,28.3,0.1,15000,3813
1,2025-02-10,0,8,2,0,0,None,30.3,0.0,15000,5492
1,2025-02-10,0,9,2,0,0,None,28.3,0.0,15000,7334
1,2025-02-10,0,9,2,0,0,None,29.5,1.3,15000,6998
1,2025-02-10,0,10,2,0,1,Minor,33.8,2.9,15000,11488
1,2025-02-10,0,11,2,0,0,None,27.3,0.2,15000,7374
1,2025-02-10,0,12,2,0,0,None,15.0,0.4,15000,5572
1,2025-02-10,0,12,2,0,0,None,25.3,0.1,15000,5930
1,2025-02-10,0,13,2,0,0,None,19.5,1.5,15000,4805
1,2025-02-10,0,14,2,0,0,None,23.3,0.0,15000,4124
1,2025-02-10,0,15,2,0,0,None,22.6,0.3,15000,4746
1,2025-02-10,0,15,2,0,0,None,26.7,0.5,15000,4815
1,2025-02-10,0,16,2,0,0,None,23.2,3.6,15000,5792
1,2025-02-10,0,17,2,0,0,None,22.7,0.3,15000,7994
1,2025-02-10,0,17,2,0,0,None,30.3,0.0,15000,7972
1,2025-02-10,0,18,2,0,0,None,23.6,0.6,15000,10217
1,2025-02-10,0,19,2,0,0,None,25.2,2.1,15000,11074
1,2025-02-10,0,20,2,0,0,None,22.3,2.4,15000,10438
1,2025-02-10,0,20,2,0,1,Minor,26.9,0.0,15000,14594
1,2025-02-10,0,21,2,0,0,None,30.4,0.5,15000,7884
1,2025-02-10,0,22,2,0,0,None,32.0,5.0,15000,4780
1,2025-02-10,0,23,2,0,0,None,25.1,0.0,15000,2776
1,2025-02-10,0,23,2,0,1,Major,27.3,0.0,15000,5768
1,2025-02-11,1,0,2,0,0,None,22.8,1.3,15000,619
1,2025-02-11,1,1,2,0,0,None,26.0,2.8,15000,501
1,2025-02-11,1,2,2,0,0,None,26.2,0.1,15000,802
1,2025-02-11,1,2,2,0,1,Minor,28.5,0.0,15000,868
1,2025-02-11,1,3,2,0,0,None,38.7,3.1,15000,441
1,2025-02-11,1,4,2,0,0,None,23.8,0.0,15000,780
1,2025-02-11,1,4,2,0,0,None,23.6,1.8,15000,844
1,2025-02-11,1,5,2,0,0,None,21.8,0.2,15000,1170
1,2025-02-11,1,6,2,0,0,None,15.0,4.8,15000,2074
1,2025-02-11,1,7,2,0,1,Minor,24.3,1.8,15000,5769
1,2025-02-11,1,7,2,0,0,None,40.0,0.0,15000,3689
1,2025-02-11,1,8,2,0,0,None,31.3,0.0,15000,5416
1,2025-02-11,1,9,2,0,1,Minor,29.9,0.0,15000,10477
1,2025-02-11,1,10,2,0,0,None,29.2,0.8,15000,7776
1,2025-02-11,1,10,2,0,0,None,27.9,0.0,15000,7990
1,2025-02-11,1,11,2,0,0,None,24.9,0.0,15000,7349
1,2025-02-11,1,12,2,0,0,None,30.7,0.9,15000,5688
1,2025-02-11,1,12,2,0,1,Minor,21.9,0.0,15000,7990
1,2025-02-11,1,13,2,0,0,None,25.7,0.1,15000,4555
1,2025-02-11,1,14,2,0,0,None,24.8,0.1,15000,4248
1,2025-02-11,1,15,2,0,0,None,28.9,1.1,15000,4759
1,2025-02-11,1,15,2,0,0,None,22.9,0.8,15000,4790
1,2025-02-11,1,16,2,0,1,Minor,33.7,2.5,15000,8597
1,2025-02-11,1,17,2,0,0,None,24.9,1.8,15000,7936
1,2025-02-11,1,18,2,0,0,None,31.5,2.3,15000,10075
1,2025-02-11,1,18,2,0,0,None,27.5,1.2,15000,9848
1,2025-02-11,1,19,2,0,0,None,21.3,1.5,15000,11065
1,2025-02-11,1,20,2,0,0,None,26.6,0.0,15000,10075
1,2025-02-11,1,20,2,0,0,None,26.7,0.6,15000,10185
1,2025-02-11,1,21,2,0,0,None,31.8,0.0,15000,8004
1,2025-02-11,1,22,2,0,1,Minor,26.1,4.0,15000,6630
1,2025-02-11,1,23,2,0,0,None,28.9,0.0,15000,2750
1,2025-02-11,1,23,2,0,0,None,20.0,2.8,15000,2981
1,2025-02-12,2,0,2,0,1,Minor,38.0,0.9,15000,1338
1,2025-02-12,2,1,2,0,0,None,32.1,0.0,15000,587
1,2025-02-12,2,2,2,0,0,None,34.6,1.1,15000,615
1,2025-02-12,2,2,2,0,0,None,32.3,0.3,15000,585
1,2025-02-12,2,3,2,0,0,None,21.3,0.2,15000,522
1,2025-02-12,2,4,2,0,0,None,31.0,2.2,15000,699
1,2025-02-12,2,5,2,0,0,None,28.1,0.0,15000,1245
1,2025-02-12,2,5,2,0,0,None,23.4,1.4,15000,810
1,2025-02-12,2,6,2,0,0,None,16.6,0.1,15000,2248
1,2025-02-12,2,7,2,0,0,None,24.4,0.5,15000,4165
1,2025-02-12,2,7,2,0,0,None,22.4,2.9,15000,3787
1,2025-02-12,2,8,2,0,0,None,36.3,0.0,15000,5894
1,2025-02-12,2,9,2,0,0,None,42.0,0.1,15000,6404
1,2025-02-12,2,10,2,0,1,Minor,22.6,0.0,15000,11051
1,2025-02-12,2,10,2,0,1,Minor,28.6,0.5,15000,11804
1,2025-02-12,2,11,2,0,0,None,23.5,0.0,15000,7353
1,2025-02-12,2,12,2,0,0,None,22.1,0.8,15000,5570
1,2025-02-12,2,13,2,0,0,None,25.4,0.0,15000,4951
1,2025-02-12,2,13,2,0,0,None,27.3,1.1,15000,4781
1,2025-02-12,2,14,2,0,1,Major,24.2,0.6,15000,8363
1,2025-02-12,2,15,2,0,0,None,27.2,0.3,15000,4928
1,2025-02-12,2,15,2,0,0,None,24.6,0.4,15000,4874
1,2025-02-12,2,16,2,0,0,None,15.0,0.6,15000,5858
1,2025-02-12,2,17,2,0,0,None,27.1,1.7,15000,7912
1,2025-02-12,2,18,2,0,0,None,29.5,2.5,15000,9976
1,2025-02-12,2,18,2,0,0,None,28.2,0.5,15000,10172
1,2025-02-12,2,19,2,0,1,Major,25.7,0.8,15000,15000
1,2025-02-12,2,20,2,0,0,None,22.6,0.6,15000,10403
1,2025-02-12,2,21,2,0,1,Minor,34.5,1.0,15000,11390
1,2025-02-12,2,21,2,0,0,None,26.9,0.1,15000,7595
1,2025-02-12,2,22,2,0,0,None,29.1,2.2,15000,5319
1,2025-02-12,2,23,2,0,0,None,25.4,0.1,15000,2883
1,2025-02-12,2,23,2,0,0,None,31.7,0.2,15000,2679
1,2025-02-13,3,0,2,0,0,None,17.5,2.6,15000,655
1,2025-02-13,3,1,2,0,0,None,28.5,0.4,15000,660
1,2025-02-13,3,2,2,0,1,Minor,24.8,0.0,15000,504
1,2025-02-13,3,2,2,0,0,None,23.1,0.7,15000,710
1,2025-02-13,3,3,2,0,0,None,34.7,0.6,15000,565
1,2025-02-13,3,4,2,0,0,None,18.3,0.0,15000,809
1,2025-02-13,3,5,2,0,0,None,27.4,0.5,15000,1243
1,2025-02-13,3,5,2,0,0,None,23.3,0.6,15000,1315
1,2025-02-13,3,6,2,0,0,None,30.1,0.0,15000,2370
1,2025-02-13,3,7,2,0,0,None,24.5,0.1,15000,3941
1,2025-02-13,3,8,2,0,0,None,28.6,0.0,15000,5743
1,2025-02-13,3,8,2,0,0,None,27.3,0.0,15000,5599
1,2025-02-13,3,9,2,0,0,None,30.5,1.7,15000,7364
1,2025-02-13,3,10,2,0,0,None,27.2,0.0,15000,8065
1,2025-02-13,3,10,2,0,0,None,28.2,0.4,15000,7740
1,2025-02-13,3,11,2,0,0,None,30.2,0.2,15000,7257
1,2025-02-13,3,12,2,0,0,None,30.7,0.0,15000,5998
1,2025-02-13,3,13,2,0,0,None,25.4,0.0,15000,4561
1,2025-02-13,3,13,2,0,0,None,23.7,0.0,15000,4839
1,2025-02-13,3,14,2,0,0,None,29.9,2.6,15000,4300
1,2025-02-13,3,15,2,0,0,None,25.3,1.4,15000,4864
1,2025-02-13,3,16,2,0,0,None,27.2,0.0,15000,6417
1,2025-02-13,3,16,2,0,0,None,24.8,0.0,15000,6059
1,2025-02-13,3,17,2,0,0,None,24.9,1.8,15000,8330
1,2025-02-13,3,18,2,0,0,None,31.0,2.2,15000,9798
1,2025-02-13,3,18,2,0,0,None,20.9,1.6,15000,10085
1,2025-02-13,3,19,2,0,0,None,26.8,0.0,15000,10684
1,2025-02-13,3,20,2,0,0,None,21.2,0.3,15000,10231
1,2025-02-13,3,21,2,0,0,None,39.8,0.0,15000,7086
1,2025-02-13,3,21,2,0,0,None,22.6,0.0,15000,8172
1,2025-02-13,3,22,2,0,0,None,22.0,0.6,15000,5070
1,2025-02-13,3,23,2,0,0,None,33.8,0.6,15000,2570
1,2025-02-14,4,0,2,0,0,None,34.8,0.0,15000,520
1,2025-02-14,4,0,2,0,1,Minor,29.3,0.0,15000,1316
1,2025-02-14,4,1,2,0,0,None,32.0,3.0,15000,692
1,2025-02-14,4,2,2,0,0,None,28.3,0.2,15000,438
1,2025-02-14,4,2,2,0,0,None,25.9,0.0,15000,808
1,2025-02-14,4,3,2,0,0,None,29.2,0.0,15000,661
1,2025-02-14,4,4,2,0,1,Minor,28.3,0.6,15000,1088
1,2025-02-14,4,5,2,0,0,None,18.5,1.6,15000,1541
1,2025-02-14,4,5,2,0,0,None,30.6,0.0,15000,1331
1,2025-02-14,4,6,2,0,0,None,23.1,0.0,15000,2565
1,2025-02-14,4,7,2,0,1,Minor,22.8,0.2,15000,5857
1,2025-02-14,4,8,2,0,0,None,24.1,0.2,15000,5780
1,2025-02-14,4,8,2,0,0,None,33.6,0.0,15000,5750
1,2025-02-14,4,9,2,0,0,None,29.7,1.0,15000,7480
1,2025-02-14,4,10,2,0,0,None,29.0,0.5,15000,7763
1,2025-02-14,4,11,2,0,0,None,30.4,0.7,15000,7211
1,2025-02-14,4,11,2,0,1,Minor,34.9,1.5,15000,10471
1,2025-02-14,4,12,2,0,0,None,25.5,0.2,15000,5811
1,2025-02-14,4,13,2,0,0,None,28.5,2.0,15000,4848
1,2025-02-14,4,13,2,0,1,Minor,25.0,0.0,15000,7005
1,2025-02-14,4,14,2,0,0,None,19.4,0.1,15000,4089
1,2025-02-14,4,15,2,0,0,None,30.1,0.3,15000,4529
1,2025-02-14,4,16,2,0,0,None,29.3,1.3,15000,6211
1,2025-02-14,4,16,2,0,0,None,23.7,0.0,15000,6243
1,2025-02-14,4,17,2,0,0,None,24.0,0.0,15000,8272
1,2025-02-14,4,18,2,0,0,None,28.8,0.0,15000,10184
1,2025-02-14,4,19,2,0,0,None,37.6,0.0,15000,9747
1,2025-02-14,4,19,2,0,0,None,32.6,0.0,15000,10803
1,2025-02-14,4,20,2,0,0,None,30.0,0.0,15000,9855
1,2025-02-14,4,21,2,0,0,None,30.4,1.6,15000,7725
1,2025-02-14,4,21,2,0,0,None,31.1,0.1,15000,8140
1,2025-02-14,4,22,2,0,0,None,30.0,1.2,15000,4859
1,2025-02-14,4,23,2,0,0,None,25.1,1.6,15000,2413
1,2025-02-15,5,0,2,1,0,None,37.1,2.4,15000,1092
1,2025-02-15,5,0,2,1,1,Minor,30.8,1.7,15000,1456
1,2025-02-15,5,1,2,1,0,None,22.9,0.3,15000,814
1,2025-02-15,5,2,2,1,0,None,31.9,0.0,15000,569
1,2025-02-15,5,3,2,1,0,None,36.5,0.0,15000,445
1,2025-02-15,5,3,2,1,0,None,26.1,0.0,15000,950
1,2025-02-15,5,4,2,1,0,None,22.1,0.6,15000,904
1,2025-02-15,5,5,2,1,0,None,27.9,2.0,15000,1515
1,2025-02-15,5,6,2,1,0,None,19.0,0.6,15000,2972
1,2025-02-15,5,6,2,1,0,None,33.1,0.6,15000,3064
1,2025-02-15,5,7,2,1,0,None,22.0,0.0,15000,4893
1,2025-02-15,5,8,2,1,0,None,31.6,2.4,15000,7201
1,2025-02-15,5,8,2,1,0,None,29.2,0.1,15000,7266
1,2025-02-15,5,9,2,1,1,Minor,28.7,0.0,15000,13435
1,2025-02-15,5,10,2,1,0,None,32.0,0.3,15000,9975
1,2025-02-15,5,11,2,1,0,None,26.2,0.4,15000,9205
1,2025-02-15,5,11,2,1,0,None,32.7,2.1,15000,9128
1,2025-02-15,5,12,2,1,0,None,29.0,0.6,15000,7385
1,2025-02-15,5,13,2,1,0,None,22.9,0.1,15000,5765
1,2025-02-15,5,14,2,1,0,None,23.9,0.5,15000,5297
1,2025-02-15,5,14,2,1,1,Minor,25.8,0.3,15000,7699
1,2025-02-15,5,15,2,1,0,None,30.2,0.3,15000,6339
1,2025-02-15,5,16,2,1,0,None,32.4,0.0,15000,7755
1,2025-02-15,5,16,2,1,1,Major,26.4,0.0,15000,15000
1,2025-02-15,5,17,2,1,0,None,26.2,0.5,15000,10752
1,2025-02-15,5,18,2,1,0,None,24.4,0.0,15000,12909
1,2025-02-15,5,19,2,1,0,None,30.4,0.0,15000,14052
1,2025-02-15,5,19,2,1,0,None,25.0,0.8,15000,13894
1,2025-02-15,5,20,2,1,0,None,25.2,0.3,15000,12860
1,2025-02-15,5,21,2,1,0,None,32.5,0.0,15000,9871
1,2025-02-15,5,22,2,1,0,None,23.9,2.5,15000,6653
1,2025-02-15,5,22,2,1,0,None,27.3,0.0,15000,6471
1,2025-02-15,5,23,2,1,0,None,28.5,3.4,15000,3294
1,2025-02-16,6,0,2,1,0,None,28.0,0.1,15000,996
1,2025-02-16,6,0,2,1,0,None,20.3,0.0,15000,1075
1,2025-02-16,6,1,2,1,0,None,31.4,0.0,15000,706
1,2025-02-16,6,2,2,1,0,None,30.4,2.8,15000,694
1,2025-02-16,6,3,2,1,0,None,22.1,0.5,15000,632
1,2025-02-16,6,3,2,1,0,None,26.1,2.3,15000,270
1,2025-02-16,6,4,2,1,0,None,19.7,0.0,15000,909
1,2025-02-16,6,5,2,1,1,Minor,20.4,0.0,15000,2592
1,2025-02-16,6,6,2,1,0,None,29.1,0.4,15000,3162
1,2025-02-16,6,6,2,1,0,None,23.5,0.0,15000,2925
1,2025-02-16,6,7,2,1,0,None,28.1,0.2,15000,5206
1,2025-02-16,6,8,2,1,0,None,37.0,0.0,15000,6648
1,2025-02-16,6,9,2,1,0,None,33.7,0.8,15000,9333
1,2025-02-16,6,9,2,1,0,None,26.2,0.0,15000,8997
1,2025-02-16,6,10,2,1,0,None,17.1,1.3,15000,10089
1,2025-02-16,6,11,2,1,0,None,31.8,2.0,15000,9187
1,2025-02-16,6,11,2,1,0,None,27.4,1.3,15000,9187
1,2025-02-16,6,12,2,1,0,None,29.1,0.0,15000,7268
1,2025-02-16,6,13,2,1,0,None,15.0,0.0,15000,5822
1,2025-02-16,6,14,2,1,0,None,30.1,1.0,15000,4966
1,2025-02-16,6,14,2,1,0,None,27.2,0.2,15000,5458
1,2025-02-16,6,15,2,1,0,None,20.1,0.0,15000,6369
1,2025-02-16,6,16,2,1,0,None,34.0,0.4,15000,7667
1,2025-02-16,6,17,2,1,0,None,23.9,0.2,15000,10445
1,2025-02-16,6,17,2,1,0,None,34.9,1.7,15000,10345
1,2025-02-16,6,18,2,1,0,None,30.7,1.8,15000,12823
1,2025-02-16,6,19,2,1,0,None,23.8,0.4,15000,13763
1,2025-02-16,6,19,2,1,0,None,23.1,0.0,15000,13938
1,2025-02-16,6,20,2,1,0,None,36.0,2.5,15000,13249
1,2025-02-16,6,21,2,1,0,None,24.9,0.0,15000,10157
1,2025-02-16,6,22,2,1,0,None,23.6,0.2,15000,6837
1,2025-02-16,6,22,2,1,0,None,23.7,1.6,15000,6476
1,2025-02-16,6,23,2,1,0,None,27.1,2.0,15000,3269
1,2025-02-17,0,0,2,0,0,None,25.9,1.3,15000,763
1,2025-02-17,0,1,2,0,0,None,29.3,0.4,15000,894
1,2025-02-17,0,1,2,0,1,Minor,26.9,0.0,15000,978
1,2025-02-17,0,2,2,0,0,None,30.2,0.7,15000,256
1,2025-02-17,0,3,2,0,0,None,24.4,0.3,15000,681
1,2025-02-17,0,4,2,0,0,None,32.6,0.2,15000,886
1,2025-02-17,0,4,2,0,0,None,34.3,0.0,15000,636
1,2025-02-17,0,5,2,0,0,None,32.3,0.5,15000,1313
1,2025-02-17,0,6,2,0,0,None,17.8,0.0,15000,1858
1,2025-02-17,0,6,2,0,0,None,29.0,2.5,15000,2374
1,2025-02-17,0,7,2,0,0,None,37.1,1.4,15000,3526
1,2025-02-17,0,8,2,0,0,None,24.9,0.4,15000,5736
1,2025-02-17,0,9,2,0,0,None,24.6,0.3,15000,6947
1,2025-02-17,0,9,2,0,0,None,27.0,0.0,15000,7005
1,2025-02-17,0,10,2,0,0,None,31.2,1.2,15000,8286
1,2025-02-17,0,11,2,0,0,None,25.1,0.4,15000,7531
1,2025-02-17,0,12,2,0,0,None,19.4,0.0,15000,5890
1,2025-02-17,0,12,2,0,1,Minor,28.1,0.0,15000,8384
1,2025-02-17,0,13,2,0,0,None,32.8,0.0,15000,4787
1,2025-02-17,0,14,2,0,0,None,19.8,0.0,15000,4303
1,2025-02-17,0,14,2,0,1,Major,29.4,0.2,15000,8301
1,2025-02-17,0,15,2,0,0,None,26.2,0.0,15000,4978
1,2025-02-17,0,16,2,0,0,None,27.9,0.6,15000,6085
1,2025-02-17,0,17,2,0,0,None,27.5,2.1,15000,7951
1,2025-02-17,0,17,2,0,0,None,23.1,0.0,15000,8134
1,2025-02-17,0,18,2,0,0,None,26.6,0.3,15000,10041
1,2025-02-17,0,19,2,0,0,None,26.7,1.2,15000,10774
1,2025-02-17,0,20,2,0,0,None,34.4,0.0,15000,10430
1,2025-02-17,0,20,2,0,0,None,28.8,0.0,15000,10145
1,2025-02-17,0,21,2,0,0,None,31.8,0.0,15000,8068
1,2025-02-17,0,22,2,0,0,None,33.7,0.0,15000,5274
1,2025-02-17,0,22,2,0,0,None,25.4,1.7,15000,5267
1,2025-02-17,0,23,2,0,0,None,17.4,0.6,15000,2678
1,2025-02-18,1,0,2,0,0,None,35.9,1.0,15000,660
1,2025-02-18,1,1,2,0,0,None,18.6,0.0,15000,606
1,2025-02-18,1,1,2,0,0,None,25.6,1.3,15000,817
1,2025-02-18,1,2,2,0,1,Minor,28.2,1.4,15000,795
1,2025-02-18,1,3,2,0,0,None,19.1,0.2,15000,551
1,2025-02-18,1,4,2,0,0,None,23.4,2.7,15000,900
1,2025-02-18,1,4,2,0,0,None,27.2,0.7,15000,340
1,2025-02-18,1,5,2,0,0,None,33.4,0.0,15000,683
1,2025-02-18,1,6,2,0,0,None,21.6,1.3,15000,2442
1,2025-02-18,1,7,2,0,0,None,26.3,0.0,15000,4051
1,2025-02-18,1,7,2,0,0,None,24.1,0.2,15000,3827
1,2025-02-18,1,8,2,0,0,None,25.9,0.0,15000,5976
1,2025-02-18,1,9,2,0,0,None,21.1,0.7,15000,7155
1,2025-02-18,1,9,2,0,0,None,28.4,2.5,15000,7175
1,2025-02-18,1,10,2,0,0,None,24.3,0.0,15000,7852
1,2025-02-18,1,11,2,0,0,None,26.2,0.3,15000,7255
1,2025-02-18,1,12,2,0,1,Minor,16.9,0.4,15000,8392
1,2025-02-18,1,12,2,0,0,None,28.9,0.3,15000,5873
1,2025-02-18,1,13,2,0,0,None,18.0,0.0,15000,4778
1,2025-02-18,1,14,2,0,0,None,26.3,1.6,15000,4205
1,2025-02-18,1,15,2,0,0,None,25.9,2.4,15000,4909
1,2025-02-18,1,15,2,0,0,None,23.9,0.0,15000,4853
1,2025-02-18,1,16,2,0,0,None,18.9,0.0,15000,6093
1,2025-02-18,1,17,2,0,0,None,25.4,0.1,15000,7707
1,2025-02-18,1,17,2,0,0,None,27.5,0.0,15000,8200
1,2025-02-18,1,18,2,0,0,None,25.1,0.0,15000,10138
1,2025-02-18,1,19,2,0,0,None,33.5,0.0,15000,11350
1,2025-02-18,1,20,2,0,0,None,20.8,0.4,15000,10324
1,2025-02-18,1,20,2,0,0,None,27.6,1.8,15000,10219
1,2025-02-18,1,21,2,0,0,None,20.8,4.2,15000,6964
1,2025-02-18,1,22,2,0,0,None,15.7,0.8,15000,5132
1,2025-02-18,1,23,2,0,1,Minor,18.7,2.2,15000,3895
1,2025-02-18,1,23,2,0,1,Minor,31.8,0.0,15000,3865
1,2025-02-19,2,0,2,0,0,None,17.5,0.1,15000,926
1,2025-02-19,2,1,2,0,1,Minor,23.4,3.2,15000,1312
1,2025-02-19,2,1,2,0,0,None,19.2,1.1,15000,1170
1,2025-02-19,2,2,2,0,1,Minor,24.1,1.2,15000,686
1,2025-02-19,2,3,2,0,0,None,19.9,2.0,15000,615
1,2025-02-19,2,4,2,0,0,None,16.1,0.0,15000,819
1,2025-02-19,2,4,2,0,1,Minor,31.2,0.5,15000,887
1,2025-02-19,2,5,2,0,0,None,35.0,0.4,15000,1166
1,2025-02-19,2,6,2,0,0,None,25.4,0.4,15000,2114
1,2025-02-19,2,7,2,0,0,None,26.1,0.0,15000,4039
1,2025-02-19,2,7,2,0,0,None,20.7,1.3,15000,3990
1,2025-02-19,2,8,2,0,0,None,28.9,0.3,15000,5845
1,2025-02-19,2,9,2,0,0,None,26.7,0.2,15000,7364
1,2025-02-19,2,10,2,0,0,None,20.5,2.4,15000,7979
1,2025-02-19,2,10,2,0,0,None,23.1,0.7,15000,7966
1,2025-02-19,2,11,2,0,1,Minor,27.3,0.2,15000,10379
1,2025-02-19,2,12,2,0,0,None,26.3,0.0,15000,5568
1,2025-02-19,2,12,2,0,0,None,36.2,0.1,15000,5827
1,2025-02-19,2,13,2,0,1,Minor,36.3,0.0,15000,6688
1,2025-02-19,2,14,2,0,0,None,18.2,0.0,15000,4232
1,2025-02-19,2,15,2,0,0,None,28.6,0.0,15000,4959
1,2025-02-19,2,15,2,0,1,Minor,30.4,0.2,15000,7336
1,2025-02-19,2,16,2,0,0,None,30.3,3.8,15000,5960
1,2025-02-19,2,17,2,0,0,None,19.7,0.3,15000,8475
1,2025-02-19,2,18,2,0,0,None,26.7,0.5,15000,10245
1,2025-02-19,2,18,2,0,0,None,22.5,1.0,15000,10122
1,2025-02-19,2,19,2,0,0,None,22.5,0.2,15000,10556
1,2025-02-19,2,20,2,0,1,Minor,32.4,0.9,15000,14606
1,2025-02-19,2,20,2,0,0,None,20.1,0.0,15000,10197
1,2025-02-19,2,21,2,0,1,Major,26.2,0.0,15000,15000
1,2025-02-19,2,22,2,0,0,None,28.7,0.0,15000,5008
1,2025-02-19,2,23,2,0,0,None,20.2,1.1,15000,2971
1,2025-02-19,2,23,2,0,0,None,30.9,0.0,15000,2521
1,2025-02-20,3,0,2,0,0,None,18.7,0.7,15000,799
1,2025-02-20,3,1,2,0,0,None,20.0,0.0,15000,573
1,2025-02-20,3,2,2,0,0,None,30.6,0.2,15000,508
1,2025-02-20,3,2,2,0,0,None,32.5,0.9,15000,481
1,2025-02-20,3,3,2,0,0,None,32.1,0.0,15000,453
1,2025-02-20,3,4,2,0,0,None,15.0,0.4,15000,826
1,2025-02-20,3,4,2,0,0,None,17.1,0.0,15000,648
1,2025-02-20,3,5,2,0,0,None,15.0,1.0,15000,1302
1,2025-02-20,3,6,2,0,0,None,27.5,1.6,15000,2504
1,2025-02-20,3,7,2,0,1,Minor,18.7,0.6,15000,5554
1,2025-02-20,3,7,2,0,0,None,25.0,0.9,15000,4047
1,2025-02-20,3,8,2,0,0,None,27.8,3.1,15000,5528
1,2025-02-20,3,9,2,0,0,None,32.0,2.8,15000,6859
1,2025-02-20,3,10,2,0,0,None,28.3,1.7,15000,7758
1,2025-02-20,3,10,2,0,0,None,30.7,0.0,15000,7797
1,2025-02-20,3,11,2,0,0,None,41.5,1.2,15000,6438
1,2025-02-20,3,12,2,0,0,None,33.8,0.6,15000,6042
1,2025-02-20,3,13,2,0,0,None,25.3,0.0,15000,4693
1,2025-02-20,3,13,2,0,0,None,33.2,1.0,15000,4730
1,2025-02-20,3,14,2,0,0,None,21.5,0.2,15000,3870
1,2025-02-20,3,15,2,0,0,None,27.7,5.0,15000,4142
1,2025-02-20,3,15,2,0,0,None,30.5,1.1,15000,4745
1,2025-02-20,3,16,2,0,0,None,35.7,0.4,15000,5984
1,2025-02-20,3,17,2,0,0,None,20.3,0.5,15000,8100
1,2025-02-20,3,18,2,0,0,None,30.0,0.9,15000,10153
1,2025-02-20,3,18,2,0,1,Minor,27.0,2.3,15000,14840
1,2025-02-20,3,19,2,0,0,None,26.5,0.5,15000,10931
1,2025-02-20,3,20,2,0,0,None,28.5,1.1,15000,10013
1,2025-02-20,3,21,2,0,0,None,32.1,0.2,15000,8138
1,2025-02-20,3,21,2,0,1,Major,27.5,0.9,15000,15000
1,2025-02-20,3,22,2,0,0,None,27.8,0.0,15000,5484
1,2025-02-20,3,23,2,0,0,None,29.5,2.3,15000,2885
1,2025-02-20,3,23,2,0,1,Minor,31.7,0.0,15000,3767
1,2025-02-21,4,0,2,0,0,None,25.6,0.9,15000,995
1,2025-02-21,4,1,2,0,0,None,19.5,0.0,15000,865
1,2025-02-21,4,2,2,0,0,None,19.8,0.3,15000,445
1,2025-02-21,4,2,2,0,0,None,32.5,0.6,15000,516
1,2025-02-21,4,3,2,0,0,None,27.7,0.9,15000,902
1,2025-02-21,4,4,2,0,0,None,31.5,1.3,15000,745
1,2025-02-21,4,5,2,0,0,None,18.8,4.5,15000,1335
1,2025-02-21,4,5,2,0,0,None,26.4,0.8,15000,1267
1,2025-02-21,4,6,2,0,1,Minor,26.8,0.1,15000,3434
1,2025-02-21,4,7,2,0,0,None,23.4,1.0,15000,3867
1,2025-02-21,4,8,2,0,0,None,23.9,0.7,15000,5535
1,2025-02-21,4,8,2,0,1,Minor,29.9,1.3,15000,8425
1,2025-02-21,4,9,2,0,0,None,25.6,0.8,15000,7519
1,2025-02-21,4,10,2,0,1,Minor,33.5,0.4,15000,11585
1,2025-02-21,4,10,2,0,0,None,31.3,1.0,15000,7678
1,2025-02-21,4,11,2,0,0,None,32.9,0.6,15000,7135
1,2025-02-21,4,12,2,0,0,None,35.8,0.6,15000,6221
1,2025-02-21,4,13,2,0,0,None,38.6,0.4,15000,4271
1,2025-02-21,4,13,2,0,1,Minor,30.8,0.0,15000,7007
1,2025-02-21,4,14,2,0,0,None,25.3,0.7,15000,4276
1,2025-02-21,4,15,2,0,0,None,22.8,1.0,15000,5152
1,2025-02-21,4,16,2,0,0,None,30.7,0.1,15000,6390
1,2025-02-21,4,16,2,0,1,Minor,27.3,1.3,15000,8846
1,2025-02-21,4,17,2,0,0,None,20.5,0.3,15000,8021
1,2025-02-21,4,18,2,0,1,Minor,26.3,4.7,15000,12911
1,2025-02-21,4,18,2,0,0,None,29.0,0.0,15000,10054
1,2025-02-21,4,19,2,0,1,Minor,30.5,0.5,15000,15000
1,2025-02-21,4,20,2,0,0,None,30.5,0.0,15000,10271
1,2025-02-21,4,21,2,0,0,None,27.9,0.0,15000,7788
1,2025-02-21,4,21,2,0,0,None,25.3,0.7,15000,7583
1,2025-02-21,4,22,2,0,0,None,22.7,0.9,15000,5361
1,2025-02-21,4,23,2,0,0,None,23.2,0.3,15000,2819
1,2025-02-22,5,0,2,1,0,None,22.8,2.2,15000,1285
1,2025-02-22,5,0,2,1,0,None,29.3,0.0,15000,904
1,2025-02-22,5,1,2,1,0,None,31.8,0.8,15000,1073
1,2025-02-22,5,2,2,1,0,None,22.9,1.1,15000,658
1,2025-02-22,5,2,2,1,0,None,22.0,0.1,15000,854
1,2025-02-22,5,3,2,1,0,None,27.1,0.5,15000,707
1,2025-02-22,5,4,2,1,0,None,16.3,2.7,15000,959
1,2025-02-22,5,5,2,1,1,Major,33.6,0.0,15000,3776
1,2025-02-22,5,5,2,1,0,None,33.5,0.0,15000,1845
1,2025-02-22,5,6,2,1,0,None,24.6,0.0,15000,2986
1,2025-02-22,5,7,2,1,1,Minor,23.4,0.0,15000,7287
1,2025-02-22,5,8,2,1,0,None,24.8,0.0,15000,7437
1,2025-02-22,5,8,2,1,0,None,19.6,0.5,15000,7253
1,2025-02-22,5,9,2,1,0,None,17.3,0.2,15000,9312
1,2025-02-22,5,10,2,1,0,None,25.2,1.9,15000,10445
1,2025-02-22,5,11,2,1,0,None,30.6,0.0,15000,8946
1,2025-02-22,5,11,2,1,0,None,20.3,2.1,15000,9221
1,2025-02-22,5,12,2,1,0,None,38.2,1.0,15000,6273
1,2025-02-22,5,13,2,1,0,None,28.0,0.3,15000,6243
1,2025-02-22,5,13,2,1,1,Minor,33.6,0.7,15000,8752
1,2025-02-22,5,14,2,1,0,None,21.8,0.0,15000,5347
1,2025-02-22,5,15,2,1,0,None,31.9,0.0,15000,6315
1,2025-02-22,5,16,2,1,0,None,18.0,0.0,15000,7599
1,2025-02-22,5,16,2,1,0,None,19.6,3.9,15000,8068
1,2025-02-22,5,17,2,1,0,None,20.7,0.0,15000,10172
1,2025-02-22,5,18,2,1,0,None,27.4,0.5,15000,12988
1,2025-02-22,5,19,2,1,0,None,34.9,0.0,15000,13861
1,2025-02-22,5,19,2,1,1,Minor,37.8,2.2,15000,15000
1,2025-02-22,5,20,2,1,1,Minor,24.5,0.2,15000,15000
1,2025-02-22,5,21,2,1,0,None,21.6,0.4,15000,10081
1,2025-02-22,5,21,2,1,0,None,24.7,1.9,15000,9618
1,2025-02-22,5,22,2,1,0,None,18.5,2.2,15000,6605
1,2025-02-22,5,23,2,1,0,None,23.4,1.6,15000,3362
1,2025-02-23,6,0,2,1,1,Minor,24.7,0.4,15000,1864
1,2025-02-23,6,0,2,1,0,None,32.1,0.0,15000,700
1,2025-02-23,6,1,2,1,1,Major,31.0,0.0,15000,1488
1,2025-02-23,6,2,2,1,1,Minor,35.8,1.1,15000,829
1,2025-02-23,6,3,2,1,0,None,30.3,2.0,15000,623
1,2025-02-23,6,3,2,1,0,None,29.0,1.4,15000,631
1,2025-02-23,6,4,2,1,0,None,20.9,0.0,15000,834
1,2025-02-23,6,5,2,1,0,None,18.0,0.4,15000,1886
1,2025-02-23,6,6,2,1,0,None,30.8,0.0,15000,3145
1,2025-02-23,6,6,2,1,0,None,28.7,1.2,15000,2919
1,2025-02-23,6,7,2,1,0,None,27.8,0.0,15000,4953
1,2025-02-23,6,8,2,1,0,None,37.2,1.7,15000,6507
1,2025-02-23,6,8,2,1,0,None,23.1,0.4,15000,7252
1,2025-02-23,6,9,2,1,0,None,26.6,2.3,15000,9069
1,2025-02-23,6,10,2,1,0,None,21.8,2.4,15000,10213
1,2025-02-23,6,11,2,1,0,None,31.1,1.1,15000,9454
1,2025-02-23,6,11,2,1,0,None,30.3,0.0,15000,9109
1,2025-02-23,6,12,2,1,0,None,30.3,0.3,15000,7441
1,2025-02-23,6,13,2,1,0,None,29.3,0.0,15000,6232
1,2025-02-23,6,14,2,1,0,None,23.4,0.0,15000,5287
1,2025-02-23,6,14,2,1,0,None,31.4,0.0,15000,5333
1,2025-02-23,6,15,2,1,0,None,23.9,2.7,15000,6246
1,2025-02-23,6,16,2,1,0,None,33.5,0.0,15000,7760
1,2025-02-23,6,16,2,1,0,None,37.4,0.0,15000,6797
1,2025-02-23,6,17,2,1,0,None,26.2,0.8,15000,10697
1,2025-02-23,6,18,2,1,0,None,27.0,1.8,15000,12988
1,2025-02-23,6,19,2,1,0,None,19.9,0.2,15000,13994
1,2025-02-23,6,19,2,1,0,None,27.7,1.6,15000,13801
1,2025-02-23,6,20,2,1,0,None,20.6,0.0,15000,13223
1,2025-02-23,6,21,2,1,0,None,25.6,1.9,15000,10049
1,2025-02-23,6,22,2,1,0,None,24.8,0.0,15000,6942
1,2025-02-23,6,22,2,1,0,None,31.9,0.2,15000,6729
1,2025-02-23,6,23,2,1,0,None,26.4,0.6,15000,3234
1,2025-02-24,0,0,2,0,0,None,26.9,0.1,15000,818
1,2025-02-24,0,0,2,0,0,None,18.3,0.2,15000,1222
1,2025-02-24,0,1,2,0,0,None,31.5,0.0,15000,751
1,2025-02-24,0,2,2,0,0,None,18.0,0.4,15000,762
1,2025-02-24,0,3,2,0,0,None,25.2,0.0,15000,467
1,2025-02-24,0,3,2,0,0,None,29.0,1.2,15000,575
1,2025-02-24,0,4,2,0,1,Minor,37.5,4.1,15000,615
1,2025-02-24,0,5,2,0,0,None,25.7,0.7,15000,1079
1,2025-02-24,0,6,2,0,0,None,20.7,0.4,15000,2498
1,2025-02-24,0,6,2,0,0,None,27.0,0.0,15000,2702
1,2025-02-24,0,7,2,0,0,None,22.1,0.0,15000,4270
1,2025-02-24,0,8,2,0,0,None,23.7,0.5,15000,5625
1,2025-02-24,0,9,2,0,0,None,22.6,0.9,15000,7203
1,2025-02-24,0,9,2,0,0,None,30.7,0.7,15000,7022
1,2025-02-24,0,10,2,0,0,None,34.4,0.0,15000,7734
1,2025-02-24,0,11,2,0,0,None,27.2,0.0,15000,7355
1,2025-02-24,0,11,2,0,1,Minor,31.8,0.2,15000,10771
1,2025-02-24,0,12,2,0,0,None,25.8,0.0,15000,5818
1,2025-02-24,0,13,2,0,0,None,29.9,0.2,15000,4575
1,2025-02-24,0,14,2,0,0,None,25.9,0.4,15000,3997
1,2025-02-24,0,14,2,0,0,None,24.5,1.0,15000,4153
1,2025-02-24,0,15,2,0,0,None,29.6,1.5,15000,4750
1,2025-02-24,0,16,2,0,0,None,31.8,0.0,15000,5908
1,2025-02-24,0,17,2,0,0,None,24.8,2.9,15000,8032
1,2025-02-24,0,17,2,0,0,None,31.5,0.2,15000,8081
1,2025-02-24,0,18,2,0,0,None,24.4,0.1,15000,9785
1,2025-02-24,0,19,2,0,0,None,30.1,0.0,15000,10697
1,2025-02-24,0,19,2,0,0,None,30.3,0.2,15000,10974
1,2025-02-24,0,20,2,0,0,None,24.2,0.0,15000,10163
1,2025-02-24,0,21,2,0,0,None,25.4,1.3,15000,7858
1,2025-02-24,0,22,2,0,1,Major,16.6,0.4,15000,10518
1,2025-02-24,0,22,2,0,0,None,21.3,1.2,15000,4983
1,2025-02-24,0,23,2,0,0,None,25.6,0.6,15000,2885
1,2025-02-25,1,0,2,0,0,None,28.2,0.5,15000,700
1,2025-02-25,1,1,2,0,0,None,34.0,0.7,15000,618
1,2025-02-25,1,1,2,0,1,Minor,36.1,1.5,15000,1034
1,2025-02-25,1,2,2,0,0,None,29.4,1.0,15000,409
1,2025-02-25,1,3,2,0,1,Major,18.3,0.9,15000,934
1,2025-02-25,1,3,2,0,0,None,31.0,1.5,15000,581
1,2025-02-25,1,4,2,0,0,None,20.7,2.0,15000,1091
1,2025-02-25,1,5,2,0,0,None,27.2,1.5,15000,1357
1,2025-02-25,1,6,2,0,1,Minor,29.8,0.0,15000,3383
1,2025-02-25,1,6,2,0,0,None,33.5,1.0,15000,2135
1,2025-02-25,1,7,2,0,0,None,30.0,1.2,15000,4417
1,2025-02-25,1,8,2,0,0,None,17.7,0.0,15000,5465
1,2025-02-25,1,9,2,0,0,None,31.5,1.9,15000,6836
1,2025-02-25,1,9,2,0,0,None,29.5,1.0,15000,7151
1,2025-02-25,1,10,2,0,1,Minor,29.9,1.8,15000,11365
1,2025-02-25,1,11,2,0,0,None,25.9,1.7,15000,7272
1,2025-02-25,1,12,2,0,0,None,31.4,0.0,15000,5537
1,2025-02-25,1,12,2,0,1,Minor,24.4,0.1,15000,8205
1,2025-02-25,1,13,2,0,0,None,15.0,0.0,15000,4945
1,2025-02-25,1,14,2,0,1,Major,19.2,0.0,15000,8641
1,2025-02-25,1,14,2,0,0,None,30.1,0.4,15000,4256
1,2025-02-25,1,15,2,0,0,None,22.1,0.3,15000,4957
1,2025-02-25,1,16,2,0,1,Minor,26.3,2.4,15000,8953
1,2025-02-25,1,17,2,0,0,None,35.3,0.8,15000,8096
1,2025-02-25,1,17,2,0,0,None,34.1,0.3,15000,8079
1,2025-02-25,1,18,2,0,0,None,15.0,1.4,15000,9813
1,2025-02-25,1,19,2,0,0,None,20.5,0.4,15000,11039
1,2025-02-25,1,20,2,0,0,None,30.6,0.0,15000,10336
1,2025-02-25,1,20,2,0,0,None,32.2,0.0,15000,10313
1,2025-02-25,1,21,2,0,0,None,20.1,0.1,15000,7959
1,2025-02-25,1,22,2,0,0,None,23.7,0.0,15000,5178
1,2025-02-25,1,22,2,0,0,None,25.2,0.3,15000,5079
1,2025-02-25,1,23,2,0,0,None,25.5,1.5,15000,3028
1,2025-02-26,2,0,2,0,0,None,16.8,1.2,15000,656
1,2025-02-26,2,1,2,0,0,None,21.3,0.0,15000,590
1,2025-02-26,2,1,2,0,0,None,29.6,0.0,15000,178
1,2025-02-26,2,2,2,0,0,None,24.8,0.4,15000,667
1,2025-02-26,2,3,2,0,0,None,31.8,0.0,15000,243
1,2025-02-26,2,4,2,0,0,None,31.6,1.1,15000,893
1,2025-02-26,2,4,2,0,0,None,32.6,3.4,15000,741
1,2025-02-26,2,5,2,0,0,None,27.7,0.5,15000,1446
1,2025-02-26,2,6,2,0,0,None,27.3,0.2,15000,2127
1,2025-02-26,2,6,2,0,0,None,21.5,0.0,15000,2394
1,2025-02-26,2,7,2,0,0,None,34.6,0.0,15000,4033
1,2025-02-26,2,8,2,0,0,None,22.9,0.0,15000,5585
1,2025-02-26,2,9,2,0,0,None,23.5,4.7,15000,6228
1,2025-02-26,2,9,2,0,0,None,25.6,0.7,15000,7088
1,2025-02-26,2,10,2,0,1,Minor,25.4,0.0,15000,11196
1,2025-02-26,2,11,2,0,0,None,19.1,0.0,15000,7153
1,2025-02-26,2,12,2,0,0,None,20.8,1.0,15000,5661
1,2025-02-26,2,12,2,0,0,None,30.3,0.0,15000,5915
1,2025-02-26,2,13,2,0,0,None,30.3,0.0,15000,4714
1,2025-02-26,2,14,2,0,0,None,29.3,0.1,15000,4158
1,2025-02-26,2,15,2,0,0,None,25.6,1.6,15000,4927
1,2025-02-26,2,15,2,0,0,None,25.0,0.5,15000,4554
1,2025-02-26,2,16,2,0,0,None,24.8,0.0,15000,5848
1,2025-02-26,2,17,2,0,0,None,24.5,0.9,15000,8184
1,2025-02-26,2,17,2,0,0,None,27.7,2.8,15000,8124
1,2025-02-26,2,18,2,0,0,None,25.7,0.5,15000,10041
1,2025-02-26,2,19,2,0,0,None,29.4,0.0,15000,10911
1,2025-02-26,2,20,2,0,0,None,20.7,0.1,15000,10267
1,2025-02-26,2,20,2,0,0,None,21.4,3.9,15000,10056
1,2025-02-26,2,21,2,0,0,None,30.9,0.0,15000,7952
1,2025-02-26,2,22,2,0,0,None,33.6,1.0,15000,5338
1,2025-02-26,2,23,2,0,0,None,26.6,1.8,15000,2893
1,2025-02-26,2,23,2,0,0,None,21.2,0.3,15000,2704
1,2025-02-27,3,0,2,0,0,None,26.8,1.4,15000,809
1,2025-02-27,3,1,2,0,0,None,30.7,0.0,15000,703
1,2025-02-27,3,1,2,0,0,None,28.0,0.1,15000,922
1,2025-02-27,3,2,2,0,0,None,26.6,2.1,15000,730
1,2025-02-27,3,3,2,0,0,None,32.2,0.9,15000,656
1,2025-02-27,3,4,2,0,0,None,34.1,0.2,15000,781
1,2025-02-27,3,4,2,0,0,None,28.3,0.2,15000,643
1,2025-02-27,3,5,2,0,0,None,24.7,0.7,15000,1355
1,2025-02-27,3,6,2,0,0,None,25.1,2.3,15000,2488
1,2025-02-27,3,7,2,0,0,None,26.8,0.5,15000,4146
1,2025-02-27,3,7,2,0,0,None,26.4,0.0,15000,4125
1,2025-02-27,3,8,2,0,0,None,19.4,0.0,15000,5576
1,2025-02-27,3,9,2,0,0,None,28.0,0.0,15000,7060
1,2025-02-27,3,10,2,0,0,None,26.5,1.4,15000,7888
1,2025-02-27,3,10,2,0,0,None,26.0,0.4,15000,7648
1,2025-02-27,3,11,2,0,0,None,27.4,0.9,15000,7548
1,2025-02-27,3,12,2,0,0,None,27.0,2.5,15000,5717
1,2025-02-27,3,12,2,0,0,None,35.6,0.1,15000,6165
1,2025-02-27,3,13,2,0,0,None,22.2,1.1,15000,5056
1,2025-02-27,3,14,2,0,0,None,26.2,0.2,15000,3965
1,2025-02-27,3,15,2,0,0,None,30.6,2.1,15000,4605
1,2025-02-27,3,15,2,0,0,None,25.8,3.2,15000,4773
1,2025-02-27,3,16,2,0,0,None,27.1,1.9,15000,5919
1,2025-02-27,3,17,2,0,1,Major,19.4,2.0,15000,15000
1,2025-02-27,3,18,2,0,0,None,32.6,0.0,15000,10225
1,2025-02-27,3,18,2,0,1,Major,18.9,1.6,15000,15000
1,2025-02-27,3,19,2,0,0,None,38.2,0.7,15000,9516
1,2025-02-27,3,20,2,0,0,None,18.8,0.0,15000,10131
1,2025-02-27,3,20,2,0,0,None,16.6,0.0,15000,9912
1,2025-02-27,3,21,2,0,0,None,23.9,0.2,15000,7814
1,2025-02-27,3,22,2,0,0,None,17.9,0.3,15000,5383
1,2025-02-27,3,23,2,0,0,None,24.7,2.1,15000,2677
1,2025-02-27,3,23,2,0,0,None,24.7,0.4,15000,2734
1,2025-02-28,4,0,2,0,0,None,35.8,0.0,15000,970
1,2025-02-28,4,1,2,0,0,None,27.0,0.0,15000,457
1,2025-02-28,4,2,2,0,1,Minor,22.7,1.1,15000,721
1,2025-02-28,4,2,2,0,0,None,24.6,0.7,15000,633
1,2025-02-28,4,3,2,0,0,None,18.4,0.0,15000,693
1,2025-02-28,4,4,2,0,0,None,25.5,0.9,15000,535
1,2025-02-28,4,4,2,0,0,None,27.1,0.7,15000,714
1,2025-02-28,4,5,2,0,0,None,23.0,0.6,15000,1762
1,2025-02-28,4,6,2,0,0,None,24.4,0.0,15000,2591
1,2025-02-28,4,7,2,0,0,None,35.5,0.4,15000,3965
1,2025-02-28,4,7,2,0,1,Minor,31.3,0.0,15000,5853
1,2025-02-28,4,8,2,0,0,None,31.7,1.8,15000,5687
1,2025-02-28,4,9,2,0,0,None,30.5,0.4,15000,7213
1,2025-02-28,4,10,2,0,0,None,23.1,0.2,15000,8047
1,2025-02-28,4,10,2,0,0,None,23.7,0.0,15000,8200
1,2025-02-28,4,11,2,0,0,None,22.8,1.2,15000,7160
1,2025-02-28,4,12,2,0,0,None,16.0,4.4,15000,4874
1,2025-02-28,4,13,2,0,0,None,35.5,0.3,15000,5008
1,2025-02-28,4,13,2,0,0,None,27.1,0.4,15000,4608
1,2025-02-28,4,14,2,0,0,None,28.2,0.0,15000,4028
1,2025-02-28,4,15,2,0,0,None,24.9,0.1,15000,4937
1,2025-02-28,4,15,2,0,0,None,25.0,0.9,15000,4838
1,2025-02-28,4,16,2,0,0,None,29.9,0.0,15000,6267
1,2025-02-28,4,17,2,0,0,None,24.4,0.0,15000,8012
1,2025-02-28,4,18,2,0,0,None,30.0,0.0,15000,9988
1,2025-02-28,4,18,2,0,0,None,30.7,0.1,15000,9879
1,2025-02-28,4,19,2,0,0,None,24.8,0.9,15000,11145
1,2025-02-28,4,20,2,0,0,None,24.5,1.2,15000,9627
1,2025-02-28,4,21,2,0,1,Minor,30.6,0.0,15000,11538
1,2025-02-28,4,21,2,0,0,None,24.5,0.2,15000,8228
1,2025-02-28,4,22,2,0,0,None,21.6,0.4,15000,5173
1,2025-02-28,4,23,2,0,0,None,26.3,5.4,15000,2114
1,2025-02-28,4,23,2,0,0,None,25.6,1.4,15000,2957
1,2025-03-01,5,0,3,1,1,Minor,25.7,0.2,15000,1427
1,2025-03-01,5,1,3,1,0,None,33.5,1.1,15000,536
1,2025-03-01,5,2,3,1,0,None,32.0,0.1,15000,303
1,2025-03-01,5,2,3,1,1,Minor,32.0,0.1,15000,688
1,2025-03-01,5,3,3,1,0,None,22.9,0.2,15000,414
1,2025-03-01,5,4,3,1,0,None,30.5,0.0,15000,899
1,2025-03-01,5,5,3,1,0,None,30.9,0.0,15000,1563
1,2025-03-01,5,5,3,1,0,None,24.9,2.1,15000,1642
1,2025-03-01,5,6,3,1,1,Major,28.2,0.9,15000,5654
1,2025-03-01,5,7,3,1,0,None,24.6,1.0,15000,4602
1,2025-03-01,5,8,3,1,0,None,25.5,0.0,15000,6587
1,2025-03-01,5,8,3,1,0,None,27.6,1.6,15000,7082
1,2025-03-01,5,9,3,1,0,None,23.4,0.6,15000,8627
1,2025-03-01,5,10,3,1,0,None,30.3,0.0,15000,9173
1,2025-03-01,5,10,3,1,0,None,21.4,0.0,15000,8948
1,2025-03-01,5,11,3,1,0,None,24.5,0.1,15000,8436
1,2025-03-01,5,12,3,1,0,None,32.6,1.0,15000,6825
1,2025-03-01,5,13,3,1,0,None,25.6,1.7,15000,5414
1,2025-03-01,5,13,3,1,0,None,25.6,0.0,15000,5503
1,2025-03-01,5,14,3,1,0,None,23.2,3.0,15000,4889
1,2025-03-01,5,15,3,1,0,None,27.3,1.3,15000,5645
1,2025-03-01,5,16,3,1,0,None,34.3,0.8,15000,7409
1,2025-03-01,5,16,3,1,0,None,29.2,0.0,15000,7226
1,2025-03-01,5,17,3,1,1,Minor,38.2,1.7,15000,11595
1,2025-03-01,5,18,3,1,0,None,31.9,0.0,15000,12109
1,2025-03-01,5,18,3,1,0,None,25.3,0.7,15000,11705
1,2025-03-01,5,19,3,1,0,None,26.7,0.0,15000,12845
1,2025-03-01,5,20,3,1,0,None,32.2,0.8,15000,12192
1,2025-03-01,5,21,3,1,1,Minor,25.8,0.1,15000,13518
1,2025-03-01,5,21,3,1,0,None,32.0,2.8,15000,9161
1,2025-03-01,5,22,3,1,0,None,28.8,2.8,15000,6098
1,2025-03-01,5,23,3,1,0,None,18.9,1.7,15000,3300
1,2025-03-02,6,0,3,1,1,Major,17.5,0.1,15000,2186
1,2025-03-02,6,0,3,1,0,None,28.6,1.9,15000,1214
1,2025-03-02,6,1,3,1,0,None,15.0,0.0,15000,965
1,2025-03-02,6,2,3,1,0,None,31.9,1.2,15000,951
1,2025-03-02,6,2,3,1,0,None,19.2,0.0,15000,759
1,2025-03-02,6,3,3,1,0,None,17.4,1.1,15000,750
1,2025-03-02,6,4,3,1,0,None,32.9,0.9,15000,757
1,2025-03-02,6,5,3,1,0,None,25.7,1.0,15000,1541
1,2025-03-02,6,5,3,1,0,None,19.4,0.0,15000,1632
1,2025-03-02,6,6,3,1,0,None,17.6,0.5,15000,2777
1,2025-03-02,6,7,3,1,0,None,35.8,0.3,15000,4643
1,2025-03-02,6,8,3,1,0,None,20.6,0.6,15000,6471
1,2025-03-02,6,8,3,1,0,None,18.7,0.1,15000,6767
1,2025-03-02,6,9,3,1,1,Minor,20.7,2.1,15000,12222
1,2025-03-02,6,10,3,1,0,None,27.9,0.2,15000,8868
1,2025-03-02,6,11,3,1,0,None,17.7,1.1,15000,8282
1,2025-03-02,6,11,3,1,0,None,26.1,1.1,15000,8672
1,2025-03-02,6,12,3,1,1,Minor,29.4,0.0,15000,9776
1,2025-03-02,6,13,3,1,0,None,25.5,0.0,15000,5206
1,2025-03-02,6,13,3,1,0,None,29.9,0.5,15000,5520
1,2025-03-02,6,14,3,1,0,None,24.2,0.1,15000,4874
1,2025-03-02,6,15,3,1,0,None,23.4,0.0,15000,5507
1,2025-03-02,6,16,3,1,0,None,29.1,0.2,15000,7262
1,2025-03-02,6,16,3,1,0,None,18.7,0.4,15000,7124
1,2025-03-02,6,17,3,1,1,Major,24.7,0.5,15000,15000
1,2025-03-02,6,18,3,1,0,None,31.1,1.3,15000,11774
1,2025-03-02,6,19,3,1,0,None,24.0,0.4,15000,12601
1,2025-03-02,6,19,3,1,0,None,23.1,0.0,15000,13009
1,2025-03-02,6,20,3,1,0,None,21.1,0.0,15000,12261
1,2025-03-02,6,21,3,1,0,None,27.6,2.1,15000,9557
1,2025-03-02,6,21,3,1,0,None,32.9,1.5,15000,8875
1,2025-03-02,6,22,3,1,0,None,23.5,0.0,15000,6090
1,2025-03-02,6,23,3,1,0,None,24.2,1.1,15000,3314
1,2025-03-03,0,0,3,0,0,None,39.5,0.3,15000,1017
1,2025-03-03,0,0,3,0,0,None,39.1,4.7,15000,516
1,2025-03-03,0,1,3,0,0,None,37.4,2.3,15000,451
1,2025-03-03,0,2,3,0,0,None,26.5,0.7,15000,589
1,2025-03-03,0,3,3,0,0,None,27.7,0.0,15000,801
1,2025-03-03,0,3,3,0,0,None,36.9,0.1,15000,615
1,2025-03-03,0,4,3,0,0,None,20.1,0.0,15000,1006
1,2025-03-03,0,5,3,0,0,None,35.7,0.2,15000,1215
1,2025-03-03,0,5,3,0,0,None,18.9,0.5,15000,901
1,2025-03-03,0,6,3,0,0,None,21.4,0.4,15000,2198
1,2025-03-03,0,7,3,0,0,None,35.2,0.2,15000,3794
1,2025-03-03,0,8,3,0,0,None,33.3,0.2,15000,5316
1,2025-03-03,0,8,3,0,0,None,28.6,0.0,15000,5251
1,2025-03-03,0,9,3,0,0,None,22.0,1.9,15000,6332
1,2025-03-03,0,10,3,0,1,Major,26.1,0.0,15000,14336
1,2025-03-03,0,11,3,0,0,None,28.5,0.0,15000,6847
1,2025-03-03,0,11,3,0,0,None,22.3,1.0,15000,6559
1,2025-03-03,0,12,3,0,0,None,31.8,0.0,15000,5368
1,2025-03-03,0,13,3,0,0,None,29.2,0.0,15000,4372
1,2025-03-03,0,14,3,0,0,None,27.4,0.6,15000,3838
1,2025-03-03,0,14,3,0,0,None,37.5,0.4,15000,3126
1,2025-03-03,0,15,3,0,0,None,27.0,1.0,15000,4253
1,2025-03-03,0,16,3,0,0,None,31.2,3.0,15000,5630
1,2025-03-03,0,16,3,0,1,Minor,25.4,0.1,15000,8108
1,2025-03-03,0,17,3,0,0,None,31.4,0.0,15000,7836
1,2025-03-03,0,18,3,0,0,None,26.2,2.3,15000,9227
1,2025-03-03,0,19,3,0,0,None,26.1,0.0,15000,10308
1,2025-03-03,0,19,3,0,0,None,35.4,0.1,15000,9940
1,2025-03-03,0,20,3,0,1,Major,27.0,1.0,15000,15000
1,2025-03-03,0,21,3,0,0,None,32.4,1.1,15000,7393
1,2025-03-03,0,22,3,0,0,None,26.9,0.3,15000,4855
1,2025-03-03,0,22,3,0,0,None,26.2,0.8,15000,4688
1,2025-03-03,0,23,3,0,0,None,32.1,0.1,15000,2366
1,2025-03-04,1,0,3,0,0,None,29.5,0.0,15000,692
1,2025-03-04,1,0,3,0,0,None,36.9,0.8,15000,813
1,2025-03-04,1,1,3,0,0,None,26.8,0.0,15000,583
1,2025-03-04,1,2,3,0,0,None,22.0,0.5,15000,298
1,2025-03-04,1,3,3,0,0,None,34.3,0.1,15000,357
1,2025-03-04,1,3,3,0,0,None,24.9,0.0,15000,506
1,2025-03-04,1,4,3,0,0,None,27.4,0.0,15000,731
1,2025-03-04,1,5,3,0,0,None,30.5,1.7,15000,1464
1,2025-03-04,1,6,3,0,0,None,27.3,0.6,15000,1925
1,2025-03-04,1,6,3,0,0,None,30.1,2.4,15000,2216
1,2025-03-04,1,7,3,0,0,None,25.6,0.4,15000,3516
1,2025-03-04,1,8,3,0,0,None,35.4,0.0,15000,5206
1,2025-03-04,1,8,3,0,0,None,23.3,0.1,15000,5292
1,2025-03-04,1,9,3,0,0,None,33.6,0.2,15000,6328
1,2025-03-04,1,10,3,0,0,None,34.3,1.2,15000,6971
1,2025-03-04,1,11,3,0,0,None,28.4,0.3,15000,6761
1,2025-03-04,1,11,3,0,0,None,23.9,1.6,15000,6400
1,2025-03-04,1,12,3,0,0,None,25.3,1.1,15000,5474
1,2025-03-04,1,13,3,0,0,None,29.8,4.1,15000,3563
1,2025-03-04,1,14,3,0,0,None,36.9,0.5,15000,3719
1,2025-03-04,1,14,3,0,0,None,28.9,1.9,15000,3962
1,2025-03-04,1,15,3,0,1,Minor,31.2,0.0,15000,6318
1,2025-03-04,1,16,3,0,1,Minor,29.7,0.0,15000,8202
1,2025-03-04,1,17,3,0,0,None,28.1,1.7,15000,7754
1,2025-03-04,1,17,3,0,0,None,23.9,0.4,15000,7241
1,2025-03-04,1,18,3,0,0,None,29.8,0.6,15000,9207
1,2025-03-04,1,19,3,0,0,None,31.1,0.2,15000,9809
1,2025-03-04,1,19,3,0,0,None,30.4,0.2,15000,9691
1,2025-03-04,1,20,3,0,0,None,25.6,0.6,15000,8993
1,2025-03-04,1,21,3,0,0,None,23.1,0.0,15000,7458
1,2025-03-04,1,22,3,0,1,Major,22.5,0.0,15000,8854
1,2025-03-04,1,22,3,0,0,None,29.6,0.0,15000,4382
1,2025-03-04,1,23,3,0,0,None,19.9,0.5,15000,2411
1,2025-03-05,2,0,3,0,0,None,20.9,0.9,15000,805
1,2025-03-05,2,1,3,0,0,None,26.6,0.0,15000,422
1,2025-03-05,2,1,3,0,0,None,28.0,0.5,15000,291
1,2025-03-05,2,2,3,0,0,None,38.0,0.2,15000,675
1,2025-03-05,2,3,3,0,0,None,23.4,1.8,15000,669
1,2025-03-05,2,3,3,0,0,None,29.0,0.0,15000,573
1,2025-03-05,2,4,3,0,0,None,21.9,0.0,15000,509
1,2025-03-05,2,5,3,0,0,None,22.9,0.0,15000,1296
1,2025-03-05,2,6,3,0,0,None,24.7,0.0,15000,1781
1,2025-03-05,2,6,3,0,0,None,22.2,0.1,15000,2412
1,2025-03-05,2,7,3,0,0,None,22.0,0.0,15000,3664
1,2025-03-05,2,8,3,0,0,None,23.6,2.1,15000,4947
1,2025-03-05,2,9,3,0,0,None,33.4,0.0,15000,6300
1,2025-03-05,2,9,3,0,0,None,33.8,3.3,15000,6489
1,2025-03-05,2,10,3,0,0,None,27.1,0.1,15000,7360
1,2025-03-05,2,11,3,0,0,None,30.5,0.0,15000,6662
1,2025-03-05,2,12,3,0,0,None,25.2,0.0,15000,5312
1,2025-03-05,2,12,3,0,1,Minor,31.1,1.6,15000,7267
1,2025-03-05,2,13,3,0,0,None,27.1,0.0,15000,3890
1,2025-03-05,2,14,3,0,0,None,29.5,0.3,15000,3606
1,2025-03-05,2,14,3,0,0,None,29.8,0.0,15000,3784
1,2025-03-05,2,15,3,0,0,None,29.0,2.8,15000,4697
1,2025-03-05,2,16,3,0,0,None,22.6,0.7,15000,5586
1,2025-03-05,2,17,3,0,0,None,27.8,0.5,15000,7180
1,2025-03-05,2,17,3,0,1,Minor,31.6,0.0,15000,10996
1,2025-03-05,2,18,3,0,0,None,28.2,0.2,15000,9421
1,2025-03-05,2,19,3,0,0,None,30.1,0.9,15000,10027
1,2025-03-05,2,20,3,0,1,Minor,31.9,0.0,15000,13467
1,2025-03-05,2,20,3,0,0,None,26.1,1.8,15000,9406
1,2025-03-05,2,21,3,0,0,None,37.1,1.4,15000,6175
1,2025-03-05,2,22,3,0,1,Major,20.7,0.1,15000,9466
1,2025-03-05,2,22,3,0,0,None,16.8,0.0,15000,4631
1,2025-03-05,2,23,3,0,0,None,26.8,3.3,15000,2406
1,2025-03-06,3,0,3,0,1,Minor,34.0,1.7,15000,1396
1,2025-03-06,3,1,3,0,1,Minor,36.6,0.7,15000,878
1,2025-03-06,3,1,3,0,0,None,28.0,0.5,15000,515
1,2025-03-06,3,2,3,0,0,None,32.8,2.3,15000,225
1,2025-03-06,3,3,3,0,0,None,25.2,0.0,15000,714
1,2025-03-06,3,4,3,0,1,Minor,26.3,0.1,15000,920
1,2025-03-06,3,4,3,0,0,None,23.4,0.6,15000,538
1,2025-03-06,3,5,3,0,0,None,24.4,0.2,15000,1287
1,2025-03-06,3,6,3,0,0,None,27.3,0.0,15000,2464
1,2025-03-06,3,6,3,0,0,None,19.6,0.2,15000,2083
1,2025-03-06,3,7,3,0,0,None,20.9,0.2,15000,3467
1,2025-03-06,3,8,3,0,1,Major,23.9,0.0,15000,10491
1,2025-03-06,3,9,3,0,0,None,30.2,0.4,15000,6601
1,2025-03-06,3,9,3,0,0,None,31.5,0.0,15000,6690
1,2025-03-06,3,10,3,0,0,None,29.1,3.0,15000,7345
1,2025-03-06,3,11,3,0,0,None,25.8,0.0,15000,6359
1,2025-03-06,3,12,3,0,0,None,23.6,0.1,15000,5458
1,2025-03-06,3,12,3,0,0,None,21.6,1.0,15000,5134
1,2025-03-06,3,13,3,0,1,Minor,20.8,0.0,15000,6407
1,2025-03-06,3,14,3,0,0,None,26.8,0.0,15000,3738
1,2025-03-06,3,15,3,0,0,None,16.8,0.0,15000,4402
1,2025-03-06,3,15,3,0,0,None,32.5,0.5,15000,4520
1,2025-03-06,3,16,3,0,0,None,23.8,0.0,15000,5436
1,2025-03-06,3,17,3,0,0,None,27.5,0.6,15000,7123
1,2025-03-06,3,17,3,0,0,None,29.7,1.6,15000,7194
1,2025-03-06,3,18,3,0,0,None,22.7,0.0,15000,8940
1,2025-03-06,3,19,3,0,0,None,30.6,1.4,15000,9825
1,2025-03-06,3,20,3,0,0,None,22.6,0.0,15000,9577
1,2025-03-06,3,20,3,0,0,None,30.0,0.0,15000,9319
1,2025-03-06,3,21,3,0,0,None,27.5,0.0,15000,6827
1,2025-03-06,3,22,3,0,0,None,28.1,0.3,15000,4933
1,2025-03-06,3,23,3,0,0,None,22.6,1.8,15000,2228
1,2025-03-06,3,23,3,0,0,None,16.7,1.8,15000,2287
1,2025-03-07,4,0,3,0,0,None,19.4,1.2,15000,852
1,2025-03-07,4,1,3,0,0,None,29.9,0.0,15000,713
1,2025-03-07,4,1,3,0,0,None,24.1,0.0,15000,801
1,2025-03-07,4,2,3,0,1,Major,16.7,0.6,15000,877
1,2025-03-07,4,3,3,0,0,None,24.9,0.0,15000,612
1,2025-03-07,4,4,3,0,0,None,19.5,0.0,15000,698
1,2025-03-07,4,4,3,0,0,None,31.7,0.3,15000,836
1,2025-03-07,4,5,3,0,0,None,23.8,3.7,15000,1275
1,2025-03-07,4,6,3,0,0,None,24.2,0.0,15000,2104
1,2025-03-07,4,7,3,0,0,None,26.0,1.4,15000,3897
1,2025-03-07,4,7,3,0,0,None,35.0,0.0,15000,3762
1,2025-03-07,4,8,3,0,0,None,21.3,1.0,15000,5359
1,2025-03-07,4,9,3,0,0,None,26.0,0.0,15000,6598
1,2025-03-07,4,10,3,0,0,None,23.4,0.0,15000,7326
1,2025-03-07,4,10,3,0,0,None,30.8,0.0,15000,7224
1,2025-03-07,4,11,3,0,0,None,29.9,1.3,15000,6378
1,2025-03-07,4,12,3,0,0,None,29.7,0.1,15000,5081
1,2025-03-07,4,12,3,0,0,None,33.8,0.4,15000,5134
1,2025-03-07,4,13,3,0,0,None,19.3,0.2,15000,4538
1,2025-03-07,4,14,3,0,0,None,27.3,1.4,15000,3928
1,2025-03-07,4,15,3,0,1,Minor,27.1,0.0,15000,6113
1,2025-03-07,4,15,3,0,0,None,25.3,0.0,15000,4402
1,2025-03-07,4,16,3,0,0,None,30.8,0.8,15000,5623
1,2025-03-07,4,17,3,0,0,None,25.3,1.0,15000,7349
1,2025-03-07,4,18,3,0,0,None,30.4,0.8,15000,9248
1,2025-03-07,4,18,3,0,0,None,22.0,1.7,15000,9115
1,2025-03-07,4,19,3,0,0,None,31.0,0.3,15000,10293
1,2025-03-07,4,20,3,0,0,None,33.5,1.3,15000,9047
1,2025-03-07,4,20,3,0,0,None,26.9,1.5,15000,9044
1,2025-03-07,4,21,3,0,0,None,34.7,0.9,15000,7237
1,2025-03-07,4,22,3,0,0,None,31.1,1.6,15000,4535
1,2025-03-07,4,23,3,0,0,None,23.8,0.2,15000,2562
1,2025-03-07,4,23,3,0,0,None,33.0,0.4,15000,2184
1,2025-03-08,5,0,3,1,0,None,32.4,0.4,15000,1063
1,2025-03-08,5,1,3,1,1,Minor,17.5,0.0,15000,1237
1,2025-03-08,5,2,3,1,0,None,30.8,1.6,15000,646
1,2025-03-08,5,2,3,1,0,None,24.3,0.5,15000,489
1,2025-03-08,5,3,3,1,0,None,29.3,0.0,15000,401
1,2025-03-08,5,4,3,1,1,Minor,34.1,0.6,15000,1151
1,2025-03-08,5,4,3,1,0,None,17.1,2.9,15000,1069
1,2025-03-08,5,5,3,1,1,Minor,30.6,1.6,15000,2284
1,2025-03-08,5,6,3,1,0,None,32.2,0.0,15000,2638
1,2025-03-08,5,7,3,1,0,None,31.9,0.0,15000,4775
1,2025-03-08,5,7,3,1,0,None,31.7,0.0,15000,4699
1,2025-03-08,5,8,3,1,1,Major,21.9,0.6,15000,13245
1,2025-03-08,5,9,3,1,0,None,32.4,0.0,15000,8258
1,2025-03-08,5,10,3,1,0,None,22.0,2.9,15000,9610
1,2025-03-08,5,10,3,1,1,Minor,18.6,2.0,15000,13273
1,2025-03-08,5,11,3,1,0,None,30.2,0.0,15000,8864
1,2025-03-08,5,12,3,1,0,None,25.9,0.0,15000,6598
1,2025-03-08,5,13,3,1,0,None,26.7,1.0,15000,5327
1,2025-03-08,5,13,3,1,0,None,20.7,0.0,15000,5678
1,2025-03-08,5,14,3,1,0,None,27.4,0.3,15000,4547
1,2025-03-08,5,15,3,1,0,None,21.9,0.0,15000,5915
1,2025-03-08,5,15,3,1,0,None,33.4,1.3,15000,5489
1,2025-03-08,5,16,3,1,0,None,29.4,0.6,15000,6907
1,2025-03-08,5,17,3,1,0,None,24.5,0.6,15000,10009
1,2025-03-08,5,18,3,1,0,None,28.5,0.0,15000,11564
1,2025-03-08,5,18,3,1,1,Minor,26.6,0.0,15000,15000
1,2025-03-08,5,19,3,1,0,None,19.9,0.7,15000,13034
1,2025-03-08,5,20,3,1,0,None,17.5,0.0,15000,12017
1,2025-03-08,5,21,3,1,1,Major,26.0,0.1,15000,15000
1,2025-03-08,5,21,3,1,0,None,26.1,1.9,15000,9244
1,2025-03-08,5,22,3,1,0,None,26.3,0.0,15000,6119
1,2025-03-08,5,23,3,1,0,None,22.0,0.7,15000,3107
1,2025-03-08,5,23,3,1,0,None,33.3,1.3,15000,3323
1,2025-03-09,6,0,3,1,0,None,28.5,0.1,15000,1053
1,2025-03-09,6,1,3,1,0,None,25.2,0.0,15000,724
1,2025-03-09,6,2,3,1,0,None,28.5,0.9,15000,778
1,2025-03-09,6,2,3,1,1,Major,28.5,0.1,15000,1413
1,2025-03-09,6,3,3,1,0,None,29.6,0.0,15000,325
1,2025-03-09,6,4,3,1,0,None,25.1,0.6,15000,805
1,2025-03-09,6,5,3,1,0,None,20.3,0.0,15000,1643
1,2025-03-09,6,5,3,1,0,None,31.5,0.2,15000,1519
1,2025-03-09,6,6,3,1,0,None,15.0,1.4,15000,2603
1,2025-03-09,6,7,3,1,0,None,21.4,0.0,15000,4454
1,2025-03-09,6,7,3,1,0,None,24.3,0.9,15000,4532
1,2025-03-09,6,8,3,1,0,None,27.1,2.3,15000,6953
1,2025-03-09,6,9,3,1,0,None,29.5,0.0,15000,8527
1,2025-03-09,6,10,3,1,0,None,22.7,0.3,15000,9098
1,2025-03-09,6,10,3,1,1,Minor,27.3,0.6,15000,13421
1,2025-03-09,6,11,3,1,0,None,24.4,0.7,15000,8447
1,2025-03-09,6,12,3,1,0,None,34.5,0.0,15000,6569
1,2025-03-09,6,13,3,1,0,None,25.0,1.9,15000,5312
1,2025-03-09,6,13,3,1,0,None,33.7,1.1,15000,5187
1,2025-03-09,6,14,3,1,0,None,27.9,0.1,15000,4872
1,2025-03-09,6,15,3,1,0,None,23.4,0.5,15000,5479
1,2025-03-09,6,16,3,1,0,None,24.4,0.0,15000,7036
1,2025-03-09,6,16,3,1,0,None,22.4,0.0,15000,7164
1,2025-03-09,6,17,3,1,1,Minor,23.0,1.3,15000,13774
1,2025-03-09,6,18,3,1,1,Major,29.3,1.1,15000,15000
1,2025-03-09,6,18,3,1,1,Minor,26.9,1.9,15000,15000
1,2025-03-09,6,19,3,1,0,None,30.1,0.3,15000,12562
1,2025-03-09,6,20,3,1,1,Minor,31.3,0.6,15000,15000
1,2025-03-09,6,21,3,1,1,Major,31.0,0.2,15000,15000
1,2025-03-09,6,21,3,1,0,None,30.4,0.5,15000,9336
1,2025-03-09,6,22,3,1,0,None,31.5,0.0,15000,5971
1,2025-03-09,6,23,3,1,0,None,19.8,0.0,15000,3120
1,2025-03-10,0,0,3,0,0,None,28.0,0.7,15000,1022
1,2025-03-10,0,0,3,0,0,None,30.8,0.0,15000,764
1,2025-03-10,0,1,3,0,0,None,26.9,0.3,15000,210
1,2025-03-10,0,2,3,0,0,None,27.2,0.0,15000,294
1,2025-03-10,0,2,3,0,0,None,36.6,1.2,15000,301
1,2025-03-10,0,3,3,0,0,None,15.3,0.2,15000,389
1,2025-03-10,0,4,3,0,0,None,33.0,2.1,15000,696
1,2025-03-10,0,5,3,0,0,None,28.7,0.0,15000,1027
1,2025-03-10,0,5,3,0,1,Major,25.7,2.8,15000,2466
1,2025-03-10,0,6,3,0,0,None,23.4,0.0,15000,2313
1,2025-03-10,0,7,3,0,0,None,24.3,0.1,15000,3438
1,2025-03-10,0,8,3,0,0,None,30.1,0.0,15000,5087
1,2025-03-10,0,8,3,0,1,Major,28.1,0.1,15000,10411
1,2025-03-10,0,9,3,0,1,Minor,31.3,1.4,15000,9451
1,2025-03-10,0,10,3,0,0,None,29.2,0.0,15000,6854
1,2025-03-10,0,10,3,0,0,None,36.1,1.5,15000,7271
1,2025-03-10,0,11,3,0,0,None,27.5,0.1,15000,6290
1,2025-03-10,0,12,3,0,0,None,34.1,0.6,15000,5177
1,2025-03-10,0,13,3,0,0,None,31.9,0.0,15000,4211
1,2025-03-10,0,13,3,0,0,None,26.4,0.1,15000,4032
1,2025-03-10,0,14,3,0,0,None,30.3,0.0,15000,3773
1,2025-03-10,0,15,3,0,0,None,32.4,0.0,15000,4400
1,2025-03-10,0,16,3,0,0,None,32.7,3.0,15000,5820
1,2025-03-10,0,16,3,0,0,None,26.8,0.2,15000,5494
1,2025-03-10,0,17,3,0,0,None,16.2,0.3,15000,7236
1,2025-03-10,0,18,3,0,0,None,38.6,1.7,15000,7941
1,2025-03-10,0,19,3,0,0,None,17.4,0.2,15000,9733
1,2025-03-10,0,19,3,0,0,None,26.1,0.0,15000,9831
1,2025-03-10,0,20,3,0,0,None,27.4,0.0,15000,9091
1,2025-03-10,0,21,3,0,0,None,26.1,4.2,15000,6700
1,2025-03-10,0,21,3,0,0,None,24.9,1.8,15000,7176
1,2025-03-10,0,22,3,0,0,None,26.0,7.0,15000,4167
1,2025-03-10,0,23,3,0,0,None,29.3,0.0,15000,2546
1,2025-03-11,1,0,3,0,0,None,27.5,0.5,15000,761
1,2025-03-11,1,0,3,0,0,None,30.6,0.0,15000,623
1,2025-03-11,1,1,3,0,0,None,24.5,0.0,15000,333
1,2025-03-11,1,2,3,0,0,None,28.9,0.6,15000,622
1,2025-03-11,1,3,3,0,1,Minor,22.6,1.5,15000,817
1,2025-03-11,1,3,3,0,0,None,17.9,1.9,15000,319
1,2025-03-11,1,4,3,0,1,Minor,21.5,1.1,15000,1051
1,2025-03-11,1,5,3,0,0,None,24.5,2.7,15000,696
1,2025-03-11,1,5,3,0,0,None,40.4,1.0,15000,979
1,2025-03-11,1,6,3,0,1,Minor,25.7,0.0,15000,3419
1,2025-03-11,1,7,3,0,0,None,23.0,0.8,15000,3555
1,2025-03-11,1,8,3,0,0,None,32.8,0.1,15000,5121
1,2025-03-11,1,8,3,0,0,None,18.9,2.4,15000,5430
1,2025-03-11,1,9,3,0,0,None,27.5,0.4,15000,6498
1,2025-03-11,1,10,3,0,0,None,33.8,1.4,15000,7210
1,2025-03-11,1,11,3,0,0,None,21.9,2.0,15000,6754
1,2025-03-11,1,11,3,0,0,None,25.4,4.1,15000,5761
1,2025-03-11,1,12,3,0,0,None,37.5,0.5,15000,4683
1,2025-03-11,1,13,3,0,1,Minor,27.2,0.9,15000,6538
1,2025-03-11,1,14,3,0,0,None,20.5,0.0,15000,3794
1,2025-03-11,1,14,3,0,0,None,24.6,0.7,15000,3671
1,2025-03-11,1,15,3,0,0,None,29.0,1.4,15000,4314
1,2025-03-11,1,16,3,0,0,None,28.5,1.7,15000,5573
1,2025-03-11,1,16,3,0,0,None,26.2,0.6,15000,5458
1,2025-03-11,1,17,3,0,0,None,37.8,0.1,15000,6312
1,2025-03-11,1,18,3,0,0,None,24.6,1.8,15000,9264
1,2025-03-11,1,19,3,0,1,Minor,25.7,0.0,15000,14544
1,2025-03-11,1,19,3,0,0,None,31.5,0.1,15000,9988
1,2025-03-11,1,20,3,0,0,None,15.0,0.1,15000,9309
1,2025-03-11,1,21,3,0,0,None,29.9,3.9,15000,7277
1,2025-03-11,1,22,3,0,0,None,23.2,1.0,15000,4976
1,2025-03-11,1,22,3,0,0,None,18.8,0.2,15000,4651
1,2025-03-11,1,23,3,0,1,Major,30.6,0.5,15000,5611
1,2025-03-12,2,0,3,0,0,None,21.5,0.1,15000,459
1,2025-03-12,2,0,3,0,0,None,40.0,1.9,15000,860
1,2025-03-12,2,1,3,0,0,None,29.0,0.3,15000,474
1,2025-03-12,2,2,3,0,0,None,26.9,0.1,15000,383
1,2025-03-12,2,3,3,0,0,None,32.2,0.0,15000,634
1,2025-03-12,2,3,3,0,1,Minor,27.9,0.1,15000,830
1,2025-03-12,2,4,3,0,0,None,28.6,0.0,15000,519
1,2025-03-12,2,5,3,0,0,None,18.8,0.0,15000,1332
1,2025-03-12,2,6,3,0,1,Minor,32.1,0.3,15000,3076
1,2025-03-12,2,6,3,0,0,None,36.2,0.0,15000,2220
1,2025-03-12,2,7,3,0,1,Minor,17.4,0.3,15000,5331
1,2025-03-12,2,8,3,0,0,None,38.9,0.5,15000,4555
1,2025-03-12,2,8,3,0,0,None,28.5,1.0,15000,5531
1,2025-03-12,2,9,3,0,0,None,17.3,1.3,15000,6228
1,2025-03-12,2,10,3,0,0,None,27.6,0.3,15000,7093
1,2025-03-12,2,11,3,0,0,None,27.7,0.4,15000,6445
1,2025-03-12,2,11,3,0,1,Minor,34.2,1.3,15000,9693
1,2025-03-12,2,12,3,0,0,None,29.8,2.0,15000,5180
1,2025-03-12,2,13,3,0,0,None,25.9,0.2,15000,4086
1,2025-03-12,2,14,3,0,0,None,34.6,0.5,15000,3891
1,2025-03-12,2,14,3,0,1,Minor,24.9,3.9,15000,5655
1,2025-03-12,2,15,3,0,1,Minor,30.9,0.3,15000,6463
1,2025-03-12,2,16,3,0,0,None,35.8,1.8,15000,5820
1,2025-03-12,2,17,3,0,0,None,30.6,2.4,15000,7353
1,2025-03-12,2,17,3,0,0,None,25.3,5.2,15000,6730
1,2025-03-12,2,18,3,0,0,None,34.0,0.1,15000,9556
1,2025-03-12,2,19,3,0,1,Minor,27.4,0.0,15000,14517
1,2025-03-12,2,19,3,0,0,None,20.7,0.0,15000,10315
1,2025-03-12,2,20,3,0,0,None,29.2,0.7,15000,9629
1,2025-03-12,2,21,3,0,1,Minor,20.1,0.0,15000,10418
1,2025-03-12,2,22,3,0,0,None,26.1,0.0,15000,4843
1,2025-03-12,2,22,3,0,0,None,28.9,2.0,15000,4800
1,2025-03-12,2,23,3,0,0,None,24.1,0.1,15000,2574
1,2025-03-13,3,0,3,0,0,None,30.9,2.1,15000,803
1,2025-03-13,3,1,3,0,0,None,24.7,0.0,15000,408
1,2025-03-13,3,1,3,0,0,None,32.0,0.5,15000,681
1,2025-03-13,3,2,3,0,0,None,40.3,1.2,15000,654
1,2025-03-13,3,3,3,0,0,None,19.9,3.4,15000,253
1,2025-03-13,3,3,3,0,0,None,31.1,0.0,15000,648
1,2025-03-13,3,4,3,0,0,None,26.7,3.1,15000,874
1,2025-03-13,3,5,3,0,0,None,29.2,1.7,15000,1232
1,2025-03-13,3,6,3,0,0,None,17.2,2.9,15000,2407
1,2025-03-13,3,6,3,0,0,None,15.5,0.6,15000,2498
1,2025-03-13,3,7,3,0,0,None,37.6,0.0,15000,2929
1,2025-03-13,3,8,3,0,1,Major,31.1,0.0,15000,10216
1,2025-03-13,3,9,3,0,0,None,23.8,0.0,15000,6388
1,2025-03-13,3,9,3,0,1,Major,29.2,0.7,15000,13058
1,2025-03-13,3,10,3,0,0,None,26.0,3.3,15000,6872
1,2025-03-13,3,11,3,0,0,None,24.8,0.0,15000,6898
1,2025-03-13,3,12,3,0,0,None,31.1,0.0,15000,5033
1,2025-03-13,3,12,3,0,0,None,28.1,1.6,15000,5169
1,2025-03-13,3,13,3,0,0,None,35.8,0.2,15000,4269
1,2025-03-13,3,14,3,0,0,None,20.9,4.4,15000,3306
1,2025-03-13,3,14,3,0,1,Minor,35.8,0.5,15000,5734
1,2025-03-13,3,15,3,0,0,None,27.7,0.0,15000,4220
1,2025-03-13,3,16,3,0,0,None,30.9,0.0,15000,5397
1,2025-03-13,3,17,3,0,0,None,28.7,0.2,15000,7521
1,2025-03-13,3,17,3,0,0,None,20.5,0.8,15000,7368
1,2025-03-13,3,18,3,0,0,None,29.2,0.7,15000,9207
1,2025-03-13,3,19,3,0,0,None,30.2,0.4,15000,9877
1,2025-03-13,3,20,3,0,0,None,24.7,1.4,15000,9223
1,2025-03-13,3,20,3,0,0,None,15.0,0.6,15000,9557
1,2025-03-13,3,21,3,0,0,None,26.3,0.0,15000,7394
1,2025-03-13,3,22,3,0,0,None,32.7,0.9,15000,5076
1,2025-03-13,3,22,3,0,0,None,21.6,1.3,15000,4790
1,2025-03-13,3,23,3,0,0,None,26.5,0.2,15000,2508
1,2025-03-14,4,0,3,0,0,None,30.4,0.8,15000,685
1,2025-03-14,4,1,3,0,0,None,25.7,0.7,15000,205
1,2025-03-14,4,1,3,0,0,None,24.0,0.0,15000,918
1,2025-03-14,4,2,3,0,0,None,30.9,0.0,15000,618
1,2025-03-14,4,3,3,0,0,None,31.3,1.1,15000,500
1,2025-03-14,4,4,3,0,0,None,32.7,0.1,15000,587
1,2025-03-14,4,4,3,0,0,None,26.2,0.1,15000,668
1,2025-03-14,4,5,3,0,0,None,33.1,0.0,15000,1073
1,2025-03-14,4,6,3,0,0,None,25.7,0.2,15000,2108
1,2025-03-14,4,6,3,0,0,None,35.6,1.3,15000,2405
1,2025-03-14,4,7,3,0,1,Minor,29.6,0.6,15000,5371
1,2025-03-14,4,8,3,0,0,None,22.2,0.3,15000,5315
1,2025-03-14,4,9,3,0,0,None,29.0,0.4,15000,6367
1,2025-03-14,4,9,3,0,1,Major,19.2,0.0,15000,13025
1,2025-03-14,4,10,3,0,0,None,27.2,3.7,15000,6895
1,2025-03-14,4,11,3,0,0,None,28.5,0.4,15000,6741
1,2025-03-14,4,12,3,0,0,None,32.5,0.0,15000,5184
1,2025-03-14,4,12,3,0,1,Minor,28.3,2.2,15000,7735
1,2025-03-14,4,13,3,0,0,None,27.0,0.2,15000,4178
1,2025-03-14,4,14,3,0,0,None,23.7,0.6,15000,3960
1,2025-03-14,4,15,3,0,0,None,28.2,0.7,15000,4347
1,2025-03-14,4,15,3,0,0,None,23.2,0.4,15000,4344
1,2025-03-14,4,16,3,0,1,Minor,27.8,0.2,15000,8414
1,2025-03-14,4,17,3,0,1,Minor,33.3,0.0,15000,11054
1,2025-03-14,4,17,3,0,0,None,24.6,0.5,15000,7068
1,2025-03-14,4,18,3,0,1,Minor,26.1,0.0,15000,13307
1,2025-03-14,4,19,3,0,0,None,28.7,1.0,15000,10450
1,2025-03-14,4,20,3,0,1,Minor,31.2,0.0,15000,13382
1,2025-03-14,4,20,3,0,0,None,33.4,0.0,15000,9015
1,2025-03-14,4,21,3,0,1,Minor,25.0,0.0,15000,10383
1,2025-03-14,4,22,3,0,0,None,33.8,0.9,15000,4774
1,2025-03-14,4,23,3,0,0,None,23.3,0.2,15000,2051
1,2025-03-14,4,23,3,0,0,None,21.3,2.2,15000,2603
1,2025-03-15,5,0,3,1,0,None,39.3,0.0,15000,881
1,2025-03-15,5,1,3,1,0,None,18.6,0.0,15000,932
1,2025-03-15,5,1,3,1,0,None,29.7,0.3,15000,684
1,2025-03-15,5,2,3,1,0,None,20.8,1.4,15000,542
1,2025-03-15,5,3,3,1,0,None,27.2,0.9,15000,605
1,2025-03-15,5,4,3,1,0,None,21.3,1.0,15000,666
1,2025-03-15,5,4,3,1,1,Minor,23.4,0.0,15000,1426
1,2025-03-15,5,5,3,1,0,None,25.6,1.1,15000,1725
1,2025-03-15,5,6,3,1,0,None,24.8,0.5,15000,2967
1,2025-03-15,5,7,3,1,0,None,31.0,0.0,15000,4554
1,2025-03-15,5,7,3,1,0,None,36.2,0.0,15000,4769
1,2025-03-15,5,8,3,1,0,None,33.0,0.3,15000,6806
1,2025-03-15,5,9,3,1,0,None,25.5,0.6,15000,8623
1,2025-03-15,5,9,3,1,0,None,31.8,0.1,15000,8362
1,2025-03-15,5,10,3,1,0,None,32.7,0.7,15000,9445
1,2025-03-15,5,11,3,1,0,None,32.5,0.1,15000,8437
1,2025-03-15,5,12,3,1,0,None,21.7,0.6,15000,6811
1,2025-03-15,5,12,3,1,0,None,28.3,0.1,15000,6467
1,2025-03-15,5,13,3,1,1,Minor,27.7,2.1,15000,8065
1,2025-03-15,5,14,3,1,0,None,28.0,1.0,15000,4463
1,2025-03-15,5,15,3,1,0,None,29.8,2.7,15000,5566
1,2025-03-15,5,15,3,1,0,None,26.2,3.3,15000,5753
1,2025-03-15,5,16,3,1,0,None,15.0,0.6,15000,6962
1,2025-03-15,5,17,3,1,0,None,33.4,0.0,15000,9450
1,2025-03-15,5,18,3,1,0,None,31.2,3.1,15000,11764
1,2025-03-15,5,18,3,1,0,None,28.2,1.4,15000,11622
1,2025-03-15,5,19,3,1,0,None,29.4,1.1,15000,12839
1,2025-03-15,5,20,3,1,0,None,20.0,0.0,15000,11596
1,2025-03-15,5,20,3,1,1,Major,28.9,1.5,15000,15000
1,2025-03-15,5,21,3,1,0,None,32.4,2.9,15000,8912
1,2025-03-15,5,22,3,1,0,None,31.8,0.0,15000,6163
1,2025-03-15,5,23,3,1,0,None,27.6,0.5,15000,2822
1,2025-03-15,5,23,3,1,0,None,25.8,0.0,15000,3330
1,2025-03-16,6,0,3,1,0,None,15.0,0.0,15000,1172
1,2025-03-16,6,1,3,1,0,None,21.7,0.8,15000,490
1,2025-03-16,6,2,3,1,0,None,31.1,0.6,15000,601
1,2025-03-16,6,2,3,1,0,None,29.1,1.5,15000,664
1,2025-03-16,6,3,3,1,1,Minor,25.2,0.1,15000,559
1,2025-03-16,6,4,3,1,0,None,29.7,5.0,15000,927
1,2025-03-16,6,4,3,1,0,None,28.7,0.1,15000,980
1,2025-03-16,6,5,3,1,0,None,27.8,0.5,15000,1495
1,2025-03-16,6,6,3,1,0,None,33.3,0.0,15000,3063
1,2025-03-16,6,7,3,1,1,Major,36.3,2.1,15000,8896
1,2025-03-16,6,7,3,1,0,None,35.1,0.3,15000,4641
1,2025-03-16,6,8,3,1,0,None,24.3,0.8,15000,6437
1,2025-03-16,6,9,3,1,1,Major,30.9,0.2,15000,15000
1,2025-03-16,6,10,3,1,0,None,29.1,0.0,15000,9311
1,2025-03-16,6,10,3,1,0,None,30.3,0.0,15000,9550
1,2025-03-16,6,11,3,1,0,None,28.5,4.7,15000,7548
1,2025-03-16,6,12,3,1,0,None,25.2,0.1,15000,7020
1,2025-03-16,6,12,3,1,0,None,19.0,0.2,15000,6893
1,2025-03-16,6,13,3,1,0,None,28.8,0.0,15000,5476
1,2025-03-16,6,14,3,1,0,None,21.2,0.1,15000,5009
1,2025-03-16,6,15,3,1,0,None,23.3,0.5,15000,5838
1,2025-03-16,6,15,3,1,1,Minor,26.6,0.0,15000,7902
1,2025-03-16,6,16,3,1,0,None,28.0,1.0,15000,7184
1,2025-03-16,6,17,3,1,0,None,37.7,4.1,15000,7544
1,2025-03-16,6,18,3,1,0,None,35.8,5.1,15000,10405
1,2025-03-16,6,18,3,1,1,Minor,20.9,0.8,15000,15000
1,2025-03-16,6,19,3,1,0,None,25.0,0.8,15000,12714
1,2025-03-16,6,20,3,1,1,Minor,30.7,0.1,15000,15000
1,2025-03-16,6,21,3,1,0,None,34.5,1.3,15000,8934
1,2025-03-16,6,21,3,1,0,None,27.2,0.0,15000,9228
1,2025-03-16,6,22,3,1,1,Major,21.9,1.1,15000,11972
1,2025-03-16,6,23,3,1,0,None,24.9,0.9,15000,2919
1,2025-03-16,6,23,3,1,0,None,23.4,0.2,15000,3182
1,2025-03-17,0,0,3,0,0,None,26.2,0.3,15000,943
1,2025-03-17,0,1,3,0,0,None,34.0,0.7,15000,549
1,2025-03-17,0,2,3,0,1,Minor,21.2,0.5,15000,809
1,2025-03-17,0,2,3,0,0,None,26.5,0.0,15000,689
1,2025-03-17,0,3,3,0,0,None,26.6,0.3,15000,515
1,2025-03-17,0,4,3,0,0,None,26.3,0.1,15000,977
1,2025-03-17,0,5,3,0,0,None,27.9,1.1,15000,1407
1,2025-03-17,0,5,3,0,0,None,25.6,3.3,15000,1321
1,2025-03-17,0,6,3,0,1,Major,31.1,0.0,15000,4353
1,2025-03-17,0,7,3,0,0,None,31.4,0.3,15000,3322
1,2025-03-17,0,7,3,0,0,None,28.5,0.0,15000,3726
1,2025-03-17,0,8,3,0,0,None,23.6,0.0,15000,5117
1,2025-03-17,0,9,3,0,0,None,21.7,0.7,15000,6323
1,2025-03-17,0,10,3,0,0,None,23.0,0.0,15000,7357
1,2025-03-17,0,10,3,0,0,None,23.3,1.1,15000,6848
1,2025-03-17,0,11,3,0,0,None,29.8,1.2,15000,6260
1,2025-03-17,0,12,3,0,1,Minor,26.9,0.0,15000,7490
1,2025-03-17,0,13,3,0,0,None,25.3,0.0,15000,4044
1,2025-03-17,0,13,3,0,0,None,29.2,0.0,15000,4164
1,2025-03-17,0,14,3,0,1,Minor,15.0,3.2,15000,5652
1,2025-03-17,0,15,3,0,0,None,29.5,0.3,15000,4643
1,2025-03-17,0,16,3,0,0,None,27.7,0.6,15000,5702
1,2025-03-17,0,16,3,0,0,None,24.1,0.0,15000,5266
1,2025-03-17,0,17,3,0,0,None,23.2,0.6,15000,7492
1,2025-03-17,0,18,3,0,0,None,28.4,0.2,15000,9054
1,2025-03-17,0,18,3,0,0,None,25.0,2.1,15000,8897
1,2025-03-17,0,19,3,0,0,None,25.6,2.0,15000,9945
1,2025-03-17,0,20,3,0,0,None,33.5,0.0,15000,9375
1,2025-03-17,0,21,3,0,1,Minor,27.7,0.7,15000,10481
1,2025-03-17,0,21,3,0,0,None,34.6,0.2,15000,7124
1,2025-03-17,0,22,3,0,0,None,24.2,4.4,15000,4424
1,2025-03-17,0,23,3,0,0,None,30.7,0.3,15000,2385
1,2025-03-18,1,0,3,0,0,None,35.2,0.4,15000,739
1,2025-03-18,1,0,3,0,0,None,25.3,1.3,15000,558
1,2025-03-18,1,1,3,0,0,None,21.4,0.4,15000,775
1,2025-03-18,1,2,3,0,1,Minor,26.4,0.0,15000,720
1,2025-03-18,1,2,3,0,0,None,33.5,0.0,15000,590
1,2025-03-18,1,3,3,0,0,None,21.4,0.5,15000,712
1,2025-03-18,1,4,3,0,0,None,32.1,0.3,15000,677
1,2025-03-18,1,5,3,0,0,None,20.6,0.6,15000,1267
1,2025-03-18,1,5,3,0,0,None,22.3,0.2,15000,1154
1,2025-03-18,1,6,3,0,1,Minor,26.1,0.0,15000,3032
1,2025-03-18,1,7,3,0,0,None,33.7,0.5,15000,3483
1,2025-03-18,1,8,3,0,0,None,33.4,0.1,15000,5220
1,2025-03-18,1,8,3,0,1,Minor,20.1,0.8,15000,7519
1,2025-03-18,1,9,3,0,0,None,33.7,0.5,15000,6473
1,2025-03-18,1,10,3,0,0,None,23.5,0.5,15000,7374
1,2025-03-18,1,10,3,0,0,None,23.0,1.7,15000,6691
1,2025-03-18,1,11,3,0,0,None,25.6,2.0,15000,6590
1,2025-03-18,1,12,3,0,0,None,25.7,0.2,15000,5212
1,2025-03-18,1,13,3,0,0,None,26.1,0.0,15000,4139
1,2025-03-18,1,13,3,0,0,None,25.2,0.0,15000,4392
1,2025-03-18,1,14,3,0,0,None,33.3,0.0,15000,3585
1,2025-03-18,1,15,3,0,0,None,21.8,1.9,15000,4520
1,2025-03-18,1,16,3,0,1,Minor,35.8,0.0,15000,8016
1,2025-03-18,1,16,3,0,0,None,22.4,1.7,15000,5803
1,2025-03-18,1,17,3,0,0,None,32.4,0.6,15000,7023
1,2025-03-18,1,18,3,0,0,None,18.5,0.2,15000,8910
1,2025-03-18,1,19,3,0,0,None,30.6,0.0,15000,9994
1,2025-03-18,1,19,3,0,0,None,28.2,0.6,15000,10261
1,2025-03-18,1,20,3,0,1,Minor,19.4,8.4,15000,11745
1,2025-03-18,1,21,3,0,0,None,28.7,0.1,15000,7333
1,2025-03-18,1,21,3,0,0,None,24.7,0.1,15000,7025
1,2025-03-18,1,22,3,0,1,Minor,32.3,0.2,15000,6868
1,2025-03-18,1,23,3,0,0,None,19.9,0.0,15000,2761
1,2025-03-19,2,0,3,0,0,None,29.2,0.0,15000,950
1,2025-03-19,2,0,3,0,0,None,27.6,1.3,15000,668
1,2025-03-19,2,1,3,0,1,Minor,28.0,1.0,15000,1088
1,2025-03-19,2,2,3,0,0,None,25.6,1.9,15000,326
1,2025-03-19,2,3,3,0,0,None,39.9,1.1,15000,471
1,2025-03-19,2,3,3,0,0,None,27.9,0.4,15000,459
1,2025-03-19,2,4,3,0,0,None,28.6,3.1,15000,210
1,2025-03-19,2,5,3,0,0,None,31.2,1.0,15000,1307
1,2025-03-19,2,5,3,0,0,None,32.5,1.7,15000,1235
1,2025-03-19,2,6,3,0,1,Minor,25.6,0.0,15000,3391
1,2025-03-19,2,7,3,0,0,None,33.6,0.0,15000,3547
1,2025-03-19,2,8,3,0,1,Major,22.3,1.3,15000,10398
1,2025-03-19,2,8,3,0,0,None,22.8,0.0,15000,5179
1,2025-03-19,2,9,3,0,0,None,29.1,2.6,15000,6324
1,2025-03-19,2,10,3,0,0,None,26.8,0.0,15000,7206
1,2025-03-19,2,11,3,0,0,None,31.4,0.9,15000,6846
1,2025-03-19,2,11,3,0,0,None,25.5,2.4,15000,6958
1,2025-03-19,2,12,3,0,0,None,30.5,1.5,15000,5130
1,2025-03-19,2,13,3,0,0,None,25.4,0.9,15000,4224
1,2025-03-19,2,14,3,0,0,None,24.6,1.5,15000,4015
1,2025-03-19,2,14,3,0,0,None,31.0,0.0,15000,3758
1,2025-03-19,2,15,3,0,0,None,23.7,0.0,15000,4591
1,2025-03-19,2,16,3,0,0,None,27.8,0.0,15000,5399
1,2025-03-19,2,16,3,0,1,Minor,16.3,0.3,15000,8084
1,2025-03-19,2,17,3,0,0,None,28.3,2.2,15000,7487
1,2025-03-19,2,18,3,0,0,None,34.3,0.8,15000,8825
1,2025-03-19,2,19,3,0,0,None,27.9,1.7,15000,9993
1,2025-03-19,2,19,3,0,0,None,22.3,0.0,15000,10166
1,2025-03-19,2,20,3,0,0,None,25.8,1.6,15000,9291
1,2025-03-19,2,21,3,0,0,None,23.3,0.0,15000,7225
1,2025-03-19,2,22,3,0,0,None,29.7,7.6,15000,4159
1,2025-03-19,2,22,3,0,0,None,30.9,7.5,15000,4057
1,2025-03-19,2,23,3,0,0,None,30.1,0.1,15000,2617
1,2025-03-20,3,0,3,0,0,None,29.5,0.0,15000,962
1,2025-03-20,3,0,3,0,0,None,24.9,2.4,15000,701
1,2025-03-20,3,1,3,0,1,Minor,23.5,0.8,15000,684
1,2025-03-20,3,2,3,0,0,None,24.2,0.0,15000,416
1,2025-03-20,3,3,3,0,0,None,23.5,1.2,15000,489
1,2025-03-20,3,3,3,0,0,None,20.5,0.6,15000,662
1,2025-03-20,3,4,3,0,0,None,26.3,0.1,15000,744
1,2025-03-20,3,5,3,0,0,None,22.1,0.1,15000,1197
1,2025-03-20,3,6,3,0,0,None,29.4,6.5,15000,1962
1,2025-03-20,3,6,3,0,0,None,32.3,0.0,15000,2252
1,2025-03-20,3,7,3,0,0,None,20.3,0.2,15000,3525
1,2025-03-20,3,8,3,0,1,Minor,21.7,0.0,15000,7691
1,2025-03-20,3,8,3,0,1,Minor,26.9,0.6,15000,7742
1,2025-03-20,3,9,3,0,0,None,20.6,1.2,15000,6432
1,2025-03-20,3,10,3,0,1,Minor,28.5,0.0,15000,10335
1,2025-03-20,3,11,3,0,0,None,15.0,1.1,15000,6366
1,2025-03-20,3,11,3,0,0,None,33.7,0.0,15000,6763
1,2025-03-20,3,12,3,0,0,None,17.9,4.6,15000,4471
1,2025-03-20,3,13,3,0,0,None,27.4,1.9,15000,4118
1,2025-03-20,3,14,3,0,0,None,24.6,0.5,15000,3558
1,2025-03-20,3,14,3,0,0,None,36.7,0.0,15000,3816
1,2025-03-20,3,15,3,0,0,None,24.9,0.8,15000,4119
1,2025-03-20,3,16,3,0,0,None,25.6,0.0,15000,5523
1,2025-03-20,3,17,3,0,0,None,23.3,0.5,15000,7330
1,2025-03-20,3,17,3,0,0,None,21.1,0.6,15000,7585
1,2025-03-20,3,18,3,0,0,None,31.5,2.1,15000,9319
1,2025-03-20,3,19,3,0,0,None,18.7,0.8,15000,10335
1,2025-03-20,3,19,3,0,0,None,26.4,2.1,15000,9759
1,2025-03-20,3,20,3,0,0,None,21.5,0.2,15000,9287
1,2025-03-20,3,21,3,0,0,None,20.2,5.6,15000,6073
1,2025-03-20,3,22,3,0,0,None,28.7,0.0,15000,4595
1,2025-03-20,3,22,3,0,1,Major,24.6,0.5,15000,9285
1,2025-03-20,3,23,3,0,0,None,30.6,0.0,15000,2360
1,2025-03-21,4,0,3,0,0,None,23.1,1.5,15000,1147
1,2025-03-21,4,1,3,0,0,None,22.1,2.9,15000,371
1,2025-03-21,4,1,3,0,0,None,26.7,1.5,15000,496
1,2025-03-21,4,2,3,0,0,None,27.3,0.0,15000,648
1,2025-03-21,4,3,3,0,0,None,26.0,0.0,15000,524
1,2025-03-21,4,3,3,0,1,Major,31.6,0.9,15000,1040
1,2025-03-21,4,4,3,0,0,None,24.1,4.0,15000,789
1,2025-03-21,4,5,3,0,0,None,28.9,0.0,15000,1478
1,2025-03-21,4,6,3,0,0,None,32.9,1.3,15000,2096
1,2025-03-21,4,6,3,0,0,None,27.2,0.8,15000,2169
1,2025-03-21,4,7,3,0,0,None,18.7,0.8,15000,3419
1,2025-03-21,4,8,3,0,0,None,36.5,1.9,15000,5013
1,2025-03-21,4,9,3,0,0,None,24.2,0.0,15000,6412
1,2025-03-21,4,9,3,0,0,None,25.5,0.0,15000,6419
1,2025-03-21,4,10,3,0,0,None,35.2,0.0,15000,7027
1,2025-03-21,4,11,3,0,1,Minor,16.4,0.0,15000,9568
1,2025-03-21,4,11,3,0,1,Minor,28.6,0.0,15000,9686
1,2025-03-21,4,12,3,0,1,Minor,35.4,1.3,15000,7415
1,2025-03-21,4,13,3,0,0,None,15.0,0.0,15000,4150
1,2025-03-21,4,14,3,0,0,None,20.6,2.6,15000,3880
1,2025-03-21,4,14,3,0,0,None,28.7,0.0,15000,3864
1,2025-03-21,4,15,3,0,1,Minor,26.9,0.0,15000,6307
1,2025-03-21,4,16,3,0,0,None,23.1,0.0,15000,5621
1,2025-03-21,4,17,3,0,0,None,29.7,0.2,15000,7296
1,2025-03-21,4,17,3,0,1,Minor,22.5,0.0,15000,10723
1,2025-03-21,4,18,3,0,0,None,24.5,0.0,15000,9279
1,2025-03-21,4,19,3,0,0,None,31.4,1.8,15000,10092
1,2025-03-21,4,20,3,0,0,None,27.1,2.5,15000,9411
1,2025-03-21,4,20,3,0,0,None,24.7,0.0,15000,9452
1,2025-03-21,4,21,3,0,0,None,32.2,0.0,15000,7176
1,2025-03-21,4,22,3,0,0,None,25.2,0.1,15000,4741
1,2025-03-21,4,22,3,0,0,None,21.7,2.0,15000,4768
1,2025-03-21,4,23,3,0,0,None,26.7,0.0,15000,2651
1,2025-03-22,5,0,3,1,0,None,27.0,0.0,15000,997
1,2025-03-22,5,1,3,1,0,None,19.1,0.0,15000,881
1,2025-03-22,5,1,3,1,0,None,28.9,0.1,15000,738
1,2025-03-22,5,2,3,1,0,None,26.4,1.4,15000,602
1,2025-03-22,5,3,3,1,0,None,26.4,2.0,15000,773
1,2025-03-22,5,4,3,1,0,None,30.8,1.9,15000,836
1,2025-03-22,5,4,3,1,0,None,23.7,1.8,15000,930
1,2025-03-22,5,5,3,1,0,None,26.2,0.6,15000,1411
1,2025-03-22,5,6,3,1,0,None,26.7,0.0,15000,2891
1,2025-03-22,5,6,3,1,0,None,18.6,0.0,15000,3192
1,2025-03-22,5,7,3,1,0,None,33.0,0.5,15000,4472
1,2025-03-22,5,8,3,1,0,None,19.1,1.9,15000,6703
1,2025-03-22,5,9,3,1,0,None,29.6,0.1,15000,8096
1,2025-03-22,5,9,3,1,0,None,35.6,0.0,15000,8256
1,2025-03-22,5,10,3,1,0,None,24.5,0.1,15000,9078
1,2025-03-22,5,11,3,1,0,None,31.0,0.5,15000,8597
1,2025-03-22,5,12,3,1,0,None,21.9,0.6,15000,6625
1,2025-03-22,5,12,3,1,0,None,28.8,0.8,15000,6901
1,2025-03-22,5,13,3,1,0,None,17.8,4.1,15000,4702
1,2025-03-22,5,14,3,1,0,None,25.0,0.2,15000,4508
1,2025-03-22,5,14,3,1,0,None,26.5,2.1,15000,4955
1,2025-03-22,5,15,3,1,0,None,24.9,1.3,15000,5639
1,2025-03-22,5,16,3,1,0,None,24.4,0.0,15000,7193
1,2025-03-22,5,17,3,1,1,Minor,31.3,0.6,15000,13475
1,2025-03-22,5,17,3,1,0,None,18.4,0.0,15000,9538
1,2025-03-22,5,18,3,1,0,None,28.8,0.0,15000,11837
1,2025-03-22,5,19,3,1,0,None,28.9,0.9,15000,12902
1,2025-03-22,5,20,3,1,0,None,23.8,1.9,15000,12077
1,2025-03-22,5,20,3,1,0,None,23.9,0.0,15000,11593
1,2025-03-22,5,21,3,1,1,Minor,22.2,1.7,15000,13528
1,2025-03-22,5,22,3,1,0,None,26.7,1.5,15000,5870
1,2025-03-22,5,23,3,1,0,None,23.4,0.3,15000,3422
1,2025-03-22,5,23,3,1,0,None,26.1,5.0,15000,2876
1,2025-03-23,6,0,3,1,0,None,38.4,0.0,15000,769
1,2025-03-23,6,1,3,1,0,None,33.1,0.7,15000,640
1,2025-03-23,6,1,3,1,1,Minor,28.5,3.5,15000,1306
1,2025-03-23,6,2,3,1,0,None,26.5,0.9,15000,405
1,2025-03-23,6,3,3,1,1,Major,24.8,0.4,15000,998
1,2025-03-23,6,4,3,1,0,None,31.7,0.0,15000,1198
1,2025-03-23,6,4,3,1,1,Major,26.1,0.0,15000,1662
1,2025-03-23,6,5,3,1,0,None,30.9,0.0,15000,1920
1,2025-03-23,6,6,3,1,0,None,32.0,1.3,15000,2873
1,2025-03-23,6,7,3,1,0,None,20.2,2.1,15000,4357
1,2025-03-23,6,7,3,1,1,Minor,26.2,0.7,15000,6693
1,2025-03-23,6,8,3,1,0,None,25.4,2.3,15000,6556
1,2025-03-23,6,9,3,1,0,None,23.4,1.1,15000,8293
1,2025-03-23,6,9,3,1,0,None,28.1,0.3,15000,8755
1,2025-03-23,6,10,3,1,0,None,18.5,0.3,15000,9359
1,2025-03-23,6,11,3,1,0,None,24.5,1.0,15000,8300
1,2025-03-23,6,12,3,1,0,None,25.1,1.3,15000,6710
1,2025-03-23,6,12,3,1,1,Minor,17.9,0.0,15000,9831
1,2025-03-23,6,13,3,1,0,None,28.3,4.5,15000,4844
1,2025-03-23,6,14,3,1,0,None,24.7,1.0,15000,4341
1,2025-03-23,6,15,3,1,1,Minor,24.3,0.0,15000,8126
1,2025-03-23,6,15,3,1,0,None,34.5,0.4,15000,5618
1,2025-03-23,6,16,3,1,0,None,27.5,0.0,15000,7019
1,2025-03-23,6,17,3,1,0,None,26.3,3.8,15000,9206
1,2025-03-23,6,18,3,1,0,None,25.5,5.4,15000,10377
1,2025-03-23,6,18,3,1,1,Minor,26.2,3.8,15000,15000
1,2025-03-23,6,19,3,1,0,None,30.5,0.5,15000,12925
1,2025-03-23,6,20,3,1,0,None,18.7,0.6,15000,12058
1,2025-03-23,6,20,3,1,0,None,34.3,0.0,15000,11815
1,2025-03-23,6,21,3,1,0,None,25.0,0.1,15000,9195
1,2025-03-23,6,22,3,1,0,None,22.0,0.2,15000,6235
1,2025-03-23,6,23,3,1,0,None,35.3,0.2,15000,3375
1,2025-03-23,6,23,3,1,0,None,18.7,1.3,15000,3081
1,2025-03-24,0,0,3,0,0,None,24.7,0.0,15000,758
1,2025-03-24,0,1,3,0,0,None,27.8,0.4,15000,594
1,2025-03-24,0,2,3,0,0,None,26.9,0.7,15000,678
1,2025-03-24,0,2,3,0,1,Minor,29.8,0.7,15000,698
1,2025-03-24,0,3,3,0,0,None,30.7,0.0,15000,541
1,2025-03-24,0,4,3,0,0,None,30.9,1.0,15000,967
1,2025-03-24,0,4,3,0,0,None,32.7,0.0,15000,494
1,2025-03-24,0,5,3,0,0,None,26.7,3.8,15000,1280
1,2025-03-24,0,6,3,0,0,None,20.4,1.5,15000,2269
1,2025-03-24,0,7,3,0,0,None,29.3,4.7,15000,2946
1,2025-03-24,0,7,3,0,0,None,26.4,0.0,15000,3663
1,2025-03-24,0,8,3,0,0,None,34.3,0.0,15000,5200
1,2025-03-24,0,9,3,0,0,None,21.2,0.9,15000,6269
1,2025-03-24,0,10,3,0,0,None,25.0,1.5,15000,7265
1,2025-03-24,0,10,3,0,1,Minor,29.8,1.9,15000,10243
1,2025-03-24,0,11,3,0,0,None,29.1,0.0,15000,6241
1,2025-03-24,0,12,3,0,0,None,24.4,0.3,15000,5272
1,2025-03-24,0,12,3,0,0,None,32.9,0.0,15000,4940
1,2025-03-24,0,13,3,0,0,None,28.4,0.1,15000,4246
1,2025-03-24,0,14,3,0,0,None,18.8,0.0,15000,3564
1,2025-03-24,0,15,3,0,0,None,28.2,2.4,15000,4726
1,2025-03-24,0,15,3,0,0,None,27.1,0.4,15000,4897
1,2025-03-24,0,16,3,0,0,None,30.3,0.3,15000,5464
1,2025-03-24,0,17,3,0,0,None,31.3,3.0,15000,7196
1,2025-03-24,0,18,3,0,0,None,27.7,0.1,15000,9126
1,2025-03-24,0,18,3,0,0,None,27.6,0.0,15000,8882
1,2025-03-24,0,19,3,0,0,None,15.0,0.0,15000,10140
1,2025-03-24,0,20,3,0,0,None,25.7,3.9,15000,9364
1,2025-03-24,0,21,3,0,0,None,34.1,0.1,15000,7266
1,2025-03-24,0,21,3,0,0,None,21.3,0.4,15000,7161
1,2025-03-24,0,22,3,0,0,None,26.2,0.7,15000,4926
1,2025-03-24,0,23,3,0,0,None,19.1,3.3,15000,2571
1,2025-03-24,0,23,3,0,0,None,21.9,0.0,15000,2403
1,2025-03-25,1,0,3,0,0,None,30.8,0.0,15000,837
1,2025-03-25,1,1,3,0,1,Minor,27.0,7.3,15000,725
1,2025-03-25,1,2,3,0,0,None,30.7,1.4,15000,433
1,2025-03-25,1,2,3,0,1,Major,24.1,0.0,15000,1163
1,2025-03-25,1,3,3,0,0,None,15.0,0.0,15000,312
1,2025-03-25,1,4,3,0,0,None,23.4,0.0,15000,876
1,2025-03-25,1,5,3,0,0,None,27.8,0.7,15000,1001
1,2025-03-25,1,5,3,0,0,None,21.2,0.1,15000,1382
1,2025-03-25,1,6,3,0,0,None,21.2,0.2,15000,2090
1,2025-03-25,1,7,3,0,0,None,25.0,0.0,15000,3690
1,2025-03-25,1,7,3,0,0,None,24.6,0.0,15000,3364
1,2025-03-25,1,8,3,0,0,None,30.0,0.0,15000,5302
1,2025-03-25,1,9,3,0,0,None,34.8,1.8,15000,6544
1,2025-03-25,1,10,3,0,0,None,21.0,4.5,15000,6605
1,2025-03-25,1,10,3,0,0,None,25.0,5.1,15000,6483
1,2025-03-25,1,11,3,0,0,None,34.3,0.3,15000,6614
1,2025-03-25,1,12,3,0,0,None,26.8,0.7,15000,5245
1,2025-03-25,1,13,3,0,1,Minor,29.2,0.2,15000,6413
1,2025-03-25,1,13,3,0,1,Major,26.1,0.0,15000,8606
1,2025-03-25,1,14,3,0,0,None,24.4,0.9,15000,3706
1,2025-03-25,1,15,3,0,1,Minor,22.8,0.6,15000,6298
1,2025-03-25,1,16,3,0,0,None,22.2,0.0,15000,5755
1,2025-03-25,1,16,3,0,1,Minor,30.1,0.0,15000,8101
1,2025-03-25,1,17,3,0,0,None,28.1,1.0,15000,7247
1,2025-03-25,1,18,3,0,0,None,26.8,0.0,15000,9304
1,2025-03-25,1,18,3,0,0,None,32.5,0.5,15000,9384
1,2025-03-25,1,19,3,0,0,None,31.3,0.7,15000,10055
1,2025-03-25,1,20,3,0,0,None,31.0,2.4,15000,9095
1,2025-03-25,1,21,3,0,0,None,30.6,0.0,15000,7361
1,2025-03-25,1,21,3,0,0,None,26.7,0.0,15000,7208
1,2025-03-25,1,22,3,0,0,None,25.7,0.5,15000,4684
1,2025-03-25,1,23,3,0,0,None,27.8,1.7,15000,2547
1,2025-03-26,2,0,3,0,0,None,22.8,1.3,15000,678
1,2025-03-26,2,0,3,0,0,None,30.1,0.8,15000,864
1,2025-03-26,2,1,3,0,0,None,23.2,0.0,15000,576
1,2025-03-26,2,2,3,0,0,None,35.7,0.6,15000,129
1,2025-03-26,2,2,3,0,0,None,15.0,0.2,15000,132
1,2025-03-26,2,3,3,0,0,None,38.0,2.3,15000,253
1,2025-03-26,2,4,3,0,0,None,25.4,0.0,15000,797
1,2025-03-26,2,5,3,0,0,None,29.4,0.9,15000,1154
1,2025-03-26,2,5,3,0,1,Minor,33.9,2.0,15000,1877
1,2025-03-26,2,6,3,0,0,None,23.8,0.0,15000,2021
1,2025-03-26,2,7,3,0,0,None,27.7,1.2,15000,3746
1,2025-03-26,2,8,3,0,0,None,35.9,0.0,15000,5255
1,2025-03-26,2,8,3,0,0,None,25.2,1.2,15000,5429
1,2025-03-26,2,9,3,0,0,None,32.6,5.4,15000,5855
1,2025-03-26,2,10,3,0,0,None,21.1,0.0,15000,7143
1,2025-03-26,2,10,3,0,0,None,26.0,0.0,15000,7335
1,2025-03-26,2,11,3,0,0,None,18.0,0.0,15000,6530
1,2025-03-26,2,12,3,0,0,None,27.1,1.5,15000,5159
1,2025-03-26,2,13,3,0,0,None,35.2,0.9,15000,4480
1,2025-03-26,2,13,3,0,0,None,32.0,1.3,15000,4217
1,2025-03-26,2,14,3,0,0,None,27.9,0.0,15000,3646
1,2025-03-26,2,15,3,0,0,None,22.9,1.3,15000,4582
1,2025-03-26,2,16,3,0,0,None,31.1,1.3,15000,5435
1,2025-03-26,2,16,3,0,0,None,27.5,2.7,15000,5335
1,2025-03-26,2,17,3,0,0,None,29.6,0.3,15000,7231
1,2025-03-26,2,18,3,0,0,None,27.6,1.6,15000,9412
1,2025-03-26,2,19,3,0,0,None,21.7,1.8,15000,10062
1,2025-03-26,2,19,3,0,0,None,26.8,0.0,15000,9796
1,2025-03-26,2,20,3,0,0,None,23.5,2.1,15000,9377
1,2025-03-26,2,21,3,0,0,None,26.0,0.1,15000,7454
1,2025-03-26,2,21,3,0,0,None,29.4,0.6,15000,7022
1,2025-03-26,2,22,3,0,1,Minor,31.3,0.0,15000,6994
1,2025-03-26,2,23,3,0,0,None,28.4,2.7,15000,2601
1,2025-03-27,3,0,3,0,0,None,28.3,0.0,15000,1022
1,2025-03-27,3,0,3,0,0,None,32.5,0.0,15000,534
1,2025-03-27,3,1,3,0,0,None,19.2,0.7,15000,566
1,2025-03-27,3,2,3,0,0,None,31.0,0.6,15000,714
1,2025-03-27,3,3,3,0,0,None,25.3,1.3,15000,461
1,2025-03-27,3,3,3,0,0,None,25.5,0.0,15000,485
1,2025-03-27,3,4,3,0,0,None,27.8,1.8,15000,618
1,2025-03-27,3,5,3,0,0,None,25.5,0.1,15000,1269
1,2025-03-27,3,5,3,0,0,None,20.8,0.7,15000,1533
1,2025-03-27,3,6,3,0,0,None,37.8,2.9,15000,2074
1,2025-03-27,3,7,3,0,0,None,33.8,0.7,15000,3441
1,2025-03-27,3,8,3,0,0,None,24.1,0.3,15000,4793
1,2025-03-27,3,8,3,0,0,None,27.2,0.4,15000,5214
1,2025-03-27,3,9,3,0,0,None,28.4,1.5,15000,6207
1,2025-03-27,3,10,3,0,1,Minor,26.8,0.1,15000,10500
1,2025-03-27,3,11,3,0,0,None,29.4,3.3,15000,6501
1,2025-03-27,3,11,3,0,0,None,37.2,0.3,15000,5768
1,2025-03-27,3,12,3,0,0,None,27.7,0.0,15000,5139
1,2025-03-27,3,13,3,0,0,None,24.3,0.1,15000,4418
1,2025-03-27,3,13,3,0,0,None,19.1,0.7,15000,4429
1,2025-03-27,3,14,3,0,0,None,27.6,3.5,15000,3769
1,2025-03-27,3,15,3,0,0,None,21.1,0.6,15000,4407
1,2025-03-27,3,16,3,0,0,None,30.2,0.0,15000,5629
1,2025-03-27,3,16,3,0,0,None,26.7,0.0,15000,5557
1,2025-03-27,3,17,3,0,0,None,24.8,0.2,15000,7199
1,2025-03-27,3,18,3,0,0,None,30.1,0.2,15000,9142
1,2025-03-27,3,19,3,0,0,None,30.5,0.6,15000,9919
1,2025-03-27,3,19,3,0,0,None,26.2,0.0,15000,9790
1,2025-03-27,3,20,3,0,0,None,19.3,0.2,15000,9316
1,2025-03-27,3,21,3,0,0,None,16.7,0.0,15000,7261
1,2025-03-27,3,22,3,0,0,None,24.1,0.0,15000,5106
1,2025-03-27,3,22,3,0,0,None,27.1,0.2,15000,4803
1,2025-03-27,3,23,3,0,0,None,23.7,0.0,15000,2707
1,2025-03-28,4,0,3,0,0,None,33.2,2.2,15000,973
1,2025-03-28,4,0,3,0,0,None,37.0,0.9,15000,514
1,2025-03-28,4,1,3,0,0,None,30.3,1.6,15000,464
1,2025-03-28,4,2,3,0,0,None,21.9,0.0,15000,494
1,2025-03-28,4,3,3,0,0,None,28.2,1.4,15000,481
1,2025-03-28,4,3,3,0,0,None,20.6,4.2,15000,452
1,2025-03-28,4,4,3,0,0,None,26.9,2.1,15000,523
1,2025-03-28,4,5,3,0,0,None,34.3,1.6,15000,1538
1,2025-03-28,4,6,3,0,0,None,27.7,3.7,15000,2374
1,2025-03-28,4,6,3,0,0,None,15.0,0.7,15000,2199
1,2025-03-28,4,7,3,0,1,Minor,32.5,0.0,15000,5223
1,2025-03-28,4,8,3,0,0,None,26.5,0.1,15000,5321
1,2025-03-28,4,8,3,0,0,None,38.4,1.5,15000,4636
1,2025-03-28,4,9,3,0,0,None,27.7,0.1,15000,6739
1,2025-03-28,4,10,3,0,0,None,29.3,0.0,15000,7510
1,2025-03-28,4,11,3,0,0,None,22.0,0.9,15000,6422
1,2025-03-28,4,11,3,0,1,Major,22.9,0.0,15000,13360
1,2025-03-28,4,12,3,0,0,None,28.7,0.0,15000,5154
1,2025-03-28,4,13,3,0,0,None,28.7,0.0,15000,4489
1,2025-03-28,4,14,3,0,0,None,25.5,7.2,15000,3480
1,2025-03-28,4,14,3,0,1,Major,24.9,1.2,15000,7330
1,2025-03-28,4,15,3,0,0,None,27.1,2.7,15000,4110
1,2025-03-28,4,16,3,0,0,None,25.4,0.0,15000,5627
1,2025-03-28,4,16,3,0,0,None,23.0,0.5,15000,5705
1,2025-03-28,4,17,3,0,1,Minor,25.9,2.5,15000,10840
1,2025-03-28,4,18,3,0,0,None,26.9,0.0,15000,9064
1,2025-03-28,4,19,3,0,0,None,23.0,0.0,15000,10006
1,2025-03-28,4,19,3,0,0,None,27.8,2.0,15000,10065
1,2025-03-28,4,20,3,0,0,None,28.3,0.8,15000,9068
1,2025-03-28,4,21,3,0,0,None,32.0,0.5,15000,7272
1,2025-03-28,4,22,3,0,0,None,27.3,2.0,15000,4763
1,2025-03-28,4,22,3,0,0,None,29.7,0.0,15000,5048
1,2025-03-28,4,23,3,0,1,Minor,24.3,0.0,15000,3531
1,2025-03-29,5,0,3,1,0,None,21.7,0.0,15000,690
1,2025-03-29,5,1,3,1,1,Minor,29.1,0.3,15000,1471
1,2025-03-29,5,1,3,1,0,None,25.6,0.8,15000,990
1,2025-03-29,5,2,3,1,0,None,25.7,0.8,15000,852
1,2025-03-29,5,3,3,1,0,None,28.7,0.5,15000,647
1,2025-03-29,5,3,3,1,0,None,24.3,0.7,15000,656
1,2025-03-29,5,4,3,1,0,None,31.3,0.0,15000,777
1,2025-03-29,5,5,3,1,0,None,26.7,0.7,15000,1574
1,2025-03-29,5,6,3,1,0,None,31.2,0.9,15000,2837
1,2025-03-29,5,6,3,1,0,None,25.8,0.5,15000,2866
1,2025-03-29,5,7,3,1,0,None,32.8,0.9,15000,4689
1,2025-03-29,5,8,3,1,0,None,26.8,0.0,15000,6669
1,2025-03-29,5,9,3,1,0,None,22.0,0.0,15000,8453
1,2025-03-29,5,9,3,1,0,None,20.7,0.1,15000,8247
1,2025-03-29,5,10,3,1,0,None,26.2,0.3,15000,9142
1,2025-03-29,5,11,3,1,0,None,22.2,1.4,15000,8333
1,2025-03-29,5,11,3,1,0,None,20.4,2.5,15000,8730
1,2025-03-29,5,12,3,1,0,None,24.4,0.5,15000,6547
1,2025-03-29,5,13,3,1,1,Minor,36.9,0.5,15000,7703
1,2025-03-29,5,14,3,1,0,None,29.8,0.0,15000,4873
1,2025-03-29,5,14,3,1,0,None,22.3,0.0,15000,4886
1,2025-03-29,5,15,3,1,0,None,35.8,0.0,15000,5732
1,2025-03-29,5,16,3,1,0,None,29.1,0.2,15000,6955
1,2025-03-29,5,17,3,1,0,None,23.0,0.0,15000,9206
1,2025-03-29,5,17,3,1,1,Minor,27.4,0.7,15000,13742
1,2025-03-29,5,18,3,1,0,None,23.0,0.0,15000,11805
1,2025-03-29,5,19,3,1,1,Major,20.8,0.0,15000,15000
1,2025-03-29,5,20,3,1,0,None,27.6,0.7,15000,11700
1,2025-03-29,5,20,3,1,0,None,25.5,0.0,15000,11786
1,2025-03-29,5,21,3,1,0,None,28.3,1.0,15000,8977
1,2025-03-29,5,22,3,1,0,None,17.0,1.8,15000,5805
1,2025-03-29,5,22,3,1,0,None,31.5,0.3,15000,6161
1,2025-03-29,5,23,3,1,0,None,22.5,0.0,15000,3188
1,2025-03-30,6,0,3,1,1,Minor,27.1,1.9,15000,1238
1,2025-03-30,6,1,3,1,0,None,23.9,0.6,15000,731
1,2025-03-30,6,1,3,1,0,None,16.2,0.0,15000,788
1,2025-03-30,6,2,3,1,1,Major,41.6,1.7,15000,1212
1,2025-03-30,6,3,3,1,0,None,28.1,1.8,15000,767
1,2025-03-30,6,4,3,1,0,None,29.1,0.0,15000,1051
1,2025-03-30,6,4,3,1,0,None,17.4,0.9,15000,826
1,2025-03-30,6,5,3,1,0,None,22.0,4.4,15000,1008
1,2025-03-30,6,6,3,1,0,None,26.3,0.0,15000,2982
1,2025-03-30,6,6,3,1,0,None,24.1,0.0,15000,2874
1,2025-03-30,6,7,3,1,1,Minor,33.2,0.0,15000,6635
1,2025-03-30,6,8,3,1,0,None,32.3,0.9,15000,6825
1,2025-03-30,6,9,3,1,0,None,28.5,0.4,15000,8102
1,2025-03-30,6,9,3,1,0,None,17.3,0.0,15000,8192
1,2025-03-30,6,10,3,1,0,None,24.8,0.1,15000,9169
1,2025-03-30,6,11,3,1,1,Minor,29.9,0.1,15000,12115
1,2025-03-30,6,12,3,1,0,None,30.1,3.4,15000,6951
1,2025-03-30,6,12,3,1,1,Major,26.1,0.1,15000,13346
1,2025-03-30,6,13,3,1,0,None,34.8,0.1,15000,5638
1,2025-03-30,6,14,3,1,0,None,23.4,1.9,15000,5177
1,2025-03-30,6,14,3,1,0,None,27.9,0.0,15000,4753
1,2025-03-30,6,15,3,1,0,None,19.0,0.0,15000,5499
1,2025-03-30,6,16,3,1,0,None,27.6,0.0,15000,6988
1,2025-03-30,6,17,3,1,0,None,22.7,0.0,15000,9705
1,2025-03-30,6,17,3,1,0,None,27.9,1.8,15000,9207
1,2025-03-30,6,18,3,1,0,None,30.3,2.7,15000,12036
1,2025-03-30,6,19,3,1,0,None,17.3,0.3,15000,12822
1,2025-03-30,6,20,3,1,0,None,27.0,0.0,15000,12314
1,2025-03-30,6,20,3,1,0,None,32.0,0.6,15000,11894
1,2025-03-30,6,21,3,1,0,None,31.1,0.3,15000,8879
1,2025-03-30,6,22,3,1,0,None,27.0,0.0,15000,5898
1,2025-03-30,6,23,3,1,0,None,27.5,2.0,15000,2845
1,2025-03-30,6,23,3,1,0,None,30.2,0.0,15000,3277
1,2025-03-31,0,0,3,0,0,None,32.2,0.0,15000,719
1,2025-03-31,0,1,3,0,0,None,30.4,0.3,15000,931
1,2025-03-31,0,1,3,0,0,None,25.5,0.4,15000,357
1,2025-03-31,0,2,3,0,0,None,30.0,0.8,15000,429
1,2025-03-31,0,3,3,0,1,Major,21.8,0.2,15000,843
1,2025-03-31,0,4,3,0,0,None,19.6,0.8,15000,513
1,2025-03-31,0,4,3,0,0,None,28.8,0.4,15000,770
1,2025-03-31,0,5,3,0,0,None,23.1,0.6,15000,1598
1,2025-03-31,0,6,3,0,0,None,27.4,1.3,15000,2252
1,2025-03-31,0,7,3,0,1,Minor,29.5,0.3,15000,5089
1,2025-03-31,0,7,3,0,0,None,31.4,0.0,15000,3315
1,2025-03-31,0,8,3,0,0,None,21.3,2.2,15000,5070
1,2025-03-31,0,9,3,0,1,Minor,28.0,0.4,15000,9193
1,2025-03-31,0,9,3,0,1,Minor,20.9,0.4,15000,9682
1,2025-03-31,0,10,3,0,0,None,33.4,2.2,15000,6961
1,2025-03-31,0,11,3,0,0,None,23.0,3.5,15000,6586
1,2025-03-31,0,12,3,0,0,None,29.8,1.0,15000,5115
1,2025-03-31,0,12,3,0,0,None,24.1,1.4,15000,5402
1,2025-03-31,0,13,3,0,0,None,23.4,2.9,15000,4243
1,2025-03-31,0,14,3,0,0,None,15.0,3.5,15000,3882
1,2025-03-31,0,15,3,0,0,None,29.5,0.3,15000,4470
1,2025-03-31,0,15,3,0,0,None,28.7,1.3,15000,4435
1,2025-03-31,0,16,3,0,0,None,25.7,0.6,15000,5759
1,2025-03-31,0,17,3,0,0,None,29.8,0.7,15000,7290
1,2025-03-31,0,18,3,0,0,None,25.5,1.7,15000,8880
1,2025-03-31,0,18,3,0,1,Major,24.6,1.3,15000,15000
1,2025-03-31,0,19,3,0,0,None,31.6,1.8,15000,10447
1,2025-03-31,0,20,3,0,0,None,21.1,0.7,15000,9264
1,2025-03-31,0,20,3,0,0,None,25.2,0.0,15000,8930
1,2025-03-31,0,21,3,0,1,Minor,23.6,2.0,15000,10762
1,2025-03-31,0,22,3,0,0,None,27.6,5.3,15000,4103
1,2025-03-31,0,23,3,0,0,None,21.5,0.3,15000,2637
1,2025-03-31,0,23,3,0,0,None,24.4,0.3,15000,2366
1,2025-04-01,1,0,4,0,0,None,30.3,0.0,15000,765
1,2025-04-01,1,1,4,0,0,None,22.1,0.9,15000,733
1,2025-04-01,1,2,4,0,0,None,27.5,1.5,15000,635
1,2025-04-01,1,2,4,0,0,None,26.3,3.1,15000,966
1,2025-04-01,1,3,4,0,0,None,18.9,2.8,15000,937
1,2025-04-01,1,4,4,0,0,None,24.0,0.0,15000,417
1,2025-04-01,1,4,4,0,1,Minor,27.9,2.0,15000,1216
1,2025-04-01,1,5,4,0,0,None,28.9,0.0,15000,884
1,2025-04-01,1,6,4,0,0,None,18.7,0.0,15000,1930
1,2025-04-01,1,7,4,0,0,None,23.6,1.5,15000,3353
1,2025-04-01,1,7,4,0,0,None,25.5,2.1,15000,3258
1,2025-04-01,1,8,4,0,1,Minor,25.8,1.0,15000,7599
1,2025-04-01,1,9,4,0,0,None,32.6,0.0,15000,6529
1,2025-04-01,1,10,4,0,0,None,33.8,0.0,15000,7229
1,2025-04-01,1,10,4,0,0,None,20.8,1.3,15000,7127
1,2025-04-01,1,11,4,0,1,Minor,23.3,0.1,15000,9574
1,2025-04-01,1,12,4,0,0,None,16.4,0.3,15000,5424
1,2025-04-01,1,12,4,0,0,None,30.0,1.9,15000,5189
1,2025-04-01,1,13,4,0,0,None,39.6,1.4,15000,4104
1,2025-04-01,1,14,4,0,0,None,29.5,0.9,15000,3796
1,2025-04-01,1,15,4,0,0,None,25.5,1.3,15000,4331
1,2025-04-01,1,15,4,0,0,None,23.2,0.3,15000,4262
1,2025-04-01,1,16,4,0,0,None,26.4,0.2,15000,5785
1,2025-04-01,1,17,4,0,0,None,26.4,0.4,15000,7146
1,2025-04-01,1,18,4,0,1,Major,25.2,1.0,15000,15000
1,2025-04-01,1,18,4,0,0,None,34.7,2.2,15000,8729
1,2025-04-01,1,19,4,0,0,None,26.8,1.2,15000,9799
1,2025-04-01,1,20,4,0,1,Minor,25.5,0.0,15000,13476
1,2025-04-01,1,21,4,0,0,None,31.1,0.7,15000,7114
1,2025-04-01,1,21,4,0,0,None,26.6,0.0,15000,6731
1,2025-04-01,1,22,4,0,0,None,33.3,1.9,15000,4925
1,2025-04-01,1,23,4,0,0,None,37.8,1.0,15000,2026
1,2025-04-01,1,23,4,0,0,None,37.9,0.6,15000,2134
1,2025-04-02,2,0,4,0,0,None,34.5,0.8,15000,938
1,2025-04-02,2,1,4,0,0,None,24.4,0.0,15000,942
1,2025-04-02,2,2,4,0,1,Major,37.3,3.9,15000,1125
1,2025-04-02,2,2,4,0,0,None,20.6,0.0,15000,418
1,2025-04-02,2,3,4,0,0,None,30.1,1.0,15000,243
1,2025-04-02,2,4,4,0,0,None,26.2,0.0,15000,886
1,2025-04-02,2,5,4,0,0,None,26.2,0.0,15000,1230
1,2025-04-02,2,5,4,0,1,Minor,16.7,2.2,15000,1910
1,2025-04-02,2,6,4,0,0,None,28.9,1.9,15000,2170
1,2025-04-02,2,7,4,0,0,None,34.4,0.0,15000,3611
1,2025-04-02,2,7,4,0,0,None,26.8,0.0,15000,3861
1,2025-04-02,2,8,4,0,0,None,29.1,0.0,15000,5005
1,2025-04-02,2,9,4,0,0,None,22.1,0.0,15000,6366
1,2025-04-02,2,10,4,0,0,None,32.0,0.4,15000,7357
1,2025-04-02,2,10,4,0,0,None,27.7,0.0,15000,7026
1,2025-04-02,2,11,4,0,0,None,25.0,0.0,15000,6839
1,2025-04-02,2,12,4,0,0,None,26.1,0.0,15000,5158
1,2025-04-02,2,13,4,0,0,None,23.7,0.0,15000,4486
1,2025-04-02,2,13,4,0,0,None,23.0,0.0,15000,4429
1,2025-04-02,2,14,4,0,0,None,24.4,0.0,15000,3891
1,2025-04-02,2,15,4,0,0,None,28.2,1.5,15000,4382
1,2025-04-02,2,15,4,0,0,None,25.2,2.1,15000,4462
1,2025-04-02,2,16,4,0,0,None,28.2,0.9,15000,5487
1,2025-04-02,2,17,4,0,1,Minor,32.8,0.0,15000,10892
1,2025-04-02,2,18,4,0,1,Minor,22.3,0.0,15000,13044
1,2025-04-02,2,18,4,0,0,None,17.9,1.7,15000,9242
1,2025-04-02,2,19,4,0,0,None,25.4,0.4,15000,9995
1,2025-04-02,2,20,4,0,1,Minor,22.6,0.7,15000,13481
1,2025-04-02,2,21,4,0,0,None,28.5,1.6,15000,6962
1,2025-04-02,2,21,4,0,0,None,28.3,2.9,15000,7238
1,2025-04-02,2,22,4,0,0,None,34.0,1.0,15000,4759
1,2025-04-02,2,23,4,0,0,None,22.1,0.0,15000,2338
1,2025-04-03,3,0,4,0,0,None,28.0,1.0,15000,737
1,2025-04-03,3,0,4,0,0,None,30.5,1.3,15000,555
1,2025-04-03,3,1,4,0,0,None,31.2,1.6,15000,630
1,2025-04-03,3,2,4,0,0,None,34.1,0.0,15000,477
1,2025-04-03,3,2,4,0,0,None,22.3,0.0,15000,315
1,2025-04-03,3,3,4,0,0,None,28.7,0.0,15000,282
1,2025-04-03,3,4,4,0,0,None,37.8,0.0,15000,586
1,2025-04-03,3,5,4,0,0,None,34.8,0.0,15000,909
1,2025-04-03,3,5,4,0,0,None,15.1,0.0,15000,1067
1,2025-04-03,3,6,4,0,0,None,29.0,1.7,15000,2219
1,2025-04-03,3,7,4,0,0,None,24.0,0.5,15000,3668
1,2025-04-03,3,8,4,0,0,None,25.7,0.0,15000,4987
1,2025-04-03,3,8,4,0,0,None,35.7,0.0,15000,4761
1,2025-04-03,3,9,4,0,0,None,28.2,0.0,15000,6507
1,2025-04-03,3,10,4,0,0,None,27.3,0.2,15000,7391
1,2025-04-03,3,10,4,0,0,None,21.7,2.2,15000,7002
1,2025-04-03,3,11,4,0,0,None,32.3,0.0,15000,6708
1,2025-04-03,3,12,4,0,0,None,34.4,0.0,15000,5162
1,2025-04-03,3,13,4,0,0,None,25.8,0.0,15000,4469
1,2025-04-03,3,13,4,0,0,None,33.5,3.2,15000,4089
1,2025-04-03,3,14,4,0,0,None,37.5,0.0,15000,3261
1,2025-04-03,3,15,4,0,0,None,28.2,0.0,15000,4505
1,2025-04-03,3,16,4,0,0,None,32.5,1.8,15000,5736
1,2025-04-03,3,16,4,0,0,None,27.5,1.0,15000,5734
1,2025-04-03,3,17,4,0,0,None,25.2,1.6,15000,7301
1,2025-04-03,3,18,4,0,0,None,27.3,0.2,15000,9324
1,2025-04-03,3,18,4,0,0,None,29.8,0.0,15000,9021
1,2025-04-03,3,19,4,0,0,None,26.7,1.2,15000,10179
1,2025-04-03,3,20,4,0,0,None,28.4,0.3,15000,9328
1,2025-04-03,3,21,4,0,0,None,27.9,0.0,15000,6997
1,2025-04-03,3,21,4,0,1,Minor,18.2,2.3,15000,10643
1,2025-04-03,3,22,4,0,1,Minor,27.3,0.0,15000,6852
1,2025-04-03,3,23,4,0,0,None,25.0,2.0,15000,2770
1,2025-04-04,4,0,4,0,0,None,24.6,0.0,15000,752
1,2025-04-04,4,0,4,0,0,None,32.5,2.3,15000,354
1,2025-04-04,4,1,4,0,0,None,24.7,0.2,15000,640
1,2025-04-04,4,2,4,0,0,None,20.5,0.6,15000,345
1,2025-04-04,4,3,4,0,0,None,19.8,0.5,15000,517
1,2025-04-04,4,3,4,0,0,None,27.8,0.0,15000,540
1,2025-04-04,4,4,4,0,0,None,25.8,1.8,15000,667
1,2025-04-04,4,5,4,0,0,None,23.8,0.0,15000,1135
1,2025-04-04,4,5,4,0,1,Minor,20.7,0.1,15000,1808
1,2025-04-04,4,6,4,0,0,None,31.0,0.4,15000,2173
1,2025-04-04,4,7,4,0,0,None,26.1,0.0,15000,3618
1,2025-04-04,4,8,4,0,0,None,34.4,2.6,15000,5188
1,2025-04-04,4,8,4,0,0,None,27.1,4.4,15000,5037
1,2025-04-04,4,9,4,0,0,None,26.0,1.4,15000,6563
1,2025-04-04,4,10,4,0,0,None,28.5,0.0,15000,7138
1,2025-04-04,4,11,4,0,0,None,29.1,0.1,15000,6350
1,2025-04-04,4,11,4,0,0,None,26.1,1.6,15000,6441
1,2025-04-04,4,12,4,0,0,None,29.2,1.4,15000,4925
1,2025-04-04,4,13,4,0,0,None,30.3,0.0,15000,3850
1,2025-04-04,4,13,4,0,1,Major,28.9,0.0,15000,8414
1,2025-04-04,4,14,4,0,0,None,24.0,0.0,15000,3759
1,2025-04-04,4,15,4,0,0,None,34.8,0.7,15000,4212
1,2025-04-04,4,16,4,0,0,None,26.9,1.7,15000,5817
1,2025-04-04,4,16,4,0,0,None,27.1,0.4,15000,5695
1,2025-04-04,4,17,4,0,0,None,32.2,0.0,15000,7289
1,2025-04-04,4,18,4,0,0,None,24.5,2.8,15000,8909
1,2025-04-04,4,19,4,0,0,None,33.1,0.0,15000,10312
1,2025-04-04,4,19,4,0,0,None,20.4,1.5,15000,10047
1,2025-04-04,4,20,4,0,0,None,24.0,0.3,15000,9201
1,2025-04-04,4,21,4,0,0,None,29.9,0.2,15000,7209
1,2025-04-04,4,22,4,0,0,None,29.4,4.0,15000,4442
1,2025-04-04,4,22,4,0,0,None,28.6,1.2,15000,4812
1,2025-04-04,4,23,4,0,0,None,32.0,0.0,15000,2374
1,2025-04-05,5,0,4,1,0,None,30.6,0.0,15000,920
1,2025-04-05,5,0,4,1,0,None,20.9,0.5,15000,1096
1,2025-04-05,5,1,4,1,0,None,21.3,0.0,15000,525
1,2025-04-05,5,2,4,1,0,None,27.3,0.2,15000,608
1,2025-04-05,5,3,4,1,0,None,33.9,1.2,15000,435
1,2025-04-05,5,3,4,1,0,None,28.6,0.0,15000,497
1,2025-04-05,5,4,4,1,1,Major,19.4,0.4,15000,1440
1,2025-04-05,5,5,4,1,0,None,21.5,0.0,15000,1330
1,2025-04-05,5,6,4,1,0,None,17.4,1.1,15000,2971
1,2025-04-05,5,6,4,1,0,None,32.7,0.8,15000,2258
1,2025-04-05,5,7,4,1,0,None,23.3,0.0,15000,4530
1,2025-04-05,5,8,4,1,0,None,25.8,0.0,15000,6836
1,2025-04-05,5,8,4,1,0,None,32.1,0.0,15000,6710
1,2025-04-05,5,9,4,1,1,Minor,28.3,0.0,15000,11971
1,2025-04-05,5,10,4,1,0,None,17.3,2.1,15000,9165
1,2025-04-05,5,11,4,1,0,None,33.1,0.0,15000,8330
1,2025-04-05,5,11,4,1,0,None,25.2,0.7,15000,8585
1,2025-04-05,5,12,4,1,1,Minor,25.0,0.1,15000,9607
1,2025-04-05,5,13,4,1,0,None,31.0,0.3,15000,5152
1,2025-04-05,5,14,4,1,0,None,21.2,0.0,15000,5198
1,2025-04-05,5,14,4,1,0,None,30.9,0.6,15000,5030
1,2025-04-05,5,15,4,1,0,None,28.4,1.6,15000,5704
1,2025-04-05,5,16,4,1,0,None,23.9,2.0,15000,7548
1,2025-04-05,5,16,4,1,0,None,25.6,0.0,15000,7340
1,2025-04-05,5,17,4,1,1,Minor,24.6,0.4,15000,13616
1,2025-04-05,5,18,4,1,0,None,26.8,0.5,15000,11699
1,2025-04-05,5,19,4,1,0,None,33.4,0.0,15000,13313
1,2025-04-05,5,19,4,1,1,Major,22.3,2.3,15000,15000
1,2025-04-05,5,20,4,1,0,None,27.4,0.0,15000,11585
1,2025-04-05,5,21,4,1,0,None,34.7,0.0,15000,9144
1,2025-04-05,5,22,4,1,1,Minor,24.7,6.1,15000,7952
1,2025-04-05,5,22,4,1,1,Minor,26.7,1.7,15000,8932
1,2025-04-05,5,23,4,1,0,None,25.8,3.2,15000,3290
1,2025-04-06,6,0,4,1,0,None,26.3,1.7,15000,879
1,2025-04-06,6,1,4,1,0,None,29.7,0.0,15000,906
1,2025-04-06,6,1,4,1,0,None,27.0,0.3,15000,419
1,2025-04-06,6,2,4,1,0,None,21.3,0.0,15000,545
1,2025-04-06,6,3,4,1,0,None,34.2,0.6,15000,630
1,2025-04-06,6,3,4,1,0,None,34.1,0.9,15000,823
1,2025-04-06,6,4,4,1,0,None,24.7,2.0,15000,932
1,2025-04-06,6,5,4,1,0,None,31.0,0.0,15000,1399
1,2025-04-06,6,6,4,1,0,None,30.6,0.0,15000,2920
1,2025-04-06,6,6,4,1,0,None,23.0,0.9,15000,2902
1,2025-04-06,6,7,4,1,1,Minor,26.5,0.9,15000,6441
1,2025-04-06,6,8,4,1,0,None,24.4,0.0,15000,6555
1,2025-04-06,6,9,4,1,0,None,35.2,0.3,15000,8118
1,2025-04-06,6,9,4,1,0,None,23.7,0.0,15000,8389
1,2025-04-06,6,10,4,1,0,None,27.3,0.6,15000,9180
1,2025-04-06,6,11,4,1,0,None,25.9,0.2,15000,8616
1,2025-04-06,6,11,4,1,0,None,23.1,3.5,15000,8257
1,2025-04-06,6,12,4,1,0,None,17.2,0.0,15000,6570
1,2025-04-06,6,13,4,1,0,None,20.6,0.1,15000,5447
1,2025-04-06,6,14,4,1,1,Minor,18.4,0.1,15000,6993
1,2025-04-06,6,14,4,1,1,Minor,28.5,0.1,15000,7044
1,2025-04-06,6,15,4,1,0,None,30.1,1.9,15000,5834
1,2025-04-06,6,16,4,1,1,Minor,28.4,1.4,15000,10389
1,2025-04-06,6,17,4,1,0,None,29.1,1.1,15000,9527
1,2025-04-06,6,17,4,1,0,None,31.0,1.7,15000,9479
1,2025-04-06,6,18,4,1,0,None,21.0,0.0,15000,11840
1,2025-04-06,6,19,4,1,0,None,18.7,0.0,15000,12928
1,2025-04-06,6,20,4,1,0,None,29.0,0.8,15000,11979
1,2025-04-06,6,20,4,1,0,None,27.4,0.5,15000,12320
1,2025-04-06,6,21,4,1,0,None,23.5,1.5,15000,9196
1,2025-04-06,6,22,4,1,0,None,33.1,0.3,15000,6097
1,2025-04-06,6,22,4,1,0,None,29.3,0.0,15000,6242
1,2025-04-06,6,23,4,1,0,None,33.9,0.8,15000,3337
1,2025-04-07,0,0,4,0,0,None,37.0,0.0,15000,784
1,2025-04-07,0,1,4,0,0,None,30.8,0.0,15000,777
1,2025-04-07,0,1,4,0,0,None,33.7,0.3,15000,440
1,2025-04-07,0,2,4,0,0,None,20.6,0.3,15000,292
1,2025-04-07,0,3,4,0,0,None,24.7,0.2,15000,684
1,2025-04-07,0,4,4,0,0,None,42.0,3.4,15000,573
1,2025-04-07,0,4,4,0,0,None,26.5,3.9,15000,470
1,2025-04-07,0,5,4,0,0,None,21.1,0.0,15000,1110
1,2025-04-07,0,6,4,0,0,None,23.3,0.0,15000,2340
1,2025-04-07,0,6,4,0,0,None,20.6,2.4,15000,2004
1,2025-04-07,0,7,4,0,0,None,28.5,5.6,15000,3127
1,2025-04-07,0,8,4,0,1,Minor,25.5,0.5,15000,7721
1,2025-04-07,0,9,4,0,0,None,25.6,0.2,15000,6506
1,2025-04-07,0,9,4,0,1,Minor,24.6,1.8,15000,9406
1,2025-04-07,0,10,4,0,0,None,31.1,1.2,15000,7131
1,2025-04-07,0,11,4,0,0,None,27.9,0.2,15000,6533
1,2025-04-07,0,12,4,0,0,None,17.0,0.3,15000,5072
1,2025-04-07,0,12,4,0,0,None,24.4,0.4,15000,5204
1,2025-04-07,0,13,4,0,0,None,30.0,0.8,15000,4265
1,2025-04-07,0,14,4,0,0,None,25.0,0.0,15000,3846
1,2025-04-07,0,14,4,0,0,None,26.9,0.4,15000,3567
1,2025-04-07,0,15,4,0,0,None,34.1,3.0,15000,4340
1,2025-04-07,0,16,4,0,0,None,26.9,0.1,15000,5335
1,2025-04-07,0,17,4,0,0,None,32.4,0.3,15000,7317
1,2025-04-07,0,17,4,0,0,None,34.7,0.0,15000,7387
1,2025-04-07,0,18,4,0,0,None,29.6,0.1,15000,9032
1,2025-04-07,0,19,4,0,0,None,20.9,0.0,15000,10068
1,2025-04-07,0,20,4,0,0,None,28.8,0.7,15000,8908
1,2025-04-07,0,20,4,0,0,None,20.4,0.0,15000,9489
1,2025-04-07,0,21,4,0,0,None,24.7,0.2,15000,7317
1,2025-04-07,0,22,4,0,0,None,37.4,0.0,15000,4213
1,2025-04-07,0,23,4,0,0,None,26.7,1.7,15000,2370
1,2025-04-07,0,23,4,0,0,None,28.3,0.2,15000,2567
1,2025-04-08,1,0,4,0,0,None,27.3,1.9,15000,925
1,2025-04-08,1,1,4,0,0,None,21.3,0.0,15000,612
1,2025-04-08,1,1,4,0,0,None,26.8,0.3,15000,495
1,2025-04-08,1,2,4,0,0,None,28.8,0.0,15000,278
1,2025-04-08,1,3,4,0,0,None,23.1,1.8,15000,1010
1,2025-04-08,1,4,4,0,0,None,25.2,0.0,15000,661
1,2025-04-08,1,4,4,0,0,None,29.0,0.8,15000,791
1,2025-04-08,1,5,4,0,0,None,23.0,1.8,15000,1476
1,2025-04-08,1,6,4,0,0,None,28.7,2.2,15000,2538
1,2025-04-08,1,7,4,0,0,None,33.5,0.4,15000,3499
1,2025-04-08,1,7,4,0,0,None,20.8,2.2,15000,3338
1,2025-04-08,1,8,4,0,0,None,16.6,0.0,15000,5236
1,2025-04-08,1,9,4,0,0,None,23.8,1.0,15000,6603
1,2025-04-08,1,9,4,0,0,None,24.1,0.2,15000,6353
1,2025-04-08,1,10,4,0,0,None,29.5,1.4,15000,7592
1,2025-04-08,1,11,4,0,0,None,33.4,0.1,15000,6694
1,2025-04-08,1,12,4,0,0,None,32.8,0.5,15000,5274
1,2025-04-08,1,12,4,0,0,None,16.2,1.0,15000,5328
1,2025-04-08,1,13,4,0,0,None,29.4,1.0,15000,4466
1,2025-04-08,1,14,4,0,0,None,23.8,0.5,15000,3996
1,2025-04-08,1,15,4,0,0,None,21.2,0.6,15000,4422
1,2025-04-08,1,15,4,0,0,None,26.8,2.1,15000,3956
1,2025-04-08,1,16,4,0,1,Minor,24.3,0.0,15000,8205
1,2025-04-08,1,17,4,0,0,None,24.4,2.1,15000,7656
1,2025-04-08,1,17,4,0,0,None,28.0,0.0,15000,7350
1,2025-04-08,1,18,4,0,0,None,32.5,0.0,15000,9022
1,2025-04-08,1,19,4,0,0,None,21.6,0.0,15000,10099
1,2025-04-08,1,20,4,0,0,None,20.8,0.8,15000,9211
1,2025-04-08,1,20,4,0,0,None,27.1,0.6,15000,9248
1,2025-04-08,1,21,4,0,0,None,42.0,0.4,15000,6412
1,2025-04-08,1,22,4,0,0,None,26.4,0.0,15000,4589
1,2025-04-08,1,23,4,0,0,None,28.7,0.0,15000,2156
1,2025-04-08,1,23,4,0,0,None,32.7,0.0,15000,2215
1,2025-04-09,2,0,4,0,0,None,28.5,1.9,15000,767
1,2025-04-09,2,1,4,0,0,None,30.8,2.8,15000,606
1,2025-04-09,2,2,4,0,0,None,29.3,0.0,15000,852
1,2025-04-09,2,2,4,0,1,Minor,31.0,0.7,15000,672
1,2025-04-09,2,3,4,0,0,None,22.2,0.3,15000,467
1,2025-04-09,2,4,4,0,0,None,22.3,5.3,15000,638
1,2025-04-09,2,4,4,0,0,None,27.6,0.5,15000,445
1,2025-04-09,2,5,4,0,0,None,27.5,0.7,15000,1480
1,2025-04-09,2,6,4,0,0,None,27.3,2.2,15000,2128
1,2025-04-09,2,7,4,0,1,Major,30.6,0.1,15000,7171
1,2025-04-09,2,7,4,0,0,None,26.6,0.5,15000,3797
1,2025-04-09,2,8,4,0,0,None,22.6,0.0,15000,5362
1,2025-04-09,2,9,4,0,0,None,19.7,1.4,15000,6878
1,2025-04-09,2,10,4,0,0,None,22.7,2.7,15000,7214
1,2025-04-09,2,10,4,0,0,None,33.8,0.9,15000,6941
1,2025-04-09,2,11,4,0,0,None,24.5,0.0,15000,6746
1,2025-04-09,2,12,4,0,0,None,18.2,1.7,15000,5287
1,2025-04-09,2,12,4,0,0,None,28.6,0.0,15000,4523
1,2025-04-09,2,13,4,0,0,None,17.7,0.1,15000,3942
1,2025-04-09,2,14,4,0,1,Major,16.6,0.0,15000,7650
1,2025-04-09,2,15,4,0,0,None,23.3,0.0,15000,4126
1,2025-04-09,2,15,4,0,0,None,31.9,1.6,15000,4661
1,2025-04-09,2,16,4,0,0,None,33.9,0.3,15000,5615
1,2025-04-09,2,17,4,0,0,None,17.2,1.3,15000,7120
1,2025-04-09,2,18,4,0,0,None,21.2,0.1,15000,8978
1,2025-04-09,2,18,4,0,0,None,33.7,1.5,15000,9164
1,2025-04-09,2,19,4,0,0,None,27.1,0.2,15000,10024
1,2025-04-09,2,20,4,0,0,None,31.6,0.0,15000,9452
1,2025-04-09,2,20,4,0,0,None,27.1,1.0,15000,9504
1,2025-04-09,2,21,4,0,0,None,24.5,0.6,15000,7340
1,2025-04-09,2,22,4,0,1,Minor,32.5,0.0,15000,6978
1,2025-04-09,2,23,4,0,0,None,22.0,0.3,15000,2459
1,2025-04-09,2,23,4,0,0,None,18.0,1.2,15000,2262
1,2025-04-10,3,0,4,0,0,None,25.6,2.8,15000,811
1,2025-04-10,3,1,4,0,0,None,28.8,0.4,15000,359
1,2025-04-10,3,2,4,0,0,None,26.2,0.0,15000,672
1,2025-04-10,3,2,4,0,0,None,28.2,0.4,15000,596
1,2025-04-10,3,3,4,0,1,Minor,27.3,0.0,15000,588
1,2025-04-10,3,4,4,0,1,Major,21.7,0.0,15000,1359
1,2025-04-10,3,5,4,0,1,Minor,30.3,1.6,15000,1577
1,2025-04-10,3,5,4,0,0,None,24.4,0.0,15000,1201
1,2025-04-10,3,6,4,0,0,None,35.3,0.7,15000,2255
1,2025-04-10,3,7,4,0,0,None,28.4,0.1,15000,3532
1,2025-04-10,3,7,4,0,0,None,35.6,2.5,15000,3616
1,2025-04-10,3,8,4,0,0,None,32.0,0.0,15000,5752
1,2025-04-10,3,9,4,0,0,None,21.7,0.3,15000,6478
1,2025-04-10,3,10,4,0,1,Minor,41.5,0.1,15000,9208
1,2025-04-10,3,10,4,0,1,Minor,24.9,1.3,15000,10628
1,2025-04-10,3,11,4,0,0,None,25.4,0.1,15000,6554
1,2025-04-10,3,12,4,0,0,None,18.3,0.0,15000,4816
1,2025-04-10,3,13,4,0,0,None,29.0,0.1,15000,4209
1,2025-04-10,3,13,4,0,0,None,30.0,1.8,15000,4359
1,2025-04-10,3,14,4,0,0,None,27.4,1.4,15000,3359
1,2025-04-10,3,15,4,0,0,None,25.8,1.4,15000,4248
1,2025-04-10,3,15,4,0,0,None,22.4,0.7,15000,4086
1,2025-04-10,3,16,4,0,0,None,19.7,0.0,15000,5593
1,2025-04-10,3,17,4,0,1,Minor,35.4,0.0,15000,11126
1,2025-04-10,3,18,4,0,0,None,22.6,0.1,15000,9257
1,2025-04-10,3,18,4,0,0,None,33.7,0.3,15000,8984
1,2025-04-10,3,19,4,0,0,None,30.6,1.9,15000,10206
1,2025-04-10,3,20,4,0,0,None,19.6,0.2,15000,9381
1,2025-04-10,3,21,4,0,0,None,21.7,0.0,15000,7289
1,2025-04-10,3,21,4,0,0,None,27.0,1.2,15000,6899
1,2025-04-10,3,22,4,0,0,None,23.4,0.6,15000,4550
1,2025-04-10,3,23,4,0,0,None,32.5,1.9,15000,2483
1,2025-04-11,4,0,4,0,0,None,22.5,1.0,15000,910
1,2025-04-11,4,0,4,0,0,None,25.5,2.2,15000,836
1,2025-04-11,4,1,4,0,0,None,26.1,0.1,15000,988
1,2025-04-11,4,2,4,0,0,None,28.0,1.6,15000,632
1,2025-04-11,4,2,4,0,0,None,32.5,0.2,15000,484
1,2025-04-11,4,3,4,0,0,None,33.8,0.6,15000,659
1,2025-04-11,4,4,4,0,0,None,16.9,0.4,15000,562
1,2025-04-11,4,5,4,0,0,None,26.7,2.3,15000,1208
1,2025-04-11,4,5,4,0,0,None,23.9,0.9,15000,1275
1,2025-04-11,4,6,4,0,0,None,25.4,0.0,15000,2192
1,2025-04-11,4,7,4,0,1,Minor,25.2,1.0,15000,5177
1,2025-04-11,4,8,4,0,1,Major,22.0,3.1,15000,10459
1,2025-04-11,4,8,4,0,0,None,29.8,0.0,15000,4960
1,2025-04-11,4,9,4,0,0,None,24.0,0.1,15000,6505
1,2025-04-11,4,10,4,0,1,Minor,35.1,0.4,15000,10256
1,2025-04-11,4,10,4,0,0,None,25.4,0.0,15000,7111
1,2025-04-11,4,11,4,0,0,None,28.3,0.1,15000,6414
1,2025-04-11,4,12,4,0,0,None,23.7,0.2,15000,5581
1,2025-04-11,4,13,4,0,0,None,17.4,0.6,15000,4284
1,2025-04-11,4,13,4,0,0,None,26.8,0.0,15000,4217
1,2025-04-11,4,14,4,0,0,None,32.4,2.2,15000,3832
1,2025-04-11,4,15,4,0,1,Minor,35.7,0.0,15000,6076
1,2025-04-11,4,16,4,0,0,None,29.1,0.0,15000,5645
1,2025-04-11,4,16,4,0,0,None,29.5,2.3,15000,5775
1,2025-04-11,4,17,4,0,1,Minor,33.9,0.0,15000,11081
1,2025-04-11,4,18,4,0,0,None,20.9,0.0,15000,9178
1,2025-04-11,4,18,4,0,0,None,32.7,0.1,15000,9081
1,2025-04-11,4,19,4,0,0,None,22.3,1.7,15000,9833
1,2025-04-11,4,20,4,0,0,None,35.5,8.6,15000,8058
1,2025-04-11,4,21,4,0,0,None,28.7,1.9,15000,7083
1,2025-04-11,4,21,4,0,0,None,27.1,1.0,15000,6933
1,2025-04-11,4,22,4,0,0,None,19.6,0.1,15000,4810
1,2025-04-11,4,23,4,0,0,None,15.0,0.4,15000,2763
1,2025-04-12,5,0,4,1,0,None,28.8,1.5,15000,787
1,2025-04-12,5,0,4,1,0,None,28.5,0.0,15000,941
1,2025-04-12,5,1,4,1,0,None,22.1,0.0,15000,984
1,2025-04-12,5,2,4,1,0,None,29.6,0.5,15000,529
1,2025-04-12,5,3,4,1,1,Major,23.0,0.5,15000,1604
1,2025-04-12,5,3,4,1,0,None,28.9,0.0,15000,647
1,2025-04-12,5,4,4,1,0,None,23.0,0.2,15000,748
1,2025-04-12,5,5,4,1,0,None,37.7,0.5,15000,1472
1,2025-04-12,5,5,4,1,0,None,26.7,0.2,15000,1285
1,2025-04-12,5,6,4,1,0,None,24.4,0.0,15000,2883
1,2025-04-12,5,7,4,1,0,None,32.7,0.0,15000,4628
1,2025-04-12,5,8,4,1,0,None,32.6,0.0,15000,6678
1,2025-04-12,5,8,4,1,0,None,32.1,3.0,15000,6608
1,2025-04-12,5,9,4,1,0,None,32.1,2.3,15000,8235
1,2025-04-12,5,10,4,1,0,None,30.6,0.3,15000,9253
1,2025-04-12,5,11,4,1,1,Minor,16.0,0.6,15000,12115
1,2025-04-12,5,11,4,1,0,None,19.2,3.3,15000,8913
1,2025-04-12,5,12,4,1,0,None,29.6,0.0,15000,6562
1,2025-04-12,5,13,4,1,0,None,20.0,1.3,15000,5518
1,2025-04-12,5,13,4,1,0,None,29.5,0.8,15000,5408
1,2025-04-12,5,14,4,1,0,None,28.3,0.4,15000,5081
1,2025-04-12,5,15,4,1,0,None,22.5,0.8,15000,5528
1,2025-04-12,5,16,4,1,0,None,19.0,1.3,15000,7395
1,2025-04-12,5,16,4,1,0,None,15.0,0.9,15000,7098
1,2025-04-12,5,17,4,1,0,None,35.4,1.2,15000,9050
1,2025-04-12,5,18,4,1,0,None,28.6,7.0,15000,10356
1,2025-04-12,5,19,4,1,0,None,29.6,1.0,15000,12956
1,2025-04-12,5,19,4,1,0,None,28.0,0.0,15000,12826
1,2025-04-12,5,20,4,1,0,None,19.2,0.2,15000,11882
1,2025-04-12,5,21,4,1,0,None,27.9,2.8,15000,9086
1,2025-04-12,5,22,4,1,0,None,22.7,0.0,15000,6106
1,2025-04-12,5,22,4,1,0,None,30.8,0.7,15000,5874
1,2025-04-12,5,23,4,1,0,None,25.8,0.6,15000,3262
1,2025-04-13,6,0,4,1,0,None,23.5,2.9,15000,1020
1,2025-04-13,6,0,4,1,0,None,28.2,1.8,15000,1365
1,2025-04-13,6,1,4,1,1,Major,25.9,0.0,15000,1224
1,2025-04-13,6,2,4,1,0,None,19.5,0.0,15000,513
1,2025-04-13,6,3,4,1,0,None,25.2,0.6,15000,845
1,2025-04-13,6,3,4,1,0,None,38.1,2.6,15000,531
1,2025-04-13,6,4,4,1,0,None,29.6,2.7,15000,1151
1,2025-04-13,6,5,4,1,0,None,30.6,0.0,15000,1475
1,2025-04-13,6,6,4,1,0,None,26.4,0.2,15000,2813
1,2025-04-13,6,6,4,1,0,None,34.5,0.4,15000,3002
1,2025-04-13,6,7,4,1,1,Minor,31.9,1.1,15000,6761
1,2025-04-13,6,8,4,1,0,None,28.1,0.1,15000,6626
1,2025-04-13,6,8,4,1,1,Major,21.0,0.0,15000,13436
1,2025-04-13,6,9,4,1,0,None,24.3,1.6,15000,8473
1,2025-04-13,6,10,4,1,0,None,17.4,1.5,15000,9030
1,2025-04-13,6,11,4,1,0,None,32.0,0.0,15000,8718
1,2025-04-13,6,11,4,1,0,None,31.2,0.0,15000,8286
1,2025-04-13,6,12,4,1,0,None,32.4,0.6,15000,6505
1,2025-04-13,6,13,4,1,0,None,32.5,1.3,15000,5305
1,2025-04-13,6,14,4,1,0,None,24.8,0.1,15000,4415
1,2025-04-13,6,14,4,1,0,None,21.8,1.1,15000,4986
1,2025-04-13,6,15,4,1,0,None,37.0,0.0,15000,5167
1,2025-04-13,6,16,4,1,0,None,31.0,4.2,15000,6038
1,2025-04-13,6,16,4,1,0,None,24.9,0.0,15000,7475
1,2025-04-13,6,17,4,1,0,None,27.3,0.7,15000,9250
1,2025-04-13,6,18,4,1,0,None,24.9,0.0,15000,11273
1,2025-04-13,6,19,4,1,0,None,31.6,0.0,15000,12448
1,2025-04-13,6,19,4,1,0,None,20.0,0.4,15000,12800
1,2025-04-13,6,20,4,1,0,None,20.7,1.6,15000,11936
1,2025-04-13,6,21,4,1,0,None,31.3,0.8,15000,9119
1,2025-04-13,6,22,4,1,0,None,33.8,1.8,15000,6148
1,2025-04-13,6,22,4,1,1,Minor,29.7,0.0,15000,8962
1,2025-04-13,6,23,4,1,0,None,28.0,0.5,15000,3136
1,2025-04-14,0,0,4,0,0,None,29.0,0.0,15000,583
1,2025-04-14,0,1,4,0,0,None,31.8,1.6,15000,773
1,2025-04-14,0,1,4,0,0,None,25.9,1.0,15000,491
1,2025-04-14,0,2,4,0,0,None,28.1,0.2,15000,257
1,2025-04-14,0,3,4,0,0,None,25.1,0.0,15000,727
1,2025-04-14,0,3,4,0,1,Minor,21.9,2.9,15000,980
1,2025-04-14,0,4,4,0,0,None,29.3,0.2,15000,806
1,2025-04-14,0,5,4,0,0,None,24.1,1.4,15000,1040
1,2025-04-14,0,6,4,0,0,None,25.6,0.0,15000,2515
1,2025-04-14,0,6,4,0,1,Minor,23.8,0.7,15000,2789
1,2025-04-14,0,7,4,0,1,Major,27.6,0.0,15000,7414
1,2025-04-14,0,8,4,0,0,None,28.2,0.5,15000,5531
1,2025-04-14,0,9,4,0,1,Minor,30.3,0.0,15000,9470
1,2025-04-14,0,9,4,0,0,None,25.6,0.9,15000,6595
1,2025-04-14,0,10,4,0,0,None,19.3,0.0,15000,7516
1,2025-04-14,0,11,4,0,1,Minor,31.3,0.9,15000,9723
1,2025-04-14,0,11,4,0,0,None,26.8,0.0,15000,6849
1,2025-04-14,0,12,4,0,1,Minor,26.1,1.6,15000,7445
1,2025-04-14,0,13,4,0,0,None,27.3,0.0,15000,4461
1,2025-04-14,0,14,4,0,0,None,23.5,0.0,15000,3646
1,2025-04-14,0,14,4,0,0,None,22.5,0.3,15000,3717
1,2025-04-14,0,15,4,0,0,None,32.0,0.0,15000,4433
1,2025-04-14,0,16,4,0,0,None,21.2,0.9,15000,6032
1,2025-04-14,0,17,4,0,0,None,20.5,0.6,15000,7318
1,2025-04-14,0,17,4,0,1,Minor,22.4,0.2,15000,10609
1,2025-04-14,0,18,4,0,1,Minor,27.4,0.7,15000,13156
1,2025-04-14,0,19,4,0,0,None,23.1,0.0,15000,10058
1,2025-04-14,0,19,4,0,1,Minor,29.4,0.0,15000,14619
1,2025-04-14,0,20,4,0,0,None,27.4,1.5,15000,9378
1,2025-04-14,0,21,4,0,0,None,30.2,1.0,15000,7082
1,2025-04-14,0,22,4,0,0,None,37.3,1.2,15000,4444
1,2025-04-14,0,22,4,0,0,None,31.4,0.0,15000,4637
1,2025-04-14,0,23,4,0,0,None,17.5,1.8,15000,2191
1,2025-04-15,1,0,4,0,0,None,25.6,0.1,15000,1109
1,2025-04-15,1,1,4,0,0,None,26.1,0.3,15000,430
1,2025-04-15,1,1,4,0,0,None,22.6,0.0,15000,905
1,2025-04-15,1,2,4,0,0,None,25.7,0.3,15000,791
1,2025-04-15,1,3,4,0,0,None,22.0,3.0,15000,349
1,2025-04-15,1,4,4,0,0,None,24.6,0.0,15000,791
1,2025-04-15,1,4,4,0,1,Major,30.8,0.0,15000,1269
1,2025-04-15,1,5,4,0,0,None,23.9,4.5,15000,795
1,2025-04-15,1,6,4,0,0,None,19.6,0.0,15000,2034
1,2025-04-15,1,6,4,0,0,None,34.5,1.6,15000,2032
1,2025-04-15,1,7,4,0,0,None,27.5,0.0,15000,3534
1,2025-04-15,1,8,4,0,0,None,22.0,1.7,15000,5310
1,2025-04-15,1,9,4,0,0,None,24.1,0.7,15000,6668
1,2025-04-15,1,9,4,0,0,None,31.9,0.0,15000,6402
1,2025-04-15,1,10,4,0,1,Major,30.9,1.5,15000,14540
1,2025-04-15,1,11,4,0,0,None,25.5,2.4,15000,6522
1,2025-04-15,1,12,4,0,0,None,28.6,0.0,15000,5554
1,2025-04-15,1,12,4,0,0,None,32.9,1.1,15000,5212
1,2025-04-15,1,13,4,0,0,None,17.5,0.0,15000,4293
1,2025-04-15,1,14,4,0,0,None,17.4,0.0,15000,3513
1,2025-04-15,1,14,4,0,0,None,23.0,3.0,15000,3816
1,2025-04-15,1,15,4,0,1,Minor,23.5,1.2,15000,6612
1,2025-04-15,1,16,4,0,0,None,26.8,1.1,15000,5482
1,2025-04-15,1,17,4,0,0,None,30.5,1.4,15000,7263
1,2025-04-15,1,17,4,0,0,None,27.6,0.1,15000,6975
1,2025-04-15,1,18,4,0,0,None,23.1,0.3,15000,9318
1,2025-04-15,1,19,4,0,0,None,29.3,0.9,15000,10041
1,2025-04-15,1,20,4,0,0,None,30.1,0.0,15000,9520
1,2025-04-15,1,20,4,0,1,Minor,26.7,1.7,15000,13387
1,2025-04-15,1,21,4,0,0,None,30.9,1.8,15000,7160
1,2025-04-15,1,22,4,0,0,None,24.2,0.0,15000,4638
1,2025-04-15,1,22,4,0,1,Minor,29.2,0.0,15000,6493
1,2025-04-15,1,23,4,0,0,None,29.3,0.7,15000,2297
1,2025-04-16,2,0,4,0,0,None,23.5,0.0,15000,557
1,2025-04-16,2,1,4,0,0,None,30.3,0.8,15000,642
1,2025-04-16,2,1,4,0,1,Major,21.4,0.2,15000,1349
1,2025-04-16,2,2,4,0,0,None,19.1,0.1,15000,427
1,2025-04-16,2,3,4,0,0,None,20.0,1.6,15000,465
1,2025-04-16,2,4,4,0,0,None,24.2,2.1,15000,481
1,2025-04-16,2,4,4,0,0,None,26.9,0.0,15000,509
1,2025-04-16,2,5,4,0,0,None,16.2,0.0,15000,910
1,2025-04-16,2,6,4,0,0,None,24.9,0.0,15000,2148
1,2025-04-16,2,7,4,0,0,None,22.8,1.0,15000,3857
1,2025-04-16,2,7,4,0,0,None,28.5,0.6,15000,3669
1,2025-04-16,2,8,4,0,1,Minor,22.3,0.6,15000,7350
1,2025-04-16,2,9,4,0,0,None,27.8,0.0,15000,6445
1,2025-04-16,2,9,4,0,0,None,28.3,0.6,15000,6443
1,2025-04-16,2,10,4,0,0,None,30.5,2.3,15000,7198
1,2025-04-16,2,11,4,0,0,None,26.0,0.1,15000,6684
1,2025-04-16,2,12,4,0,1,Minor,35.0,1.4,15000,7655
1,2025-04-16,2,12,4,0,0,None,20.6,0.9,15000,5160
1,2025-04-16,2,13,4,0,0,None,26.1,0.0,15000,4351
1,2025-04-16,2,14,4,0,0,None,24.9,0.4,15000,3793
1,2025-04-16,2,15,4,0,1,Minor,27.2,0.0,15000,6421
1,2025-04-16,2,15,4,0,0,None,20.6,0.0,15000,4189
1,2025-04-16,2,16,4,0,0,None,15.7,2.5,15000,5950
1,2025-04-16,2,17,4,0,0,None,17.1,0.0,15000,7405
1,2025-04-16,2,17,4,0,0,None,30.2,0.1,15000,7218
1,2025-04-16,2,18,4,0,0,None,32.9,0.7,15000,9100
1,2025-04-16,2,19,4,0,0,None,35.2,2.3,15000,9833
1,2025-04-16,2,20,4,0,1,Minor,25.9,0.0,15000,13392
1,2025-04-16,2,20,4,0,0,None,23.8,0.0,15000,9193
1,2025-04-16,2,21,4,0,0,None,25.2,0.0,15000,7122
1,2025-04-16,2,22,4,0,0,None,30.8,0.0,15000,4820
1,2025-04-16,2,23,4,0,0,None,19.3,0.6,15000,2393
1,2025-04-16,2,23,4,0,0,None,28.7,2.8,15000,2543
1,2025-04-17,3,0,4,0,0,None,25.7,2.1,15000,792
1,2025-04-17,3,1,4,0,0,None,25.0,0.2,15000,754
1,2025-04-17,3,2,4,0,1,Minor,30.7,0.0,15000,665
1,2025-04-17,3,2,4,0,0,None,26.6,0.0,15000,441
1,2025-04-17,3,3,4,0,0,None,26.1,0.0,15000,683
1,2025-04-17,3,4,4,0,0,None,24.9,0.5,15000,585
1,2025-04-17,3,4,4,0,0,None,26.5,1.4,15000,1064
1,2025-04-17,3,5,4,0,0,None,25.3,0.1,15000,1060
1,2025-04-17,3,6,4,0,0,None,30.0,0.4,15000,2326
1,2025-04-17,3,7,4,0,0,None,27.4,1.5,15000,3476
1,2025-04-17,3,7,4,0,0,None,31.3,0.1,15000,3382
1,2025-04-17,3,8,4,0,0,None,15.1,1.1,15000,5155
1,2025-04-17,3,9,4,0,0,None,36.5,1.9,15000,6519
1,2025-04-17,3,10,4,0,0,None,25.1,0.0,15000,7269
1,2025-04-17,3,10,4,0,0,None,28.9,0.1,15000,7593
1,2025-04-17,3,11,4,0,0,None,32.7,0.5,15000,6448
1,2025-04-17,3,12,4,0,0,None,29.1,0.6,15000,5182
1,2025-04-17,3,12,4,0,0,None,27.1,1.1,15000,5176
1,2025-04-17,3,13,4,0,0,None,26.3,0.0,15000,4026
1,2025-04-17,3,14,4,0,0,None,24.6,0.1,15000,3777
1,2025-04-17,3,15,4,0,0,None,28.5,1.5,15000,4404
1,2025-04-17,3,15,4,0,0,None,26.9,1.0,15000,4491
1,2025-04-17,3,16,4,0,1,Minor,33.7,0.4,15000,8074
1,2025-04-17,3,17,4,0,0,None,22.7,2.1,15000,7552
1,2025-04-17,3,18,4,0,0,None,29.1,0.2,15000,9040
1,2025-04-17,3,18,4,0,0,None,16.2,1.6,15000,9258
1,2025-04-17,3,19,4,0,0,None,22.6,2.3,15000,9955
1,2025-04-17,3,20,4,0,1,Minor,25.2,0.8,15000,13653
1,2025-04-17,3,20,4,0,0,None,28.1,1.3,15000,9092
1,2025-04-17,3,21,4,0,0,None,38.5,1.3,15000,6420
1,2025-04-17,3,22,4,0,0,None,23.5,6.5,15000,4360
1,2025-04-17,3,23,4,0,0,None,26.7,0.0,15000,2465
1,2025-04-17,3,23,4,0,1,Minor,26.3,1.0,15000,3613
1,2025-04-18,4,0,4,0,1,Minor,26.5,0.6,15000,1127
1,2025-04-18,4,1,4,0,0,None,24.2,0.0,15000,462
1,2025-04-18,4,2,4,0,0,None,27.5,0.0,15000,365
1,2025-04-18,4,2,4,0,0,None,28.3,2.1,15000,714
1,2025-04-18,4,3,4,0,0,None,26.7,0.7,15000,525
1,2025-04-18,4,4,4,0,0,None,31.7,4.3,15000,568
1,2025-04-18,4,5,4,0,0,None,24.0,1.9,15000,774
1,2025-04-18,4,5,4,0,0,None,27.3,0.0,15000,1092
1,2025-04-18,4,6,4,0,0,None,25.3,1.5,15000,1834
1,2025-04-18,4,7,4,0,1,Minor,25.3,0.0,15000,5019
1,2025-04-18,4,7,4,0,0,None,20.6,0.0,15000,3419
1,2025-04-18,4,8,4,0,0,None,21.5,0.2,15000,5335
1,2025-04-18,4,9,4,0,0,None,32.0,0.2,15000,6512
1,2025-04-18,4,10,4,0,0,None,35.0,2.8,15000,7131
1,2025-04-18,4,10,4,0,0,None,15.0,0.8,15000,7039
1,2025-04-18,4,11,4,0,0,None,26.4,0.0,15000,6422
1,2025-04-18,4,12,4,0,0,None,26.9,0.0,15000,5296
1,2025-04-18,4,13,4,0,0,None,22.0,2.2,15000,4544
1,2025-04-18,4,13,4,0,0,None,36.9,0.0,15000,4613
1,2025-04-18,4,14,4,0,0,None,18.0,0.0,15000,3701
1,2025-04-18,4,15,4,0,0,None,28.0,0.7,15000,4149
1,2025-04-18,4,15,4,0,0,None,20.4,1.8,15000,4064
1,2025-04-18,4,16,4,0,0,None,26.8,0.9,15000,5646
1,2025-04-18,4,17,4,0,1,Minor,31.7,3.0,15000,10804
1,2025-04-18,4,18,4,0,0,None,29.9,0.3,15000,8800
1,2025-04-18,4,18,4,0,0,None,27.8,2.5,15000,9072
1,2025-04-18,4,19,4,0,0,None,23.5,1.0,15000,9922
1,2025-04-18,4,20,4,0,0,None,28.3,0.8,15000,9414
1,2025-04-18,4,21,4,0,0,None,36.1,0.0,15000,7258
1,2025-04-18,4,21,4,0,0,None,30.7,1.4,15000,7327
1,2025-04-18,4,22,4,0,0,None,32.0,0.1,15000,4498
1,2025-04-18,4,23,4,0,0,None,27.0,0.3,15000,2328
1,2025-04-19,5,0,4,1,0,None,22.5,1.1,15000,1087
1,2025-04-19,5,0,4,1,0,None,28.8,0.1,15000,1080
1,2025-04-19,5,1,4,1,0,None,23.9,3.1,15000,772
1,2025-04-19,5,2,4,1,0,None,25.3,0.0,15000,695
1,2025-04-19,5,2,4,1,0,None,31.9,0.6,15000,460
1,2025-04-19,5,3,4,1,1,Minor,26.6,1.2,15000,1061
1,2025-04-19,5,4,4,1,0,None,19.1,0.0,15000,1047
1,2025-04-19,5,5,4,1,0,None,16.7,0.9,15000,1333
1,2025-04-19,5,5,4,1,0,None,26.4,0.2,15000,1470
1,2025-04-19,5,6,4,1,1,Minor,24.6,1.5,15000,4390
1,2025-04-19,5,7,4,1,0,None,20.8,1.4,15000,4678
1,2025-04-19,5,8,4,1,0,None,35.8,0.1,15000,6795
1,2025-04-19,5,8,4,1,0,None,28.4,0.8,15000,6683
1,2025-04-19,5,9,4,1,0,None,24.6,0.5,15000,8220
1,2025-04-19,5,10,4,1,0,None,20.0,1.5,15000,9379
1,2025-04-19,5,10,4,1,0,None,20.4,0.8,15000,9189
1,2025-04-19,5,11,4,1,0,None,25.1,0.0,15000,8466
1,2025-04-19,5,12,4,1,0,None,29.6,1.8,15000,6563
1,2025-04-19,5,13,4,1,0,None,21.4,2.5,15000,5369
1,2025-04-19,5,13,4,1,0,None,22.2,0.8,15000,5826
1,2025-04-19,5,14,4,1,0,None,33.0,0.7,15000,4606
1,2025-04-19,5,15,4,1,0,None,25.1,0.2,15000,5450
1,2025-04-19,5,16,4,1,0,None,23.4,0.4,15000,7058
1,2025-04-19,5,16,4,1,0,None,22.4,0.7,15000,7313
1,2025-04-19,5,17,4,1,0,None,28.2,0.0,15000,9501
1,2025-04-19,5,18,4,1,0,None,33.6,2.8,15000,11780
1,2025-04-19,5,18,4,1,0,None,26.7,0.1,15000,11681
1,2025-04-19,5,19,4,1,0,None,31.5,1.2,15000,12950
1,2025-04-19,5,20,4,1,0,None,15.9,0.0,15000,11967
1,2025-04-19,5,21,4,1,0,None,27.1,4.5,15000,8214
1,2025-04-19,5,21,4,1,1,Minor,18.0,1.8,15000,13543
1,2025-04-19,5,22,4,1,0,None,30.2,0.2,15000,5938
1,2025-04-19,5,23,4,1,1,Major,35.0,0.0,15000,6194
1,2025-04-20,6,0,4,1,0,None,27.6,1.3,15000,911
1,2025-04-20,6,0,4,1,0,None,22.9,0.0,15000,995
1,2025-04-20,6,1,4,1,0,None,40.9,3.2,15000,363
1,2025-04-20,6,2,4,1,1,Minor,30.2,0.5,15000,1364
1,2025-04-20,6,3,4,1,0,None,21.1,0.0,15000,874
1,2025-04-20,6,3,4,1,0,None,31.7,0.0,15000,364
1,2025-04-20,6,4,4,1,0,None,15.0,4.0,15000,567
1,2025-04-20,6,5,4,1,1,Minor,27.5,1.5,15000,2331
1,2025-04-20,6,5,4,1,0,None,32.1,2.3,15000,1513
1,2025-04-20,6,6,4,1,0,None,26.9,2.4,15000,2559
1,2025-04-20,6,7,4,1,0,None,33.6,1.4,15000,4780
1,2025-04-20,6,8,4,1,0,None,29.1,0.7,15000,6640
1,2025-04-20,6,8,4,1,0,None,33.5,0.0,15000,6442
1,2025-04-20,6,9,4,1,0,None,27.9,1.0,15000,8648
1,2025-04-20,6,10,4,1,0,None,21.0,0.7,15000,9597
1,2025-04-20,6,11,4,1,0,None,31.4,0.0,15000,8559
1,2025-04-20,6,11,4,1,0,None,33.4,1.1,15000,8636
1,2025-04-20,6,12,4,1,0,None,19.3,0.0,15000,6374
1,2025-04-20,6,13,4,1,0,None,24.1,2.9,15000,5553
1,2025-04-20,6,13,4,1,0,None,32.6,0.0,15000,5451
1,2025-04-20,6,14,4,1,1,Major,22.9,0.9,15000,9874
1,2025-04-20,6,15,4,1,1,Minor,25.3,1.0,15000,8227
1,2025-04-20,6,16,4,1,0,None,26.8,0.0,15000,7030
1,2025-04-20,6,16,4,1,0,None,23.4,0.6,15000,6951
1,2025-04-20,6,17,4,1,0,None,32.8,0.0,15000,9390
1,2025-04-20,6,18,4,1,1,Minor,23.0,0.5,15000,15000
1,2025-04-20,6,19,4,1,0,None,17.1,0.9,15000,12594
1,2025-04-20,6,19,4,1,0,None,28.6,0.0,15000,12801
1,2025-04-20,6,20,4,1,1,Major,25.2,0.1,15000,15000
1,2025-04-20,6,21,4,1,1,Minor,17.5,0.0,15000,13221
1,2025-04-20,6,21,4,1,0,None,25.3,1.1,15000,9336
1,2025-04-20,6,22,4,1,0,None,19.5,0.2,15000,5940
1,2025-04-20,6,23,4,1,0,None,21.1,0.0,15000,3089
1,2025-04-21,0,0,4,0,0,None,37.2,0.4,15000,528
1,2025-04-21,0,0,4,0,0,None,21.3,2.7,15000,1303
1,2025-04-21,0,1,4,0,0,None,29.7,0.5,15000,682
1,2025-04-21,0,2,4,0,0,None,22.3,1.0,15000,863
1,2025-04-21,0,3,4,0,1,Minor,19.7,0.0,15000,911
1,2025-04-21,0,3,4,0,0,None,32.9,0.2,15000,758
1,2025-04-21,0,4,4,0,0,None,34.9,0.5,15000,645
1,2025-04-21,0,5,4,0,0,None,28.3,0.0,15000,1201
1,2025-04-21,0,6,4,0,0,None,21.7,3.6,15000,2134
1,2025-04-21,0,6,4,0,0,None,33.0,0.5,15000,1948
1,2025-04-21,0,7,4,0,0,None,30.9,0.5,15000,3749
1,2025-04-21,0,8,4,0,0,None,27.3,0.7,15000,5360
1,2025-04-21,0,8,4,0,0,None,21.8,0.0,15000,4984
1,2025-04-21,0,9,4,0,0,None,24.7,4.4,15000,5771
1,2025-04-21,0,10,4,0,0,None,36.6,0.5,15000,7208
1,2025-04-21,0,11,4,0,0,None,24.7,1.9,15000,6806
1,2025-04-21,0,11,4,0,0,None,20.3,1.6,15000,6328
1,2025-04-21,0,12,4,0,0,None,36.7,0.0,15000,5054
1,2025-04-21,0,13,4,0,0,None,34.3,1.4,15000,4536
1,2025-04-21,0,14,4,0,0,None,31.7,3.6,15000,4005
1,2025-04-21,0,14,4,0,0,None,37.8,7.5,15000,3140
1,2025-04-21,0,15,4,0,0,None,16.3,0.5,15000,4458
1,2025-04-21,0,16,4,0,0,None,27.5,0.1,15000,5494
1,2025-04-21,0,16,4,0,0,None,25.3,3.2,15000,5576
1,2025-04-21,0,17,4,0,0,None,25.4,2.4,15000,7630
1,2025-04-21,0,18,4,0,0,None,25.5,1.2,15000,9593
1,2025-04-21,0,19,4,0,0,None,23.5,0.7,15000,9919
1,2025-04-21,0,19,4,0,0,None,25.9,0.5,15000,9851
1,2025-04-21,0,20,4,0,0,None,25.9,1.7,15000,9190
1,2025-04-21,0,21,4,0,0,None,30.9,0.4,15000,7113
1,2025-04-21,0,22,4,0,0,None,22.3,0.1,15000,4633
1,2025-04-21,0,22,4,0,1,Major,26.7,3.0,15000,9351
1,2025-04-21,0,23,4,0,0,None,41.0,0.0,15000,2288
1,2025-04-22,1,0,4,0,0,None,20.8,0.0,15000,918
1,2025-04-22,1,0,4,0,0,None,28.4,0.1,15000,895
1,2025-04-22,1,1,4,0,0,None,30.2,0.3,15000,853
1,2025-04-22,1,2,4,0,0,None,26.3,0.2,15000,491
1,2025-04-22,1,3,4,0,0,None,23.4,2.2,15000,539
1,2025-04-22,1,3,4,0,0,None,23.0,0.6,15000,315
1,2025-04-22,1,4,4,0,0,None,36.1,0.1,15000,687
1,2025-04-22,1,5,4,0,0,None,29.5,0.9,15000,1094
1,2025-04-22,1,6,4,0,0,None,37.4,0.0,15000,1894
1,2025-04-22,1,6,4,0,0,None,34.9,0.0,15000,2291
1,2025-04-22,1,7,4,0,0,None,27.4,0.4,15000,3660
1,2025-04-22,1,8,4,0,0,None,26.6,2.6,15000,4828
1,2025-04-22,1,9,4,0,0,None,26.3,0.0,15000,6547
1,2025-04-22,1,9,4,0,0,None,17.7,0.2,15000,6394
1,2025-04-22,1,10,4,0,0,None,30.9,1.6,15000,7358
1,2025-04-22,1,11,4,0,1,Major,39.3,0.0,15000,11802
1,2025-04-22,1,11,4,0,0,None,31.8,2.6,15000,6666
1,2025-04-22,1,12,4,0,0,None,33.2,0.5,15000,5230
1,2025-04-22,1,13,4,0,0,None,27.4,2.5,15000,4317
1,2025-04-22,1,14,4,0,0,None,33.1,0.0,15000,3815
1,2025-04-22,1,14,4,0,0,None,29.4,0.7,15000,3709
1,2025-04-22,1,15,4,0,0,None,36.9,0.8,15000,4347
1,2025-04-22,1,16,4,0,0,None,27.2,0.4,15000,5770
1,2025-04-22,1,17,4,0,1,Minor,34.0,0.0,15000,10753
1,2025-04-22,1,17,4,0,0,None,30.9,0.6,15000,7258
1,2025-04-22,1,18,4,0,0,None,28.5,1.2,15000,9239
1,2025-04-22,1,19,4,0,0,None,34.8,2.5,15000,9780
1,2025-04-22,1,19,4,0,0,None,22.3,0.3,15000,9717
1,2025-04-22,1,20,4,0,1,Minor,15.0,0.7,15000,13284
1,2025-04-22,1,21,4,0,0,None,31.7,3.3,15000,7250
1,2025-04-22,1,22,4,0,0,None,22.0,0.0,15000,4925
1,2025-04-22,1,22,4,0,0,None,27.5,1.0,15000,4865
1,2025-04-22,1,23,4,0,0,None,28.6,3.7,15000,2542
1,2025-04-23,2,0,4,0,0,None,28.0,1.0,15000,712
1,2025-04-23,2,1,4,0,0,None,33.0,0.0,15000,274
1,2025-04-23,2,1,4,0,0,None,27.2,1.6,15000,469
1,2025-04-23,2,2,4,0,0,None,19.8,0.0,15000,523
1,2025-04-23,2,3,4,0,0,None,27.8,0.0,15000,362
1,2025-04-23,2,4,4,0,1,Minor,38.0,0.0,15000,1109
1,2025-04-23,2,4,4,0,0,None,29.5,0.0,15000,838
1,2025-04-23,2,5,4,0,0,None,26.0,1.9,15000,1214
1,2025-04-23,2,6,4,0,0,None,28.5,1.2,15000,2256
1,2025-04-23,2,6,4,0,0,None,32.1,0.9,15000,2306
1,2025-04-23,2,7,4,0,0,None,31.1,0.0,15000,3553
1,2025-04-23,2,8,4,0,0,None,27.1,5.7,15000,4587
1,2025-04-23,2,9,4,0,0,None,24.8,0.0,15000,6185
1,2025-04-23,2,9,4,0,0,None,17.2,0.8,15000,6299
1,2025-04-23,2,10,4,0,0,None,22.1,0.9,15000,7076
1,2025-04-23,2,11,4,0,0,None,27.3,0.8,15000,6811
1,2025-04-23,2,12,4,0,1,Minor,19.6,0.0,15000,7474
1,2025-04-23,2,12,4,0,0,None,30.0,0.7,15000,5336
1,2025-04-23,2,13,4,0,0,None,29.1,0.6,15000,4288
1,2025-04-23,2,14,4,0,0,None,29.8,0.5,15000,3555
1,2025-04-23,2,14,4,0,1,Major,29.6,0.9,15000,7754
1,2025-04-23,2,15,4,0,1,Minor,29.9,2.0,15000,6347
1,2025-04-23,2,16,4,0,0,None,26.1,0.1,15000,5384
1,2025-04-23,2,17,4,0,0,None,26.5,0.0,15000,7457
1,2025-04-23,2,17,4,0,0,None,29.3,0.0,15000,7430
1,2025-04-23,2,18,4,0,1,Minor,15.0,0.1,15000,13068
1,2025-04-23,2,19,4,0,0,None,29.6,0.0,15000,10183
1,2025-04-23,2,20,4,0,0,None,24.3,2.7,15000,9593
1,2025-04-23,2,20,4,0,0,None,26.1,1.5,15000,9282
1,2025-04-23,2,21,4,0,0,None,22.5,0.0,15000,7110
1,2025-04-23,2,22,4,0,0,None,19.0,0.0,15000,4646
1,2025-04-23,2,22,4,0,0,None,35.8,0.0,15000,4720
1,2025-04-23,2,23,4,0,0,None,20.2,0.0,15000,2483
1,2025-04-24,3,0,4,0,0,None,28.8,0.0,15000,778
1,2025-04-24,3,1,4,0,0,None,20.8,0.0,15000,580
1,2025-04-24,3,1,4,0,0,None,28.0,1.3,15000,739
1,2025-04-24,3,2,4,0,0,None,32.0,1.0,15000,589
1,2025-04-24,3,3,4,0,0,None,30.9,0.4,15000,347
1,2025-04-24,3,4,4,0,0,None,30.1,2.9,15000,872
1,2025-04-24,3,4,4,0,0,None,20.7,2.4,15000,831
1,2025-04-24,3,5,4,0,1,Minor,32.7,0.1,15000,1849
1,2025-04-24,3,6,4,0,0,None,24.7,0.0,15000,2341
1,2025-04-24,3,7,4,0,0,None,29.9,3.7,15000,3541
1,2025-04-24,3,7,4,0,1,Minor,39.7,0.0,15000,4321
1,2025-04-24,3,8,4,0,0,None,28.9,0.9,15000,4849
1,2025-04-24,3,9,4,0,0,None,28.3,1.0,15000,6444
1,2025-04-24,3,9,4,0,0,None,31.8,2.0,15000,6477
1,2025-04-24,3,10,4,0,0,None,30.2,1.1,15000,7168
1,2025-04-24,3,11,4,0,0,None,29.3,0.0,15000,6828
1,2025-04-24,3,12,4,0,0,None,28.4,1.2,15000,5103
1,2025-04-24,3,12,4,0,0,None,25.6,0.0,15000,4863
1,2025-04-24,3,13,4,0,0,None,31.2,1.5,15000,4221
1,2025-04-24,3,14,4,0,0,None,27.9,0.3,15000,3433
1,2025-04-24,3,15,4,0,0,None,26.7,1.7,15000,4616
1,2025-04-24,3,15,4,0,1,Minor,28.5,0.5,15000,6851
1,2025-04-24,3,16,4,0,0,None,24.8,0.6,15000,5642
1,2025-04-24,3,17,4,0,0,None,27.3,0.0,15000,7555
1,2025-04-24,3,17,4,0,0,None,27.1,0.0,15000,7309
1,2025-04-24,3,18,4,0,0,None,27.8,0.0,15000,9155
1,2025-04-24,3,19,4,0,0,None,30.5,0.0,15000,10055
1,2025-04-24,3,20,4,0,0,None,35.2,3.4,15000,9694
1,2025-04-24,3,20,4,0,0,None,25.0,0.6,15000,9474
1,2025-04-24,3,21,4,0,0,None,30.6,0.0,15000,6872
1,2025-04-24,3,22,4,0,0,None,33.9,2.6,15000,4568
1,2025-04-24,3,23,4,0,0,None,23.1,2.4,15000,2550
1,2025-04-24,3,23,4,0,0,None,30.3,0.0,15000,2612
1,2025-04-25,4,0,4,0,0,None,27.7,0.0,15000,809
1,2025-04-25,4,1,4,0,0,None,27.2,0.0,15000,613
1,2025-04-25,4,2,4,0,0,None,28.9,0.1,15000,681
1,2025-04-25,4,2,4,0,1,Minor,31.1,2.5,15000,891
1,2025-04-25,4,3,4,0,0,None,29.7,0.8,15000,627
1,2025-04-25,4,4,4,0,0,None,28.4,0.2,15000,831
1,2025-04-25,4,4,4,0,1,Minor,28.9,0.0,15000,690
1,2025-04-25,4,5,4,0,0,None,20.6,1.5,15000,1219
1,2025-04-25,4,6,4,0,0,None,21.4,0.1,15000,2242
1,2025-04-25,4,7,4,0,0,None,29.9,0.0,15000,3720
1,2025-04-25,4,7,4,0,0,None,27.4,1.0,15000,3707
1,2025-04-25,4,8,4,0,0,None,31.8,3.4,15000,5392
1,2025-04-25,4,9,4,0,0,None,32.0,0.9,15000,6570
1,2025-04-25,4,10,4,0,0,None,23.8,0.0,15000,6964
1,2025-04-25,4,10,4,0,0,None,27.4,0.7,15000,7198
1,2025-04-25,4,11,4,0,0,None,31.9,0.7,15000,6511
1,2025-04-25,4,12,4,0,0,None,29.1,0.8,15000,4874
1,2025-04-25,4,12,4,0,0,None,27.1,3.9,15000,5205
1,2025-04-25,4,13,4,0,0,None,24.4,0.0,15000,4006
1,2025-04-25,4,14,4,0,1,Major,24.2,0.0,15000,7898
1,2025-04-25,4,15,4,0,0,None,24.1,0.0,15000,4784
1,2025-04-25,4,15,4,0,0,None,24.9,5.4,15000,3627
1,2025-04-25,4,16,4,0,1,Major,24.3,1.1,15000,11105
1,2025-04-25,4,17,4,0,0,None,21.2,0.2,15000,7374
1,2025-04-25,4,18,4,0,1,Minor,22.4,1.5,15000,13208
1,2025-04-25,4,18,4,0,0,None,24.1,0.2,15000,9391
1,2025-04-25,4,19,4,0,1,Minor,35.8,0.4,15000,15000
1,2025-04-25,4,20,4,0,0,None,29.6,0.0,15000,9422
1,2025-04-25,4,20,4,0,0,None,28.2,0.2,15000,9208
1,2025-04-25,4,21,4,0,0,None,28.6,0.1,15000,7380
1,2025-04-25,4,22,4,0,1,Major,31.0,0.7,15000,9412
1,2025-04-25,4,23,4,0,0,None,28.0,1.5,15000,2305
1,2025-04-25,4,23,4,0,0,None,27.8,0.7,15000,2349
1,2025-04-26,5,0,4,1,0,None,30.8,0.9,15000,1157
1,2025-04-26,5,1,4,1,0,None,33.9,3.3,15000,681
1,2025-04-26,5,2,4,1,1,Minor,17.4,0.0,15000,993
1,2025-04-26,5,2,4,1,0,None,30.0,3.6,15000,735
1,2025-04-26,5,3,4,1,0,None,19.7,0.1,15000,980
1,2025-04-26,5,4,4,1,0,None,31.1,0.2,15000,1038
1,2025-04-26,5,5,4,1,0,None,31.2,0.0,15000,1493
1,2025-04-26,5,5,4,1,0,None,17.5,0.3,15000,1633
1,2025-04-26,5,6,4,1,0,None,27.4,0.1,15000,3024
1,2025-04-26,5,7,4,1,0,None,29.2,1.2,15000,4147
1,2025-04-26,5,7,4,1,1,Minor,24.2,0.1,15000,6447
1,2025-04-26,5,8,4,1,0,None,23.8,0.4,15000,6846
1,2025-04-26,5,9,4,1,0,None,30.8,0.6,15000,8150
1,2025-04-26,5,10,4,1,0,None,24.0,2.2,15000,9345
1,2025-04-26,5,10,4,1,0,None,31.8,1.6,15000,9265
1,2025-04-26,5,11,4,1,0,None,25.0,0.6,15000,8728
1,2025-04-26,5,12,4,1,1,Minor,30.1,0.7,15000,9357
1,2025-04-26,5,13,4,1,0,None,42.0,1.2,15000,5218
1,2025-04-26,5,13,4,1,0,None,31.2,0.2,15000,5545
1,2025-04-26,5,14,4,1,0,None,27.0,1.6,15000,4774
1,2025-04-26,5,15,4,1,0,None,31.3,0.0,15000,5506
1,2025-04-26,5,15,4,1,0,None,21.3,2.4,15000,5700
1,2025-04-26,5,16,4,1,0,None,22.9,0.0,15000,7052
1,2025-04-26,5,17,4,1,0,None,32.0,0.0,15000,9590
1,2025-04-26,5,18,4,1,0,None,23.3,1.0,15000,11997
1,2025-04-26,5,18,4,1,0,None,28.3,1.1,15000,11584
1,2025-04-26,5,19,4,1,0,None,24.6,0.2,15000,12671
1,2025-04-26,5,20,4,1,0,None,30.3,0.8,15000,11796
1,2025-04-26,5,21,4,1,0,None,27.1,0.0,15000,9213
1,2025-04-26,5,21,4,1,0,None,23.8,0.1,15000,9104
1,2025-04-26,5,22,4,1,1,Major,21.3,1.6,15000,12193
1,2025-04-26,5,23,4,1,0,None,29.6,0.0,15000,3195
1,2025-04-26,5,23,4,1,0,None,23.1,0.4,15000,3328
1,2025-04-27,6,0,4,1,0,None,30.0,0.4,15000,1259
1,2025-04-27,6,1,4,1,0,None,30.9,2.0,15000,623
1,2025-04-27,6,2,4,1,0,None,24.8,4.4,15000,809
1,2025-04-27,6,2,4,1,0,None,21.8,4.3,15000,639
1,2025-04-27,6,3,4,1,0,None,30.8,0.9,15000,770
1,2025-04-27,6,4,4,1,0,None,22.0,0.4,15000,891
1,2025-04-27,6,5,4,1,0,None,22.0,0.0,15000,1455
1,2025-04-27,6,5,4,1,1,Minor,27.3,0.2,15000,2376
1,2025-04-27,6,6,4,1,0,None,30.4,0.0,15000,2853
1,2025-04-27,6,7,4,1,0,None,26.7,0.0,15000,4649
1,2025-04-27,6,8,4,1,0,None,28.9,6.2,15000,5821
1,2025-04-27,6,8,4,1,0,None,15.0,0.7,15000,6566
1,2025-04-27,6,9,4,1,0,None,27.3,1.0,15000,8453
1,2025-04-27,6,10,4,1,0,None,24.9,0.0,15000,9118
1,2025-04-27,6,10,4,1,0,None,16.9,0.3,15000,9241
1,2025-04-27,6,11,4,1,0,None,27.7,0.0,15000,8230
1,2025-04-27,6,12,4,1,0,None,30.3,0.2,15000,6663
1,2025-04-27,6,13,4,1,1,Minor,21.8,0.0,15000,7921
1,2025-04-27,6,13,4,1,0,None,26.7,0.7,15000,5369
1,2025-04-27,6,14,4,1,0,None,33.3,0.1,15000,4756
1,2025-04-27,6,15,4,1,0,None,19.0,0.0,15000,5428
1,2025-04-27,6,16,4,1,0,None,28.7,0.0,15000,7290
1,2025-04-27,6,16,4,1,0,None,28.6,0.0,15000,7282
1,2025-04-27,6,17,4,1,0,None,24.9,0.5,15000,9139
1,2025-04-27,6,18,4,1,0,None,15.0,0.7,15000,12020
1,2025-04-27,6,18,4,1,0,None,28.9,0.0,15000,11611
1,2025-04-27,6,19,4,1,0,None,27.3,1.0,15000,13161
1,2025-04-27,6,20,4,1,0,None,23.4,0.5,15000,11873
1,2025-04-27,6,21,4,1,0,None,30.7,0.4,15000,9228
1,2025-04-27,6,21,4,1,0,None,19.1,1.8,15000,9519
1,2025-04-27,6,22,4,1,0,None,35.6,2.4,15000,6092
1,2025-04-27,6,23,4,1,0,None,38.2,0.2,15000,2840
1,2025-04-28,0,0,4,0,0,None,28.5,1.4,15000,397
1,2025-04-28,0,0,4,0,0,None,26.9,1.1,15000,834
1,2025-04-28,0,1,4,0,0,None,32.8,0.5,15000,596
1,2025-04-28,0,2,4,0,0,None,25.8,1.2,15000,341
1,2025-04-28,0,2,4,0,0,None,23.3,0.0,15000,268
1,2025-04-28,0,3,4,0,0,None,27.6,0.8,15000,567
1,2025-04-28,0,4,4,0,0,None,28.2,0.7,15000,623
1,2025-04-28,0,5,4,0,0,None,27.8,1.4,15000,1242
1,2025-04-28,0,5,4,0,0,None,27.1,0.0,15000,1229
1,2025-04-28,0,6,4,0,0,None,27.0,0.2,15000,2516
1,2025-04-28,0,7,4,0,1,Minor,22.5,0.0,15000,5428
1,2025-04-28,0,8,4,0,0,None,16.9,0.8,15000,5355
1,2025-04-28,0,8,4,0,0,None,23.8,0.0,15000,5325
1,2025-04-28,0,9,4,0,0,None,22.6,0.0,15000,6603
1,2025-04-28,0,10,4,0,0,None,23.5,0.9,15000,7399
1,2025-04-28,0,11,4,0,1,Minor,25.0,0.2,15000,9571
1,2025-04-28,0,11,4,0,1,Minor,15.0,0.3,15000,9423
1,2025-04-28,0,12,4,0,1,Minor,33.5,0.2,15000,7414
1,2025-04-28,0,13,4,0,0,None,21.5,0.6,15000,3960
1,2025-04-28,0,13,4,0,0,None,29.7,5.1,15000,3807
1,2025-04-28,0,14,4,0,0,None,37.8,0.6,15000,3258
1,2025-04-28,0,15,4,0,0,None,28.8,0.4,15000,4499
1,2025-04-28,0,16,4,0,0,None,23.6,0.3,15000,5980
1,2025-04-28,0,16,4,0,1,Major,26.8,1.7,15000,10964
1,2025-04-28,0,17,4,0,0,None,16.3,0.0,15000,7456
1,2025-04-28,0,18,4,0,0,None,22.5,5.9,15000,8241
1,2025-04-28,0,19,4,0,0,None,29.0,1.8,15000,9726
1,2025-04-28,0,19,4,0,0,None,25.5,2.6,15000,10026
1,2025-04-28,0,20,4,0,1,Minor,26.9,0.3,15000,13641
1,2025-04-28,0,21,4,0,0,None,27.1,0.5,15000,7005
1,2025-04-28,0,21,4,0,0,None,25.3,1.1,15000,7208
1,2025-04-28,0,22,4,0,0,None,27.9,0.6,15000,4524
1,2025-04-28,0,23,4,0,0,None,28.1,0.0,15000,2369
1,2025-04-29,1,0,4,0,0,None,30.7,0.0,15000,977
1,2025-04-29,1,0,4,0,0,None,29.3,1.4,15000,941
1,2025-04-29,1,1,4,0,0,None,29.6,0.1,15000,550
1,2025-04-29,1,2,4,0,1,Minor,22.1,1.5,15000,771
1,2025-04-29,1,3,4,0,0,None,28.5,0.0,15000,570
1,2025-04-29,1,3,4,0,0,None,24.9,3.9,15000,757
1,2025-04-29,1,4,4,0,0,None,30.2,0.5,15000,773
1,2025-04-29,1,5,4,0,0,None,20.4,0.1,15000,973
1,2025-04-29,1,6,4,0,0,None,31.2,0.0,15000,2240
1,2025-04-29,1,6,4,0,0,None,29.5,2.8,15000,2325
1,2025-04-29,1,7,4,0,0,None,27.7,0.7,15000,3393
1,2025-04-29,1,8,4,0,0,None,20.9,0.4,15000,5267
1,2025-04-29,1,8,4,0,0,None,36.2,0.3,15000,5076
1,2025-04-29,1,9,4,0,0,None,23.2,0.0,15000,6199
1,2025-04-29,1,10,4,0,0,None,24.9,0.0,15000,7378
1,2025-04-29,1,11,4,0,0,None,24.0,0.2,15000,6532
1,2025-04-29,1,11,4,0,0,None,30.1,0.2,15000,6292
1,2025-04-29,1,12,4,0,1,Minor,33.0,0.7,15000,7375
1,2025-04-29,1,13,4,0,1,Minor,29.2,1.6,15000,6048
1,2025-04-29,1,14,4,0,0,None,21.1,0.0,15000,3861
1,2025-04-29,1,14,4,0,1,Major,24.4,1.6,15000,7852
1,2025-04-29,1,15,4,0,0,None,24.3,0.0,15000,4548
1,2025-04-29,1,16,4,0,0,None,31.0,0.0,15000,5693
1,2025-04-29,1,16,4,0,0,None,25.6,0.6,15000,5629
1,2025-04-29,1,17,4,0,0,None,24.0,0.8,15000,7339
1,2025-04-29,1,18,4,0,0,None,29.6,0.4,15000,9046
1,2025-04-29,1,19,4,0,0,None,29.3,0.0,15000,10045
1,2025-04-29,1,19,4,0,0,None,19.1,1.4,15000,10173
1,2025-04-29,1,20,4,0,0,None,19.8,1.1,15000,9263
1,2025-04-29,1,21,4,0,0,None,29.9,0.0,15000,7135
1,2025-04-29,1,22,4,0,1,Minor,30.5,0.0,15000,6546
1,2025-04-29,1,22,4,0,0,None,32.1,0.0,15000,4767
1,2025-04-29,1,23,4,0,0,None,30.7,0.3,15000,2298
1,2025-04-30,2,0,4,0,1,Minor,22.3,0.0,15000,1287
1,2025-04-30,2,0,4,0,0,None,20.9,0.0,15000,925
1,2025-04-30,2,1,4,0,1,Major,15.0,0.0,15000,1018
1,2025-04-30,2,2,4,0,1,Minor,34.0,1.1,15000,663
1,2025-04-30,2,3,4,0,0,None,26.0,0.1,15000,201
1,2025-04-30,2,3,4,0,0,None,29.4,5.4,15000,560
1,2025-04-30,2,4,4,0,0,None,22.6,6.4,15000,601
1,2025-04-30,2,5,4,0,0,None,23.2,0.6,15000,1494
1,2025-04-30,2,6,4,0,0,None,24.4,0.0,15000,2049
1,2025-04-30,2,6,4,0,0,None,27.7,0.2,15000,1858
1,2025-04-30,2,7,4,0,1,Minor,31.8,0.6,15000,5053
1,2025-04-30,2,8,4,0,0,None,26.7,0.3,15000,4890
1,2025-04-30,2,9,4,0,0,None,26.6,0.9,15000,6750
1,2025-04-30,2,9,4,0,0,None,17.2,0.5,15000,6564
1,2025-04-30,2,10,4,0,0,None,23.7,1.0,15000,7421
1,2025-04-30,2,11,4,0,0,None,21.9,1.0,15000,6665
1,2025-04-30,2,11,4,0,1,Minor,27.2,0.2,15000,9765
1,2025-04-30,2,12,4,0,1,Minor,31.0,0.0,15000,7497
1,2025-04-30,2,13,4,0,0,None,26.2,0.3,15000,4420
1,2025-04-30,2,14,4,0,0,None,20.7,0.0,15000,3774
1,2025-04-30,2,14,4,0,0,None,24.2,1.6,15000,3578
1,2025-04-30,2,15,4,0,0,None,27.5,0.9,15000,4521
1,2025-04-30,2,16,4,0,0,None,24.2,0.0,15000,5685
1,2025-04-30,2,17,4,0,0,None,29.2,0.5,15000,7508
1,2025-04-30,2,17,4,0,0,None,30.1,0.4,15000,7606
1,2025-04-30,2,18,4,0,0,None,28.6,0.2,15000,9253
1,2025-04-30,2,19,4,0,0,None,17.5,0.0,15000,10242
1,2025-04-30,2,19,4,0,0,None,18.2,0.0,15000,10324
1,2025-04-30,2,20,4,0,0,None,23.2,0.2,15000,9309
1,2025-04-30,2,21,4,0,0,None,23.1,2.9,15000,7404
1,2025-04-30,2,22,4,0,1,Minor,26.9,0.1,15000,6780
1,2025-04-30,2,22,4,0,0,None,29.4,0.2,15000,4773
1,2025-04-30,2,23,4,0,0,None,24.2,1.2,15000,2532
1,2025-05-01,3,0,5,0,0,None,27.9,0.0,15000,548
1,2025-05-01,3,1,5,0,0,None,26.1,0.0,15000,853
1,2025-05-01,3,1,5,0,0,None,30.0,0.4,15000,459
1,2025-05-01,3,2,5,0,0,None,29.3,0.0,15000,639
1,2025-05-01,3,3,5,0,0,None,35.6,0.8,15000,561
1,2025-05-01,3,4,5,0,0,None,31.7,1.7,15000,898
1,2025-05-01,3,4,5,0,0,None,23.5,1.1,15000,263
1,2025-05-01,3,5,5,0,0,None,22.6,2.8,15000,972
1,2025-05-01,3,6,5,0,0,None,29.6,5.2,15000,1752
1,2025-05-01,3,6,5,0,0,None,23.0,2.1,15000,2320
1,2025-05-01,3,7,5,0,0,None,25.4,0.0,15000,3733
1,2025-05-01,3,8,5,0,0,None,31.6,3.4,15000,5021
1,2025-05-01,3,9,5,0,0,None,26.4,1.4,15000,6678
1,2025-05-01,3,9,5,0,0,None,27.3,0.8,15000,6834
1,2025-05-01,3,10,5,0,0,None,30.8,3.2,15000,7091
1,2025-05-01,3,11,5,0,0,None,32.3,0.9,15000,6760
1,2025-05-01,3,12,5,0,0,None,26.3,0.0,15000,5382
1,2025-05-01,3,12,5,0,0,None,31.5,0.0,15000,5279
1,2025-05-01,3,13,5,0,1,Major,29.4,1.1,15000,8682
1,2025-05-01,3,14,5,0,0,None,30.7,0.3,15000,3857
1,2025-05-01,3,14,5,0,0,None,22.9,2.3,15000,3779
1,2025-05-01,3,15,5,0,0,None,23.2,0.9,15000,4516
1,2025-05-01,3,16,5,0,0,None,28.7,0.2,15000,5795
1,2025-05-01,3,17,5,0,1,Minor,21.2,0.4,15000,10947
1,2025-05-01,3,17,5,0,0,None,16.1,0.0,15000,7228
1,2025-05-01,3,18,5,0,0,None,21.8,0.1,15000,9136
1,2025-05-01,3,19,5,0,0,None,24.3,3.2,15000,10006
1,2025-05-01,3,20,5,0,0,None,21.7,0.0,15000,9342
1,2025-05-01,3,20,5,0,0,None,22.7,0.1,15000,9349
1,2025-05-01,3,21,5,0,0,None,27.1,0.0,15000,6976
1,2025-05-01,3,22,5,0,1,Minor,18.8,0.0,15000,6838
1,2025-05-01,3,22,5,0,0,None,28.1,1.6,15000,4776
1,2025-05-01,3,23,5,0,0,None,19.0,0.0,15000,2732
1,2025-05-02,4,0,5,0,0,None,26.9,1.1,15000,832
1,2025-05-02,4,1,5,0,0,None,17.3,0.4,15000,334
1,2025-05-02,4,1,5,0,0,None,29.7,2.2,15000,665
1,2025-05-02,4,2,5,0,0,None,25.5,0.0,15000,633
1,2025-05-02,4,3,5,0,0,None,25.6,0.2,15000,477
1,2025-05-02,4,4,5,0,0,None,32.5,0.9,15000,436
1,2025-05-02,4,4,5,0,0,None,26.2,0.0,15000,865
1,2025-05-02,4,5,5,0,0,None,35.5,0.0,15000,1102
1,2025-05-02,4,6,5,0,0,None,30.4,1.2,15000,2399
1,2025-05-02,4,7,5,0,0,None,30.4,0.3,15000,3790
1,2025-05-02,4,7,5,0,0,None,20.2,0.0,15000,3657
1,2025-05-02,4,8,5,0,0,None,25.9,0.2,15000,5276
1,2025-05-02,4,9,5,0,0,None,31.0,0.0,15000,6435
1,2025-05-02,4,9,5,0,1,Minor,23.6,0.0,15000,9259
1,2025-05-02,4,10,5,0,1,Minor,23.7,2.5,15000,10529
1,2025-05-02,4,11,5,0,0,None,21.4,0.0,15000,6725
1,2025-05-02,4,12,5,0,0,None,34.5,1.3,15000,5261
1,2025-05-02,4,12,5,0,0,None,31.8,0.8,15000,5177
1,2025-05-02,4,13,5,0,0,None,30.6,1.1,15000,3974
1,2025-05-02,4,14,5,0,0,None,23.5,0.0,15000,3964
1,2025-05-02,4,15,5,0,1,Minor,35.9,0.1,15000,6504
1,2025-05-02,4,15,5,0,0,None,22.3,0.9,15000,4657
1,2025-05-02,4,16,5,0,0,None,25.7,0.4,15000,5651
1,2025-05-02,4,17,5,0,0,None,30.5,0.0,15000,7521
1,2025-05-02,4,17,5,0,0,None,34.6,0.1,15000,7502
1,2025-05-02,4,18,5,0,1,Minor,22.1,0.0,15000,13386
1,2025-05-02,4,19,5,0,0,None,31.2,0.1,15000,9697
1,2025-05-02,4,20,5,0,1,Major,25.6,0.9,15000,15000
1,2025-05-02,4,20,5,0,1,Minor,21.9,0.0,15000,13514
1,2025-05-02,4,21,5,0,0,None,28.0,0.3,15000,7110
1,2025-05-02,4,22,5,0,0,None,32.2,0.0,15000,4562
1,2025-05-02,4,23,5,0,0,None,24.5,3.0,15000,2458
1,2025-05-02,4,23,5,0,0,None,30.1,0.5,15000,2704
1,2025-05-03,5,0,5,1,1,Minor,22.0,0.2,15000,1559
1,2025-05-03,5,1,5,1,0,None,30.4,0.9,15000,956
1,2025-05-03,5,1,5,1,0,None,25.2,1.1,15000,746
1,2025-05-03,5,2,5,1,0,None,25.0,0.4,15000,599
1,2025-05-03,5,3,5,1,0,None,24.0,4.0,15000,575
1,2025-05-03,5,4,5,1,0,None,16.4,0.3,15000,748
1,2025-05-03,5,4,5,1,0,None,24.6,3.4,15000,927
1,2025-05-03,5,5,5,1,0,None,30.7,0.0,15000,1775
1,2025-05-03,5,6,5,1,0,None,25.9,0.9,15000,3001
1,2025-05-03,5,7,5,1,0,None,26.2,0.0,15000,4925
1,2025-05-03,5,7,5,1,0,None,26.5,0.0,15000,4813
1,2025-05-03,5,8,5,1,0,None,24.6,1.0,15000,6545
1,2025-05-03,5,9,5,1,0,None,23.0,0.0,15000,8166
1,2025-05-03,5,10,5,1,0,None,32.4,0.4,15000,9340
1,2025-05-03,5,10,5,1,0,None,17.1,3.5,15000,8999
1,2025-05-03,5,11,5,1,0,None,24.5,0.5,15000,8219
1,2025-05-03,5,12,5,1,0,None,33.8,1.4,15000,6630
1,2025-05-03,5,12,5,1,0,None,29.2,1.4,15000,6766
1,2025-05-03,5,13,5,1,0,None,22.4,2.2,15000,5339
1,2025-05-03,5,14,5,1,0,None,22.0,0.4,15000,4928
1,2025-05-03,5,15,5,1,0,None,19.8,0.0,15000,5871
1,2025-05-03,5,15,5,1,0,None,21.3,1.8,15000,5408
1,2025-05-03,5,16,5,1,0,None,31.5,3.1,15000,7419
1,2025-05-03,5,17,5,1,0,None,35.7,0.9,15000,9644
1,2025-05-03,5,18,5,1,1,Minor,15.7,1.3,15000,15000
1,2025-05-03,5,18,5,1,0,None,23.3,3.4,15000,11740
1,2025-05-03,5,19,5,1,0,None,22.0,0.7,15000,12780
1,2025-05-03,5,20,5,1,0,None,32.3,0.0,15000,11818
1,2025-05-03,5,20,5,1,0,None,28.3,0.7,15000,11910
1,2025-05-03,5,21,5,1,1,Minor,24.8,0.8,15000,13539
1,2025-05-03,5,22,5,1,0,None,26.6,1.7,15000,6036
1,2025-05-03,5,23,5,1,0,None,27.4,0.0,15000,3291
1,2025-05-03,5,23,5,1,0,None,21.8,0.2,15000,3325
1,2025-05-04,6,0,5,1,0,None,19.8,0.0,15000,764
1,2025-05-04,6,1,5,1,0,None,30.9,0.0,15000,922
1,2025-05-04,6,2,5,1,0,None,22.1,1.4,15000,1037
1,2025-05-04,6,2,5,1,0,None,31.0,0.0,15000,467
1,2025-05-04,6,3,5,1,0,None,20.3,0.3,15000,594
1,2025-05-04,6,4,5,1,0,None,36.7,0.0,15000,1021
1,2025-05-04,6,4,5,1,0,None,24.2,0.9,15000,781
1,2025-05-04,6,5,5,1,0,None,21.6,1.6,15000,1535
1,2025-05-04,6,6,5,1,0,None,25.3,1.6,15000,2642
1,2025-05-04,6,7,5,1,0,None,25.6,0.0,15000,4456
1,2025-05-04,6,7,5,1,0,None,25.9,0.3,15000,4820
1,2025-05-04,6,8,5,1,0,None,35.3,0.0,15000,6999
1,2025-05-04,6,9,5,1,0,None,17.6,5.2,15000,7570
1,2025-05-04,6,10,5,1,0,None,28.2,0.3,15000,9510
1,2025-05-04,6,10,5,1,0,None,32.1,0.3,15000,9084
1,2025-05-04,6,11,5,1,0,None,27.1,0.8,15000,8234
1,2025-05-04,6,12,5,1,0,None,28.9,0.2,15000,6513
1,2025-05-04,6,13,5,1,0,None,35.6,1.4,15000,5274
1,2025-05-04,6,13,5,1,0,None,22.7,0.2,15000,5518
1,2025-05-04,6,14,5,1,0,None,31.6,2.4,15000,4848
1,2025-05-04,6,15,5,1,0,None,34.2,0.2,15000,5483
1,2025-05-04,6,15,5,1,0,None,24.2,0.1,15000,5594
1,2025-05-04,6,16,5,1,0,None,26.5,2.4,15000,7209
1,2025-05-04,6,17,5,1,0,None,27.4,0.9,15000,9223
1,2025-05-04,6,18,5,1,1,Minor,25.8,0.1,15000,15000
1,2025-05-04,6,18,5,1,0,None,20.8,2.3,15000,11655
1,2025-05-04,6,19,5,1,0,None,31.4,3.6,15000,12929
1,2025-05-04,6,20,5,1,0,None,19.2,1.0,15000,12100
1,2025-05-04,6,21,5,1,0,None,32.6,0.0,15000,9180
1,2025-05-04,6,21,5,1,0,None,27.1,0.4,15000,9429
1,2025-05-04,6,22,5,1,0,None,35.5,2.9,15000,6168
1,2025-05-04,6,23,5,1,0,None,22.8,0.2,15000,3256
1,2025-05-04,6,23,5,1,0,None,28.7,1.3,15000,3291
1,2025-05-05,0,0,5,0,0,None,21.0,0.1,15000,804
1,2025-05-05,0,1,5,0,0,None,23.2,1.1,15000,689
1,2025-05-05,0,2,5,0,0,None,21.5,0.1,15000,477
1,2025-05-05,0,2,5,0,0,None,23.7,1.7,15000,561
1,2025-05-05,0,3,5,0,0,None,30.0,0.9,15000,347
1,2025-05-05,0,4,5,0,0,None,24.9,0.0,15000,632
1,2025-05-05,0,5,5,0,0,None,30.3,2.7,15000,1347
1,2025-05-05,0,5,5,0,1,Minor,22.4,0.5,15000,1518
1,2025-05-05,0,6,5,0,1,Minor,20.1,0.8,15000,3393
1,2025-05-05,0,7,5,0,0,None,31.0,0.0,15000,3610
1,2025-05-05,0,8,5,0,0,None,34.0,0.7,15000,5112
1,2025-05-05,0,8,5,0,0,None,25.9,0.0,15000,5333
1,2025-05-05,0,9,5,0,0,None,22.0,0.4,15000,6866
1,2025-05-05,0,10,5,0,0,None,24.3,0.0,15000,7257
1,2025-05-05,0,10,5,0,0,None,29.1,0.0,15000,7240
1,2025-05-05,0,11,5,0,0,None,22.0,0.6,15000,6787
1,2025-05-05,0,12,5,0,0,None,33.5,1.7,15000,5186
1,2025-05-05,0,13,5,0,0,None,26.7,0.2,15000,4554
1,2025-05-05,0,13,5,0,0,None,18.8,0.4,15000,4288
1,2025-05-05,0,14,5,0,0,None,21.6,0.0,15000,4026
1,2025-05-05,0,15,5,0,0,None,30.4,0.8,15000,4518
1,2025-05-05,0,16,5,0,0,None,29.7,3.5,15000,5858
1,2025-05-05,0,16,5,0,0,None,26.3,0.5,15000,5708
1,2025-05-05,0,17,5,0,1,Minor,38.3,6.9,15000,8455
1,2025-05-05,0,18,5,0,0,None,26.6,5.3,15000,8055
1,2025-05-05,0,18,5,0,0,None,25.0,0.4,15000,9189
1,2025-05-05,0,19,5,0,0,None,27.7,1.5,15000,10061
1,2025-05-05,0,20,5,0,0,None,30.9,0.0,15000,9563
1,2025-05-05,0,21,5,0,1,Minor,28.6,0.0,15000,10339
1,2025-05-05,0,21,5,0,0,None,30.6,1.1,15000,6829
1,2025-05-05,0,22,5,0,0,None,15.0,0.2,15000,4929
1,2025-05-05,0,23,5,0,0,None,21.0,1.2,15000,2349
1,2025-05-06,1,0,5,0,0,None,24.8,1.1,15000,962
1,2025-05-06,1,0,5,0,1,Minor,19.1,1.6,15000,953
1,2025-05-06,1,1,5,0,0,None,33.5,1.0,15000,571
1,2025-05-06,1,2,5,0,0,None,28.5,0.0,15000,825
1,2025-05-06,1,2,5,0,0,None,26.4,0.4,15000,466
1,2025-05-06,1,3,5,0,0,None,28.6,2.8,15000,679
1,2025-05-06,1,4,5,0,0,None,26.4,0.0,15000,876
1,2025-05-06,1,5,5,0,0,None,27.4,0.1,15000,760
1,2025-05-06,1,5,5,0,0,None,21.7,1.3,15000,1121
1,2025-05-06,1,6,5,0,1,Minor,18.0,0.0,15000,3274
1,2025-05-06,1,7,5,0,0,None,23.6,0.0,15000,3475
1,2025-05-06,1,8,5,0,0,None,25.0,0.1,15000,4924
1,2025-05-06,1,8,5,0,0,None,29.7,0.1,15000,5424
1,2025-05-06,1,9,5,0,0,None,28.5,1.4,15000,6701
1,2025-05-06,1,10,5,0,0,None,18.1,1.2,15000,7322
1,2025-05-06,1,11,5,0,0,None,30.2,1.7,15000,6706
1,2025-05-06,1,11,5,0,0,None,29.6,0.9,15000,6657
1,2025-05-06,1,12,5,0,0,None,36.9,1.4,15000,4949
1,2025-05-06,1,13,5,0,0,None,35.6,2.2,15000,4430
1,2025-05-06,1,13,5,0,0,None,27.1,1.7,15000,4376
1,2025-05-06,1,14,5,0,0,None,19.3,1.6,15000,3712
1,2025-05-06,1,15,5,0,0,None,29.2,3.5,15000,4610
1,2025-05-06,1,16,5,0,0,None,26.9,0.0,15000,5459
1,2025-05-06,1,16,5,0,0,None,25.4,0.0,15000,5521
1,2025-05-06,1,17,5,0,0,None,24.8,2.3,15000,7091
1,2025-05-06,1,18,5,0,0,None,34.5,1.7,15000,9254
1,2025-05-06,1,19,5,0,0,None,31.0,0.5,15000,10053
1,2025-05-06,1,19,5,0,0,None,27.6,2.4,15000,10185
1,2025-05-06,1,20,5,0,1,Minor,29.8,0.0,15000,13461
1,2025-05-06,1,21,5,0,0,None,36.8,2.0,15000,7352
1,2025-05-06,1,21,5,0,0,None,27.3,1.0,15000,7202
1,2025-05-06,1,22,5,0,0,None,16.1,1.4,15000,4535
1,2025-05-06,1,23,5,0,0,None,18.7,0.6,15000,2406
1,2025-05-07,2,0,5,0,1,Minor,29.3,0.0,15000,1043
1,2025-05-07,2,0,5,0,0,None,25.0,0.1,15000,790
1,2025-05-07,2,1,5,0,0,None,35.8,0.1,15000,377
1,2025-05-07,2,2,5,0,0,None,22.4,1.2,15000,737
1,2025-05-07,2,3,5,0,0,None,25.6,0.3,15000,395
1,2025-05-07,2,3,5,0,0,None,17.7,0.9,15000,570
1,2025-05-07,2,4,5,0,0,None,22.2,0.4,15000,734
1,2025-05-07,2,5,5,0,0,None,31.1,0.4,15000,1196
1,2025-05-07,2,6,5,0,1,Major,33.4,1.4,15000,4355
1,2025-05-07,2,6,5,0,0,None,25.9,0.6,15000,1905
1,2025-05-07,2,7,5,0,0,None,33.8,0.4,15000,3782
1,2025-05-07,2,8,5,0,0,None,26.9,5.9,15000,4822
1,2025-05-07,2,8,5,0,0,None,28.0,0.0,15000,5116
1,2025-05-07,2,9,5,0,0,None,33.5,0.4,15000,6357
1,2025-05-07,2,10,5,0,1,Major,20.3,2.7,15000,14717
1,2025-05-07,2,11,5,0,0,None,22.2,1.3,15000,6728
1,2025-05-07,2,11,5,0,0,None,36.5,0.0,15000,6499
1,2025-05-07,2,12,5,0,0,None,26.5,4.7,15000,4695
1,2025-05-07,2,13,5,0,1,Minor,30.1,0.4,15000,6530
1,2025-05-07,2,14,5,0,0,None,21.5,2.4,15000,3955
1,2025-05-07,2,14,5,0,0,None,24.9,1.9,15000,4016
1,2025-05-07,2,15,5,0,0,None,28.9,0.0,15000,4233
1,2025-05-07,2,16,5,0,0,None,27.9,0.4,15000,5336
1,2025-05-07,2,16,5,0,0,None,31.0,1.1,15000,5401
1,2025-05-07,2,17,5,0,0,None,28.6,1.1,15000,7552
1,2025-05-07,2,18,5,0,0,None,26.3,0.2,15000,9121
1,2025-05-07,2,19,5,0,0,None,31.6,0.0,15000,10069
1,2025-05-07,2,19,5,0,0,None,25.9,0.0,15000,9852
1,2025-05-07,2,20,5,0,0,None,32.9,0.0,15000,9316
1,2025-05-07,2,21,5,0,0,None,23.6,1.5,15000,6941
1,2025-05-07,2,22,5,0,0,None,27.6,0.3,15000,4667
1,2025-05-07,2,22,5,0,0,None,23.0,0.0,15000,4772
1,2025-05-07,2,23,5,0,0,None,23.0,0.0,15000,2760
1,2025-05-08,3,0,5,0,1,Major,24.8,0.0,15000,1338
1,2025-05-08,3,0,5,0,1,Minor,28.0,2.9,15000,1321
1,2025-05-08,3,1,5,0,0,None,21.8,0.8,15000,713
1,2025-05-08,3,2,5,0,1,Minor,30.8,0.1,15000,742
1,2025-05-08,3,3,5,0,0,None,35.0,0.6,15000,361
1,2025-05-08,3,3,5,0,0,None,22.0,0.5,15000,404
1,2025-05-08,3,4,5,0,0,None,25.4,0.2,15000,630
1,2025-05-08,3,5,5,0,0,None,22.7,0.0,15000,1119
1,2025-05-08,3,6,5,0,0,None,26.9,6.0,15000,2060
1,2025-05-08,3,6,5,0,0,None,28.1,1.8,15000,2327
1,2025-05-08,3,7,5,0,0,None,23.9,0.0,15000,3587
1,2025-05-08,3,8,5,0,1,Minor,25.2,0.0,15000,7311
1,2025-05-08,3,9,5,0,0,None,17.1,0.4,15000,6379
1,2025-05-08,3,9,5,0,0,None,29.7,0.0,15000,6532
1,2025-05-08,3,10,5,0,1,Minor,27.1,1.3,15000,10652
1,2025-05-08,3,11,5,0,0,None,23.0,2.3,15000,6649
1,2025-05-08,3,11,5,0,0,None,25.1,0.0,15000,6657
1,2025-05-08,3,12,5,0,0,None,31.2,0.7,15000,4977
1,2025-05-08,3,13,5,0,1,Minor,30.0,0.0,15000,6274
1,2025-05-08,3,14,5,0,0,None,24.4,0.0,15000,3430
1,2025-05-08,3,14,5,0,0,None,27.1,0.2,15000,4224
1,2025-05-08,3,15,5,0,0,None,19.4,0.3,15000,4166
1,2025-05-08,3,16,5,0,0,None,28.1,1.8,15000,5367
1,2025-05-08,3,17,5,0,0,None,30.5,0.3,15000,7428
1,2025-05-08,3,17,5,0,0,None,21.9,0.8,15000,7256
1,2025-05-08,3,18,5,0,0,None,19.7,0.8,15000,9271
1,2025-05-08,3,19,5,0,0,None,31.9,0.6,15000,10207
1,2025-05-08,3,19,5,0,1,Minor,24.0,2.3,15000,14340
1,2025-05-08,3,20,5,0,0,None,27.2,1.1,15000,9446
1,2025-05-08,3,21,5,0,1,Minor,22.5,0.0,15000,10252
1,2025-05-08,3,22,5,0,1,Minor,30.3,0.3,15000,6589
1,2025-05-08,3,22,5,0,0,None,28.1,1.4,15000,4648
1,2025-05-08,3,23,5,0,1,Major,23.8,1.5,15000,4968
1,2025-05-09,4,0,5,0,0,None,25.9,0.3,15000,859
1,2025-05-09,4,1,5,0,0,None,29.0,0.0,15000,189
1,2025-05-09,4,1,5,0,0,None,33.3,0.0,15000,630
1,2025-05-09,4,2,5,0,0,None,30.2,0.6,15000,601
1,2025-05-09,4,3,5,0,0,None,32.9,4.7,15000,617
1,2025-05-09,4,3,5,0,0,None,31.6,4.3,15000,235
1,2025-05-09,4,4,5,0,0,None,29.4,0.0,15000,345
1,2025-05-09,4,5,5,0,1,Major,31.3,0.0,15000,2330
1,2025-05-09,4,6,5,0,0,None,26.8,3.2,15000,2245
1,2025-05-09,4,6,5,0,1,Minor,30.8,0.0,15000,3423
1,2025-05-09,4,7,5,0,0,None,33.5,0.0,15000,3335
1,2025-05-09,4,8,5,0,0,None,27.1,0.4,15000,4972
1,2025-05-09,4,9,5,0,0,None,23.0,0.0,15000,6742
1,2025-05-09,4,9,5,0,0,None,35.4,0.4,15000,6584
1,2025-05-09,4,10,5,0,0,None,28.0,0.0,15000,7287
1,2025-05-09,4,11,5,0,0,None,33.2,0.2,15000,6683
1,2025-05-09,4,12,5,0,0,None,21.2,0.1,15000,5178
1,2025-05-09,4,12,5,0,0,None,25.7,6.6,15000,4399
1,2025-05-09,4,13,5,0,0,None,30.8,1.4,15000,4521
1,2025-05-09,4,14,5,0,0,None,24.3,0.3,15000,3548
1,2025-05-09,4,14,5,0,0,None,24.1,0.2,15000,3813
1,2025-05-09,4,15,5,0,0,None,27.5,0.8,15000,4478
1,2025-05-09,4,16,5,0,0,None,30.2,0.0,15000,5828
1,2025-05-09,4,17,5,0,0,None,31.6,6.4,15000,6669
1,2025-05-09,4,17,5,0,0,None,27.0,0.6,15000,7184
1,2025-05-09,4,18,5,0,0,None,29.4,1.1,15000,9211
1,2025-05-09,4,19,5,0,0,None,31.4,0.6,15000,9838
1,2025-05-09,4,20,5,0,0,None,33.0,0.5,15000,9363
1,2025-05-09,4,20,5,0,0,None,21.4,3.9,15000,9022
1,2025-05-09,4,21,5,0,1,Major,27.0,3.6,15000,14429
1,2025-05-09,4,22,5,0,0,None,23.0,0.0,15000,4715
1,2025-05-09,4,22,5,0,1,Minor,28.3,2.4,15000,7005
1,2025-05-09,4,23,5,0,0,None,27.1,0.8,15000,2587
1,2025-05-10,5,0,5,1,0,None,33.1,0.8,15000,1014
1,2025-05-10,5,1,5,1,0,None,24.0,0.9,15000,869
1,2025-05-10,5,1,5,1,0,None,35.8,6.7,15000,823
1,2025-05-10,5,2,5,1,1,Major,33.0,1.8,15000,1211
1,2025-05-10,5,3,5,1,0,None,25.5,0.0,15000,763
1,2025-05-10,5,4,5,1,1,Minor,29.3,1.0,15000,1424
1,2025-05-10,5,4,5,1,0,None,29.3,0.0,15000,874
1,2025-05-10,5,5,5,1,0,None,26.5,1.2,15000,1529
1,2025-05-10,5,6,5,1,0,None,31.8,0.5,15000,3001
1,2025-05-10,5,6,5,1,0,None,18.7,1.2,15000,2929
1,2025-05-10,5,7,5,1,0,None,32.4,2.2,15000,4632
1,2025-05-10,5,8,5,1,0,None,15.0,0.3,15000,6699
1,2025-05-10,5,9,5,1,0,None,25.1,0.7,15000,8373
1,2025-05-10,5,9,5,1,0,None,33.7,1.4,15000,8401
1,2025-05-10,5,10,5,1,0,None,34.1,0.4,15000,9070
1,2025-05-10,5,11,5,1,0,None,31.7,0.0,15000,8578
1,2025-05-10,5,12,5,1,0,None,27.3,0.1,15000,6319
1,2025-05-10,5,12,5,1,0,None,27.1,0.2,15000,6535
1,2025-05-10,5,13,5,1,0,None,18.7,2.4,15000,5396
1,2025-05-10,5,14,5,1,0,None,29.6,0.5,15000,4903
1,2025-05-10,5,15,5,1,0,None,26.9,0.3,15000,5439
1,2025-05-10,5,15,5,1,1,Major,16.7,0.9,15000,11103
1,2025-05-10,5,16,5,1,0,None,25.7,0.3,15000,7058
1,2025-05-10,5,17,5,1,0,None,25.5,0.0,15000,9740
1,2025-05-10,5,17,5,1,0,None,27.2,0.6,15000,9655
1,2025-05-10,5,18,5,1,0,None,23.5,0.3,15000,11514
1,2025-05-10,5,19,5,1,0,None,20.1,0.0,15000,12817
1,2025-05-10,5,20,5,1,0,None,22.0,0.2,15000,12272
1,2025-05-10,5,20,5,1,0,None,26.1,0.0,15000,11883
1,2025-05-10,5,21,5,1,0,None,25.7,1.4,15000,9096
1,2025-05-10,5,22,5,1,0,None,32.2,0.0,15000,6075
1,2025-05-10,5,23,5,1,0,None,19.1,0.2,15000,2911
1,2025-05-10,5,23,5,1,1,Minor,20.6,0.0,15000,4436
1,2025-05-11,6,0,5,1,0,None,25.1,0.0,15000,1179
1,2025-05-11,6,1,5,1,0,None,27.2,0.0,15000,528
1,2025-05-11,6,1,5,1,0,None,22.7,0.0,15000,469
1,2025-05-11,6,2,5,1,0,None,26.2,0.9,15000,785
1,2025-05-11,6,3,5,1,0,None,36.9,0.2,15000,463
1,2025-05-11,6,4,5,1,0,None,28.9,0.0,15000,1210
1,2025-05-11,6,4,5,1,0,None,35.5,1.0,15000,1048
1,2025-05-11,6,5,5,1,0,None,30.6,1.0,15000,1590
1,2025-05-11,6,6,5,1,0,None,33.7,1.2,15000,2676
1,2025-05-11,6,7,5,1,0,None,29.1,0.6,15000,4571
1,2025-05-11,6,7,5,1,0,None,23.9,2.1,15000,4400
1,2025-05-11,6,8,5,1,1,Minor,15.0,1.3,15000,10006
1,2025-05-11,6,9,5,1,0,None,22.4,0.0,15000,8350
1,2025-05-11,6,10,5,1,0,None,29.2,0.3,15000,8992
1,2025-05-11,6,10,5,1,0,None,29.8,0.0,15000,9477
1,2025-05-11,6,11,5,1,0,None,30.7,0.4,15000,8430
1,2025-05-11,6,12,5,1,0,None,27.5,0.1,15000,6626
1,2025-05-11,6,12,5,1,0,None,24.2,2.3,15000,6473
1,2025-05-11,6,13,5,1,0,None,25.0,0.7,15000,5543
1,2025-05-11,6,14,5,1,0,None,34.5,0.0,15000,4819
1,2025-05-11,6,15,5,1,0,None,25.9,0.0,15000,5523
1,2025-05-11,6,15,5,1,0,None,35.3,0.5,15000,5620
1,2025-05-11,6,16,5,1,1,Minor,30.7,2.4,15000,10487
1,2025-05-11,6,17,5,1,0,None,31.1,0.0,15000,9619
1,2025-05-11,6,18,5,1,0,None,26.0,0.4,15000,11559
1,2025-05-11,6,18,5,1,0,None,35.3,1.0,15000,11557
1,2025-05-11,6,19,5,1,0,None,27.4,1.0,15000,12676
1,2025-05-11,6,20,5,1,0,None,30.9,0.2,15000,11853
1,2025-05-11,6,20,5,1,0,None,24.1,0.0,15000,11926
1,2025-05-11,6,21,5,1,1,Major,33.8,0.0,15000,15000
1,2025-05-11,6,22,5,1,0,None,31.6,1.5,15000,5898
1,2025-05-11,6,23,5,1,0,None,17.9,1.6,15000,3237
1,2025-05-11,6,23,5,1,0,None,22.6,0.9,15000,3095
1,2025-05-12,0,0,5,0,0,None,22.0,0.0,15000,1123
1,2025-05-12,0,1,5,0,0,None,15.0,0.7,15000,638
1,2025-05-12,0,2,5,0,0,None,25.7,0.0,15000,316
1,2025-05-12,0,2,5,0,0,None,27.4,0.4,15000,675
1,2025-05-12,0,3,5,0,0,None,28.5,0.0,15000,713
1,2025-05-12,0,4,5,0,0,None,36.7,0.0,15000,667
1,2025-05-12,0,4,5,0,0,None,24.4,2.0,15000,1039
1,2025-05-12,0,5,5,0,0,None,29.3,0.0,15000,1194
1,2025-05-12,0,6,5,0,1,Major,34.0,0.8,15000,4103
1,2025-05-12,0,7,5,0,0,None,26.8,1.9,15000,3589
1,2025-05-12,0,7,5,0,0,None,32.9,0.7,15000,3824
1,2025-05-12,0,8,5,0,0,None,35.8,0.5,15000,5084
1,2025-05-12,0,9,5,0,1,Major,30.5,2.7,15000,12743
1,2025-05-12,0,10,5,0,1,Minor,15.0,0.2,15000,10478
1,2025-05-12,0,10,5,0,0,None,23.9,0.0,15000,7169
1,2025-05-12,0,11,5,0,1,Minor,35.0,0.0,15000,9450
1,2025-05-12,0,12,5,0,0,None,21.5,0.7,15000,5352
1,2025-05-12,0,13,5,0,0,None,16.7,0.8,15000,4224
1,2025-05-12,0,13,5,0,0,None,17.4,0.3,15000,4066
1,2025-05-12,0,14,5,0,1,Minor,17.3,0.0,15000,5618
1,2025-05-12,0,15,5,0,0,None,28.0,0.0,15000,4140
1,2025-05-12,0,15,5,0,0,None,18.7,1.0,15000,4318
1,2025-05-12,0,16,5,0,1,Minor,26.9,0.4,15000,8498
1,2025-05-12,0,17,5,0,0,None,16.8,0.4,15000,7184
1,2025-05-12,0,18,5,0,0,None,32.5,0.2,15000,9281
1,2025-05-12,0,18,5,0,0,None,30.2,0.3,15000,8700
1,2025-05-12,0,19,5,0,0,None,30.1,1.1,15000,10054
1,2025-05-12,0,20,5,0,0,None,28.8,0.0,15000,9318
1,2025-05-12,0,21,5,0,1,Minor,28.4,0.2,15000,10448
1,2025-05-12,0,21,5,0,0,None,37.8,0.1,15000,6392
1,2025-05-12,0,22,5,0,0,None,22.0,0.2,15000,4483
1,2025-05-12,0,23,5,0,0,None,28.2,0.1,15000,2435
1,2025-05-12,0,23,5,0,0,None,15.0,0.5,15000,2579
1,2025-05-13,1,0,5,0,0,None,23.1,0.8,15000,841
1,2025-05-13,1,1,5,0,0,None,27.2,0.6,15000,538
1,2025-05-13,1,2,5,0,0,None,22.5,0.5,15000,547
1,2025-05-13,1,2,5,0,0,None,27.7,1.6,15000,389
1,2025-05-13,1,3,5,0,0,None,29.0,0.1,15000,441
1,2025-05-13,1,4,5,0,0,None,26.9,0.7,15000,558
1,2025-05-13,1,5,5,0,0,None,30.0,0.0,15000,1433
1,2025-05-13,1,5,5,0,0,None,20.0,6.2,15000,1048
1,2025-05-13,1,6,5,0,0,None,28.8,0.1,15000,1872
1,2025-05-13,1,7,5,0,0,None,26.0,1.6,15000,3707
1,2025-05-13,1,8,5,0,0,None,30.1,0.5,15000,5173
1,2025-05-13,1,8,5,0,0,None,21.1,0.1,15000,5353
1,2025-05-13,1,9,5,0,0,None,31.8,0.0,15000,6593
1,2025-05-13,1,10,5,0,0,None,27.2,0.2,15000,6976
1,2025-05-13,1,10,5,0,0,None,34.3,2.0,15000,7265
1,2025-05-13,1,11,5,0,0,None,22.6,0.0,15000,6316
1,2025-05-13,1,12,5,0,1,Minor,18.2,1.5,15000,7581
1,2025-05-13,1,13,5,0,1,Major,31.9,2.9,15000,8764
1,2025-05-13,1,13,5,0,0,None,22.8,0.5,15000,4543
1,2025-05-13,1,14,5,0,0,None,34.4,0.0,15000,3957
1,2025-05-13,1,15,5,0,0,None,18.9,0.0,15000,4319
1,2025-05-13,1,16,5,0,0,None,26.4,0.0,15000,5187
1,2025-05-13,1,16,5,0,0,None,30.9,0.0,15000,5761
1,2025-05-13,1,17,5,0,0,None,28.8,1.3,15000,7404
1,2025-05-13,1,18,5,0,0,None,26.1,0.0,15000,9132
1,2025-05-13,1,18,5,0,0,None,22.7,0.8,15000,9265
1,2025-05-13,1,19,5,0,0,None,21.7,0.0,15000,9877
1,2025-05-13,1,20,5,0,0,None,17.8,1.1,15000,9174
1,2025-05-13,1,21,5,0,0,None,27.8,0.0,15000,7467
1,2025-05-13,1,21,5,0,0,None,23.5,1.8,15000,7158
1,2025-05-13,1,22,5,0,0,None,29.1,2.4,15000,4642
1,2025-05-13,1,23,5,0,0,None,32.1,1.2,15000,2168
1,2025-05-14,2,0,5,0,1,Minor,29.7,0.0,15000,1180
1,2025-05-14,2,0,5,0,0,None,23.0,1.2,15000,941
1,2025-05-14,2,1,5,0,0,None,31.1,1.6,15000,425
1,2025-05-14,2,2,5,0,0,None,28.8,1.7,15000,510
1,2025-05-14,2,2,5,0,0,None,18.1,0.0,15000,552
1,2025-05-14,2,3,5,0,0,None,35.1,3.3,15000,50
1,2025-05-14,2,4,5,0,0,None,22.1,6.4,15000,665
1,2025-05-14,2,5,5,0,0,None,25.9,0.4,15000,1377
1,2025-05-14,2,5,5,0,0,None,30.0,2.4,15000,1024
1,2025-05-14,2,6,5,0,0,None,28.1,0.0,15000,2132
1,2025-05-14,2,7,5,0,0,None,21.6,1.6,15000,3812
1,2025-05-14,2,8,5,0,0,None,28.8,2.0,15000,5291
1,2025-05-14,2,8,5,0,1,Major,25.5,0.3,15000,10365
1,2025-05-14,2,9,5,0,0,None,32.9,0.1,15000,6480
1,2025-05-14,2,10,5,0,0,None,26.1,1.5,15000,7364
1,2025-05-14,2,11,5,0,0,None,27.5,1.3,15000,6709
1,2025-05-14,2,11,5,0,1,Minor,31.7,2.1,15000,9566
1,2025-05-14,2,12,5,0,1,Minor,24.4,0.0,15000,7212
1,2025-05-14,2,13,5,0,0,None,24.4,0.9,15000,4107
1,2025-05-14,2,13,5,0,0,None,28.8,0.0,15000,4184
1,2025-05-14,2,14,5,0,0,None,21.3,2.4,15000,3567
1,2025-05-14,2,15,5,0,0,None,27.4,0.0,15000,4466
1,2025-05-14,2,16,5,0,0,None,21.2,0.9,15000,5384
1,2025-05-14,2,16,5,0,0,None,21.8,0.0,15000,5538
1,2025-05-14,2,17,5,0,0,None,28.0,0.0,15000,7349
1,2025-05-14,2,18,5,0,0,None,23.6,1.6,15000,9067
1,2025-05-14,2,19,5,0,0,None,28.9,0.0,15000,9954
1,2025-05-14,2,19,5,0,0,None,31.2,0.0,15000,10180
1,2025-05-14,2,20,5,0,1,Minor,24.9,0.0,15000,13632
1,2025-05-14,2,21,5,0,0,None,29.0,0.3,15000,7468
1,2025-05-14,2,21,5,0,0,None,23.5,0.6,15000,7541
1,2025-05-14,2,22,5,0,0,None,18.4,0.8,15000,4590
1,2025-05-14,2,23,5,0,0,None,19.4,0.0,15000,2824
1,2025-05-15,3,0,5,0,0,None,31.9,0.4,15000,913
1,2025-05-15,3,0,5,0,0,None,33.9,0.2,15000,726
1,2025-05-15,3,1,5,0,0,None,18.9,1.5,15000,608
1,2025-05-15,3,2,5,0,1,Minor,19.7,0.0,15000,747
1,2025-05-15,3,3,5,0,0,None,36.4,1.2,15000,499
1,2025-05-15,3,3,5,0,0,None,35.8,0.6,15000,282
1,2025-05-15,3,4,5,0,0,None,29.9,0.0,15000,722
1,2025-05-15,3,5,5,0,0,None,26.3,0.0,15000,1144
1,2025-05-15,3,5,5,0,0,None,29.4,0.3,15000,1385
1,2025-05-15,3,6,5,0,0,None,27.0,1.1,15000,2431
1,2025-05-15,3,7,5,0,0,None,18.3,0.3,15000,3763
1,2025-05-15,3,8,5,0,1,Minor,33.9,3.3,15000,7359
1,2025-05-15,3,8,5,0,0,None,37.6,0.0,15000,4775
1,2025-05-15,3,9,5,0,0,None,26.1,0.9,15000,6435
1,2025-05-15,3,10,5,0,0,None,25.0,0.0,15000,7168
1,2025-05-15,3,11,5,0,0,None,29.7,0.1,15000,6487
1,2025-05-15,3,11,5,0,0,None,26.9,1.0,15000,6364
1,2025-05-15,3,12,5,0,0,None,30.6,0.0,15000,5230
1,2025-05-15,3,13,5,0,0,None,20.2,0.0,15000,4435
1,2025-05-15,3,14,5,0,0,None,20.0,0.0,15000,3914
1,2025-05-15,3,14,5,0,0,None,27.8,1.4,15000,3869
1,2025-05-15,3,15,5,0,0,None,25.3,1.6,15000,4090
1,2025-05-15,3,16,5,0,0,None,25.3,0.0,15000,5411
1,2025-05-15,3,16,5,0,0,None,30.1,3.9,15000,5646
1,2025-05-15,3,17,5,0,0,None,23.5,0.0,15000,7291
1,2025-05-15,3,18,5,0,0,None,35.1,0.9,15000,9321
1,2025-05-15,3,19,5,0,0,None,27.8,0.0,15000,10249
1,2025-05-15,3,19,5,0,0,None,25.6,0.0,15000,9559
1,2025-05-15,3,20,5,0,0,None,31.6,0.9,15000,9172
1,2025-05-15,3,21,5,0,0,None,24.1,0.0,15000,7085
1,2025-05-15,3,22,5,0,0,None,32.0,0.1,15000,4615
1,2025-05-15,3,22,5,0,0,None,34.2,4.1,15000,4080
1,2025-05-15,3,23,5,0,0,None,28.7,1.6,15000,2676
1,2025-05-16,4,0,5,0,0,None,19.7,0.0,15000,726
1,2025-05-16,4,0,5,0,0,None,31.9,1.4,15000,707
1,2025-05-16,4,1,5,0,0,None,21.8,1.5,15000,420
1,2025-05-16,4,2,5,0,0,None,29.5,0.0,15000,741
1,2025-05-16,4,3,5,0,0,None,30.4,0.2,15000,393
1,2025-05-16,4,3,5,0,0,None,32.7,0.1,15000,424
1,2025-05-16,4,4,5,0,0,None,23.7,3.2,15000,731
1,2025-05-16,4,5,5,0,0,None,33.2,2.0,15000,1205
1,2025-05-16,4,6,5,0,0,None,28.2,0.1,15000,2033
1,2025-05-16,4,6,5,0,0,None,22.3,1.7,15000,1895
1,2025-05-16,4,7,5,0,0,None,22.3,0.1,15000,3437
1,2025-05-16,4,8,5,0,0,None,28.3,0.0,15000,5333
1,2025-05-16,4,8,5,0,0,None,24.5,1.8,15000,4920
1,2025-05-16,4,9,5,0,0,None,27.4,2.5,15000,6744
1,2025-05-16,4,10,5,0,0,None,29.4,0.5,15000,7056
1,2025-05-16,4,11,5,0,0,None,31.9,0.0,15000,6365
1,2025-05-16,4,11,5,0,0,None,22.7,0.0,15000,6853
1,2025-05-16,4,12,5,0,0,None,24.5,0.0,15000,5369
1,2025-05-16,4,13,5,0,0,None,26.3,0.0,15000,4384
1,2025-05-16,4,14,5,0,0,None,23.4,4.6,15000,3414
1,2025-05-16,4,14,5,0,0,None,15.0,2.3,15000,3802
1,2025-05-16,4,15,5,0,0,None,23.7,1.3,15000,4333
1,2025-05-16,4,16,5,0,0,None,20.4,0.9,15000,5692
1,2025-05-16,4,17,5,0,0,None,32.8,0.1,15000,7302
1,2025-05-16,4,17,5,0,0,None,27.3,3.8,15000,7309
1,2025-05-16,4,18,5,0,0,None,24.7,0.0,15000,8790
1,2025-05-16,4,19,5,0,0,None,17.1,0.0,15000,10211
1,2025-05-16,4,19,5,0,0,None,18.0,0.1,15000,10045
1,2025-05-16,4,20,5,0,0,None,30.4,1.9,15000,9329
1,2025-05-16,4,21,5,0,0,None,25.6,0.0,15000,7421
1,2025-05-16,4,22,5,0,0,None,21.7,5.1,15000,3921
1,2025-05-16,4,22,5,0,0,None,26.3,0.2,15000,4700
1,2025-05-16,4,23,5,0,1,Minor,33.8,0.3,15000,3554
1,2025-05-17,5,0,5,1,0,None,37.4,1.9,15000,1162
1,2025-05-17,5,1,5,1,0,None,28.3,0.0,15000,996
1,2025-05-17,5,1,5,1,0,None,33.6,0.0,15000,499
1,2025-05-17,5,2,5,1,0,None,30.9,0.0,15000,665
1,2025-05-17,5,3,5,1,0,None,22.0,0.2,15000,610
1,2025-05-17,5,3,5,1,0,None,34.0,0.1,15000,771
1,2025-05-17,5,4,5,1,0,None,23.9,0.3,15000,1198
1,2025-05-17,5,5,5,1,0,None,35.5,0.2,15000,1649
1,2025-05-17,5,6,5,1,0,None,30.6,0.4,15000,3087
1,2025-05-17,5,6,5,1,0,None,30.1,3.2,15000,2705
1,2025-05-17,5,7,5,1,0,None,22.6,1.6,15000,4304
1,2025-05-17,5,8,5,1,0,None,30.9,0.5,15000,6671
1,2025-05-17,5,9,5,1,0,None,22.8,1.8,15000,7883
1,2025-05-17,5,9,5,1,0,None,19.3,1.8,15000,8469
1,2025-05-17,5,10,5,1,0,None,22.4,0.9,15000,9039
1,2025-05-17,5,11,5,1,0,None,23.9,0.0,15000,8496
1,2025-05-17,5,12,5,1,0,None,27.4,1.0,15000,6698
1,2025-05-17,5,12,5,1,0,None,21.9,0.5,15000,6719
1,2025-05-17,5,13,5,1,0,None,32.5,0.0,15000,5023
1,2025-05-17,5,14,5,1,0,None,25.3,2.3,15000,4766
1,2025-05-17,5,14,5,1,0,None,25.4,0.0,15000,4686
1,2025-05-17,5,15,5,1,0,None,26.6,1.6,15000,5518
1,2025-05-17,5,16,5,1,0,None,20.7,0.1,15000,7249
1,2025-05-17,5,17,5,1,0,None,33.3,0.1,15000,9461
1,2025-05-17,5,17,5,1,0,None,30.9,0.0,15000,9596
1,2025-05-17,5,18,5,1,0,None,34.8,3.5,15000,11768
1,2025-05-17,5,19,5,1,0,None,27.4,0.0,15000,12740
1,2025-05-17,5,20,5,1,0,None,23.3,0.4,15000,11900
1,2025-05-17,5,20,5,1,0,None,31.6,0.0,15000,12145
1,2025-05-17,5,21,5,1,0,None,23.4,0.9,15000,9115
1,2025-05-17,5,22,5,1,0,None,32.7,0.2,15000,6309
1,2025-05-17,5,22,5,1,0,None,17.7,1.4,15000,6010
1,2025-05-17,5,23,5,1,0,None,30.3,0.0,15000,3299
1,2025-05-18,6,0,5,1,0,None,18.8,0.6,15000,1019
1,2025-05-18,6,1,5,1,0,None,25.2,0.9,15000,522
1,2025-05-18,6,1,5,1,1,Minor,30.7,0.0,15000,1347
1,2025-05-18,6,2,5,1,0,None,27.3,1.4,15000,579
1,2025-05-18,6,3,5,1,0,None,27.6,0.4,15000,785
1,2025-05-18,6,4,5,1,1,Minor,16.8,1.4,15000,1549
1,2025-05-18,6,4,5,1,0,None,23.7,0.0,15000,950
1,2025-05-18,6,5,5,1,0,None,27.3,1.5,15000,1427
1,2025-05-18,6,6,5,1,0,None,35.9,0.1,15000,2949
1,2025-05-18,6,6,5,1,0,None,32.7,0.0,15000,2636
1,2025-05-18,6,7,5,1,1,Major,30.1,0.7,15000,9240
1,2025-05-18,6,8,5,1,0,None,26.8,1.1,15000,7027
1,2025-05-18,6,9,5,1,0,None,23.6,0.0,15000,8113
1,2025-05-18,6,9,5,1,0,None,25.4,0.2,15000,8464
1,2025-05-18,6,10,5,1,0,None,41.7,2.0,15000,8339
1,2025-05-18,6,11,5,1,0,None,24.1,0.0,15000,8493
1,2025-05-18,6,12,5,1,0,None,29.7,3.8,15000,6654
1,2025-05-18,6,12,5,1,0,None,27.3,1.0,15000,6651
1,2025-05-18,6,13,5,1,0,None,28.2,0.8,15000,5455
1,2025-05-18,6,14,5,1,0,None,31.6,0.8,15000,4864
1,2025-05-18,6,15,5,1,0,None,25.2,4.2,15000,4835
1,2025-05-18,6,15,5,1,0,None,26.2,2.2,15000,5022
1,2025-05-18,6,16,5,1,0,None,22.5,0.0,15000,7448
1,2025-05-18,6,17,5,1,0,None,31.4,0.7,15000,9556
1,2025-05-18,6,17,5,1,0,None,28.8,0.1,15000,9457
1,2025-05-18,6,18,5,1,0,None,25.6,0.1,15000,11528
1,2025-05-18,6,19,5,1,1,Minor,26.1,1.8,15000,15000
1,2025-05-18,6,20,5,1,1,Minor,31.6,0.8,15000,15000
1,2025-05-18,6,20,5,1,0,None,30.4,1.6,15000,11743
1,2025-05-18,6,21,5,1,0,None,18.7,0.0,15000,9200
1,2025-05-18,6,22,5,1,0,None,19.6,0.0,15000,6051
1,2025-05-18,6,23,5,1,0,None,38.0,0.2,15000,2687
1,2025-05-18,6,23,5,1,1,Minor,34.8,0.0,15000,4342
1,2025-05-19,0,0,5,0,0,None,25.1,0.0,15000,618
1,2025-05-19,0,1,5,0,0,None,24.3,0.5,15000,156
1,2025-05-19,0,1,5,0,0,None,33.3,0.1,15000,1181
1,2025-05-19,0,2,5,0,0,None,17.1,3.1,15000,597
1,2025-05-19,0,3,5,0,0,None,19.7,0.9,15000,354
1,2025-05-19,0,4,5,0,0,None,31.4,0.1,15000,752
1,2025-05-19,0,4,5,0,0,None,28.1,4.4,15000,676
1,2025-05-19,0,5,5,0,0,None,34.5,2.4,15000,751
1,2025-05-19,0,6,5,0,0,None,24.9,0.5,15000,1912
1,2025-05-19,0,7,5,0,1,Minor,24.6,0.2,15000,5274
1,2025-05-19,0,7,5,0,0,None,33.1,0.1,15000,3579
1,2025-05-19,0,8,5,0,0,None,28.8,0.0,15000,5296
1,2025-05-19,0,9,5,0,0,None,30.2,0.4,15000,6500
1,2025-05-19,0,10,5,0,0,None,17.1,0.5,15000,7090
1,2025-05-19,0,10,5,0,0,None,29.1,0.7,15000,7141
1,2025-05-19,0,11,5,0,0,None,27.6,4.5,15000,5879
1,2025-05-19,0,12,5,0,0,None,25.1,0.4,15000,4976
1,2025-05-19,0,12,5,0,0,None,18.2,1.2,15000,5291
1,2025-05-19,0,13,5,0,0,None,28.3,2.5,15000,4087
1,2025-05-19,0,14,5,0,0,None,18.0,0.0,15000,4027
1,2025-05-19,0,15,5,0,0,None,23.4,0.0,15000,4633
1,2025-05-19,0,15,5,0,0,None,29.4,0.0,15000,4597
1,2025-05-19,0,16,5,0,0,None,28.2,0.0,15000,5449
1,2025-05-19,0,17,5,0,0,None,35.9,2.9,15000,7329
1,2025-05-19,0,18,5,0,0,None,31.0,0.0,15000,9295
1,2025-05-19,0,18,5,0,0,None,23.6,2.1,15000,9221
1,2025-05-19,0,19,5,0,1,Minor,29.7,0.1,15000,14734
1,2025-05-19,0,20,5,0,0,None,34.2,0.7,15000,9115
1,2025-05-19,0,20,5,0,0,None,28.6,0.0,15000,8979
1,2025-05-19,0,21,5,0,0,None,25.4,1.6,15000,7591
1,2025-05-19,0,22,5,0,0,None,22.2,1.0,15000,4635
1,2025-05-19,0,23,5,0,0,None,25.5,0.0,15000,2160
1,2025-05-19,0,23,5,0,0,None,38.9,0.0,15000,2240
1,2025-05-20,1,0,5,0,0,None,30.3,5.6,15000,414
1,2025-05-20,1,1,5,0,0,None,28.3,1.1,15000,603
1,2025-05-20,1,2,5,0,0,None,18.5,0.1,15000,324
1,2025-05-20,1,2,5,0,0,None,24.5,2.1,15000,516
1,2025-05-20,1,3,5,0,0,None,27.9,0.0,15000,228
1,2025-05-20,1,4,5,0,0,None,24.7,3.8,15000,720
1,2025-05-20,1,4,5,0,0,None,28.5,0.4,15000,273
1,2025-05-20,1,5,5,0,0,None,21.4,0.3,15000,1371
1,2025-05-20,1,6,5,0,0,None,37.6,0.6,15000,1962
1,2025-05-20,1,7,5,0,1,Minor,26.1,0.1,15000,5226
1,2025-05-20,1,7,5,0,0,None,28.8,0.0,15000,3571
1,2025-05-20,1,8,5,0,0,None,33.6,0.4,15000,5316
1,2025-05-20,1,9,5,0,0,None,28.1,0.2,15000,6467
1,2025-05-20,1,10,5,0,0,None,22.1,2.6,15000,7293
1,2025-05-20,1,10,5,0,0,None,30.6,0.0,15000,7095
1,2025-05-20,1,11,5,0,0,None,33.4,0.0,15000,6602
1,2025-05-20,1,12,5,0,0,None,30.7,2.9,15000,5277
1,2025-05-20,1,13,5,0,0,None,22.8,0.0,15000,4646
1,2025-05-20,1,13,5,0,0,None,27.0,0.7,15000,4233
1,2025-05-20,1,14,5,0,0,None,29.3,0.0,15000,4109
1,2025-05-20,1,15,5,0,0,None,21.8,0.1,15000,4539
1,2025-05-20,1,15,5,0,0,None,25.9,0.0,15000,4566
1,2025-05-20,1,16,5,0,1,Minor,31.2,0.7,15000,7863
1,2025-05-20,1,17,5,0,0,None,25.6,0.0,15000,7257
1,2025-05-20,1,18,5,0,1,Minor,32.6,1.3,15000,13284
1,2025-05-20,1,18,5,0,0,None,33.1,0.0,15000,9254
1,2025-05-20,1,19,5,0,0,None,24.3,0.0,15000,9893
1,2025-05-20,1,20,5,0,0,None,28.8,3.8,15000,9712
1,2025-05-20,1,21,5,0,0,None,26.3,0.1,15000,7265
1,2025-05-20,1,21,5,0,0,None,31.0,0.1,15000,7202
1,2025-05-20,1,22,5,0,0,None,38.6,0.4,15000,4079
1,2025-05-20,1,23,5,0,0,None,21.6,2.5,15000,2649
1,2025-05-20,1,23,5,0,0,None,23.0,2.4,15000,2453
1,2025-05-21,2,0,5,0,0,None,28.5,1.6,15000,768
1,2025-05-21,2,1,5,0,0,None,28.0,0.0,15000,623
1,2025-05-21,2,2,5,0,0,None,36.8,0.4,15000,599
1,2025-05-21,2,2,5,0,0,None,26.8,0.0,15000,409
1,2025-05-21,2,3,5,0,0,None,24.7,0.3,15000,157
1,2025-05-21,2,4,5,0,0,None,34.4,0.0,15000,682
1,2025-05-21,2,5,5,0,0,None,30.2,0.0,15000,1213
1,2025-05-21,2,5,5,0,1,Minor,29.1,0.2,15000,1558
1,2025-05-21,2,6,5,0,0,None,31.6,1.0,15000,1937
1,2025-05-21,2,7,5,0,1,Minor,26.2,1.1,15000,5302
1,2025-05-21,2,7,5,0,0,None,29.7,1.6,15000,3522
1,2025-05-21,2,8,5,0,0,None,19.4,1.0,15000,5300
1,2025-05-21,2,9,5,0,0,None,24.8,0.0,15000,6594
1,2025-05-21,2,10,5,0,0,None,27.2,0.0,15000,6950
1,2025-05-21,2,10,5,0,0,None,31.0,0.6,15000,7019
1,2025-05-21,2,11,5,0,0,None,24.0,1.3,15000,6848
1,2025-05-21,2,12,5,0,0,None,27.2,0.0,15000,5124
1,2025-05-21,2,13,5,0,0,None,39.3,0.6,15000,3588
1,2025-05-21,2,13,5,0,0,None,32.9,0.1,15000,4332
1,2025-05-21,2,14,5,0,0,None,18.1,0.2,15000,3757
1,2025-05-21,2,15,5,0,0,None,36.2,0.1,15000,4595
1,2025-05-21,2,16,5,0,0,None,22.1,0.0,15000,5653
1,2025-05-21,2,16,5,0,1,Minor,26.7,0.0,15000,8103
1,2025-05-21,2,17,5,0,0,None,24.5,0.3,15000,7432
1,2025-05-21,2,18,5,0,0,None,23.7,2.7,15000,9278
1,2025-05-21,2,18,5,0,0,None,26.5,0.9,15000,9295
1,2025-05-21,2,19,5,0,0,None,24.2,0.4,15000,9898
1,2025-05-21,2,20,5,0,0,None,26.8,0.8,15000,9174
1,2025-05-21,2,21,5,0,0,None,26.4,0.7,15000,7083
1,2025-05-21,2,21,5,0,1,Minor,28.9,0.5,15000,10284
1,2025-05-21,2,22,5,0,0,None,31.3,0.0,15000,4713
1,2025-05-21,2,23,5,0,0,None,25.8,1.5,15000,2296
1,2025-05-22,3,0,5,0,0,None,20.7,0.0,15000,1119
1,2025-05-22,3,0,5,0,0,None,29.5,1.8,15000,881
1,2025-05-22,3,1,5,0,0,None,23.9,1.2,15000,713
1,2025-05-22,3,2,5,0,0,None,26.8,0.9,15000,448
1,2025-05-22,3,2,5,0,0,None,21.5,0.0,15000,568
1,2025-05-22,3,3,5,0,0,None,36.5,1.0,15000,746
1,2025-05-22,3,4,5,0,0,None,31.7,2.8,15000,511
1,2025-05-22,3,5,5,0,0,None,21.6,0.5,15000,1327
1,2025-05-22,3,5,5,0,0,None,27.8,0.0,15000,1149
1,2025-05-22,3,6,5,0,0,None,24.6,0.0,15000,1846
1,2025-05-22,3,7,5,0,0,None,30.1,0.6,15000,3621
1,2025-05-22,3,8,5,0,1,Minor,23.4,0.0,15000,7837
1,2025-05-22,3,8,5,0,0,None,21.9,0.0,15000,5001
1,2025-05-22,3,9,5,0,0,None,26.1,0.1,15000,6577
1,2025-05-22,3,10,5,0,0,None,33.7,0.0,15000,7247
1,2025-05-22,3,10,5,0,0,None,31.1,0.0,15000,7368
1,2025-05-22,3,11,5,0,1,Major,32.2,0.7,15000,13248
1,2025-05-22,3,12,5,0,0,None,28.3,1.1,15000,5101
1,2025-05-22,3,13,5,0,0,None,26.6,0.6,15000,4229
1,2025-05-22,3,13,5,0,0,None,29.2,0.0,15000,4519
1,2025-05-22,3,14,5,0,0,None,25.1,1.3,15000,3931
1,2025-05-22,3,15,5,0,0,None,21.3,3.3,15000,4546
1,2025-05-22,3,16,5,0,0,None,22.8,0.0,15000,5953
1,2025-05-22,3,16,5,0,0,None,30.2,0.0,15000,5754
1,2025-05-22,3,17,5,0,0,None,32.7,0.2,15000,7337
1,2025-05-22,3,18,5,0,1,Major,26.9,3.2,15000,15000
1,2025-05-22,3,19,5,0,0,None,24.7,0.0,15000,9915
1,2025-05-22,3,19,5,0,0,None,18.9,0.0,15000,10043
1,2025-05-22,3,20,5,0,0,None,27.4,4.2,15000,7863
1,2025-05-22,3,21,5,0,1,Minor,30.1,2.1,15000,10407
1,2025-05-22,3,21,5,0,0,None,24.3,1.1,15000,7246
1,2025-05-22,3,22,5,0,0,None,26.4,0.0,15000,5278
1,2025-05-22,3,23,5,0,0,None,35.8,0.0,15000,2687
1,2025-05-23,4,0,5,0,0,None,20.4,0.0,15000,877
1,2025-05-23,4,0,5,0,0,None,30.9,1.8,15000,1078
1,2025-05-23,4,1,5,0,0,None,28.1,0.2,15000,664
1,2025-05-23,4,2,5,0,1,Minor,21.5,0.0,15000,504
1,2025-05-23,4,3,5,0,0,None,22.4,0.2,15000,282
1,2025-05-23,4,3,5,0,0,None,27.6,1.6,15000,50
1,2025-05-23,4,4,5,0,0,None,26.5,1.5,15000,713
1,2025-05-23,4,5,5,0,1,Minor,28.1,2.1,15000,1974
1,2025-05-23,4,5,5,0,0,None,34.7,1.3,15000,1470
1,2025-05-23,4,6,5,0,0,None,29.5,0.1,15000,2083
1,2025-05-23,4,7,5,0,0,None,21.7,3.6,15000,3349
1,2025-05-23,4,8,5,0,0,None,29.5,2.4,15000,5205
1,2025-05-23,4,8,5,0,0,None,26.0,0.0,15000,5349
1,2025-05-23,4,9,5,0,0,None,27.1,0.9,15000,6881
1,2025-05-23,4,10,5,0,0,None,20.1,0.8,15000,7226
1,2025-05-23,4,11,5,0,0,None,18.6,0.8,15000,6731
1,2025-05-23,4,11,5,0,0,None,20.2,1.0,15000,6645
1,2025-05-23,4,12,5,0,0,None,23.6,0.0,15000,5054
1,2025-05-23,4,13,5,0,0,None,23.7,2.1,15000,4274
1,2025-05-23,4,14,5,0,0,None,21.0,0.0,15000,3566
1,2025-05-23,4,14,5,0,0,None,29.9,1.4,15000,3441
1,2025-05-23,4,15,5,0,0,None,28.3,1.8,15000,4065
1,2025-05-23,4,16,5,0,1,Minor,27.5,0.8,15000,7976
1,2025-05-23,4,16,5,0,0,None,30.8,2.7,15000,5831
1,2025-05-23,4,17,5,0,0,None,25.6,0.6,15000,7430
1,2025-05-23,4,18,5,0,0,None,32.4,0.0,15000,9037
1,2025-05-23,4,19,5,0,0,None,30.5,0.0,15000,9852
1,2025-05-23,4,19,5,0,0,None,28.6,0.0,15000,10058
1,2025-05-23,4,20,5,0,0,None,28.2,1.2,15000,9618
1,2025-05-23,4,21,5,0,1,Minor,17.8,3.9,15000,10485
1,2025-05-23,4,22,5,0,0,None,28.1,0.1,15000,4720
1,2025-05-23,4,22,5,0,0,None,32.9,1.2,15000,4541
1,2025-05-23,4,23,5,0,1,Major,34.2,0.0,15000,5038
1,2025-05-24,5,0,5,1,0,None,21.5,1.4,15000,1087
1,2025-05-24,5,0,5,1,0,None,28.4,0.2,15000,767
1,2025-05-24,5,1,5,1,0,None,26.8,0.1,15000,956
1,2025-05-24,5,2,5,1,0,None,28.6,1.6,15000,334
1,2025-05-24,5,3,5,1,0,None,26.5,0.0,15000,392
1,2025-05-24,5,3,5,1,0,None,23.5,0.0,15000,1280
1,2025-05-24,5,4,5,1,0,None,31.5,1.2,15000,843
1,2025-05-24,5,5,5,1,1,Minor,29.5,0.0,15000,2393
1,2025-05-24,5,6,5,1,0,None,34.1,1.2,15000,3029
1,2025-05-24,5,6,5,1,0,None,32.9,0.6,15000,2943
1,2025-05-24,5,7,5,1,0,None,33.9,0.3,15000,4463
1,2025-05-24,5,8,5,1,1,Major,28.0,3.6,15000,13212
1,2025-05-24,5,8,5,1,0,None,16.9,0.0,15000,6669
1,2025-05-24,5,9,5,1,1,Major,25.1,0.0,15000,15000
1,2025-05-24,5,10,5,1,1,Minor,29.8,2.9,15000,13419
1,2025-05-24,5,11,5,1,0,None,28.6,1.4,15000,8315
1,2025-05-24,5,11,5,1,0,None,21.6,2.7,15000,8606
1,2025-05-24,5,12,5,1,0,None,25.6,0.0,15000,6766
1,2025-05-24,5,13,5,1,0,None,29.7,1.0,15000,5444
1,2025-05-24,5,14,5,1,0,None,24.3,1.7,15000,4833
1,2025-05-24,5,14,5,1,0,None,33.6,0.4,15000,4563
1,2025-05-24,5,15,5,1,0,None,27.9,0.0,15000,5462
1,2025-05-24,5,16,5,1,0,None,24.8,0.0,15000,7396
1,2025-05-24,5,17,5,1,0,None,27.7,0.0,15000,9668
1,2025-05-24,5,17,5,1,0,None,29.9,0.4,15000,9618
1,2025-05-24,5,18,5,1,0,None,29.4,1.6,15000,11790
1,2025-05-24,5,19,5,1,0,None,30.3,0.1,15000,13138
1,2025-05-24,5,19,5,1,0,None,25.0,0.0,15000,12508
1,2025-05-24,5,20,5,1,1,Minor,31.3,0.2,15000,15000
1,2025-05-24,5,21,5,1,0,None,25.6,0.0,15000,8992
1,2025-05-24,5,22,5,1,0,None,34.2,0.0,15000,6300
1,2025-05-24,5,22,5,1,0,None,26.0,0.0,15000,6057
1,2025-05-24,5,23,5,1,0,None,23.8,0.3,15000,3623
1,2025-05-25,6,0,5,1,0,None,21.2,0.6,15000,1106
1,2025-05-25,6,1,5,1,0,None,27.1,0.9,15000,760
1,2025-05-25,6,1,5,1,0,None,29.0,0.0,15000,549
1,2025-05-25,6,2,5,1,0,None,37.0,2.3,15000,687
1,2025-05-25,6,3,5,1,0,None,29.0,0.0,15000,756
1,2025-05-25,6,3,5,1,1,Minor,26.8,1.6,15000,1153
1,2025-05-25,6,4,5,1,0,None,35.0,2.6,15000,749
1,2025-05-25,6,5,5,1,1,Minor,28.7,0.1,15000,2302
1,2025-05-25,6,6,5,1,0,None,22.4,0.0,15000,2806
1,2025-05-25,6,6,5,1,0,None,36.7,0.0,15000,3000
1,2025-05-25,6,7,5,1,0,None,27.3,2.5,15000,4806
1,2025-05-25,6,8,5,1,0,None,31.6,0.0,15000,6819
1,2025-05-25,6,9,5,1,0,None,19.9,0.4,15000,8415
1,2025-05-25,6,9,5,1,0,None,24.9,0.9,15000,8360
1,2025-05-25,6,10,5,1,0,None,30.5,0.0,15000,9078
1,2025-05-25,6,11,5,1,0,None,23.7,0.1,15000,8534
1,2025-05-25,6,12,5,1,0,None,21.7,0.1,15000,6774
1,2025-05-25,6,12,5,1,0,None,35.2,0.6,15000,6838
1,2025-05-25,6,13,5,1,0,None,34.6,0.0,15000,5470
1,2025-05-25,6,14,5,1,0,None,29.6,0.0,15000,5049
1,2025-05-25,6,14,5,1,0,None,21.0,3.5,15000,4736
1,2025-05-25,6,15,5,1,0,None,29.0,1.2,15000,5597
1,2025-05-25,6,16,5,1,0,None,20.9,3.9,15000,7079
1,2025-05-25,6,17,5,1,0,None,25.5,2.0,15000,9607
1,2025-05-25,6,17,5,1,1,Minor,33.3,1.3,15000,13622
1,2025-05-25,6,18,5,1,0,None,25.3,2.0,15000,11304
1,2025-05-25,6,19,5,1,0,None,32.4,0.0,15000,12739
1,2025-05-25,6,20,5,1,0,None,23.7,0.4,15000,11739
1,2025-05-25,6,20,5,1,0,None,40.8,0.1,15000,10704
1,2025-05-25,6,21,5,1,0,None,24.4,0.4,15000,9467
1,2025-05-25,6,22,5,1,0,None,28.3,0.0,15000,6109
1,2025-05-25,6,22,5,1,0,None,26.9,3.8,15000,6066
1,2025-05-25,6,23,5,1,0,None,17.0,0.9,15000,3113
1,2025-05-26,0,0,5,0,0,None,23.1,0.6,15000,518
1,2025-05-26,0,1,5,0,0,None,22.4,0.0,15000,575
1,2025-05-26,0,1,5,0,1,Minor,34.9,0.0,15000,937
1,2025-05-26,0,2,5,0,0,None,29.2,0.2,15000,476
1,2025-05-26,0,3,5,0,0,None,32.7,4.2,15000,131
1,2025-05-26,0,4,5,0,0,None,24.6,0.4,15000,950
1,2025-05-26,0,4,5,0,0,None,25.6,0.5,15000,694
1,2025-05-26,0,5,5,0,0,None,20.3,0.0,15000,1217
1,2025-05-26,0,6,5,0,0,None,37.4,0.5,15000,2176
1,2025-05-26,0,6,5,0,0,None,35.9,0.0,15000,2045
1,2025-05-26,0,7,5,0,0,None,24.5,2.7,15000,3607
1,2025-05-26,0,8,5,0,0,None,35.7,0.3,15000,4925
1,2025-05-26,0,9,5,0,0,None,22.8,0.0,15000,6420
1,2025-05-26,0,9,5,0,1,Major,23.5,0.0,15000,12794
1,2025-05-26,0,10,5,0,0,None,22.6,0.7,15000,7227
1,2025-05-26,0,11,5,0,0,None,24.1,0.0,15000,6808
1,2025-05-26,0,12,5,0,0,None,28.3,0.9,15000,4838
1,2025-05-26,0,12,5,0,0,None,23.0,0.0,15000,4996
1,2025-05-26,0,13,5,0,0,None,18.5,0.4,15000,4040
1,2025-05-26,0,14,5,0,0,None,26.3,0.0,15000,4030
1,2025-05-26,0,15,5,0,0,None,25.8,0.9,15000,4598
1,2025-05-26,0,15,5,0,1,Minor,24.0,0.0,15000,6387
1,2025-05-26,0,16,5,0,0,None,32.3,2.3,15000,5444
1,2025-05-26,0,17,5,0,0,None,27.6,0.0,15000,7721
1,2025-05-26,0,17,5,0,0,None,28.7,2.7,15000,7837
1,2025-05-26,0,18,5,0,0,None,27.0,0.0,15000,9149
1,2025-05-26,0,19,5,0,0,None,28.9,1.0,15000,9779
1,2025-05-26,0,20,5,0,0,None,26.6,0.0,15000,9133
1,2025-05-26,0,20,5,0,0,None,27.5,0.6,15000,9088
1,2025-05-26,0,21,5,0,0,None,22.0,0.3,15000,7264
1,2025-05-26,0,22,5,0,0,None,30.8,0.0,15000,4775
1,2025-05-26,0,23,5,0,0,None,29.0,1.2,15000,2662
1,2025-05-26,0,23,5,0,1,Minor,27.5,0.0,15000,3470
1,2025-05-27,1,0,5,0,0,None,36.2,0.9,15000,708
1,2025-05-27,1,1,5,0,0,None,23.3,1.5,15000,381
1,2025-05-27,1,1,5,0,0,None,30.7,0.0,15000,497
1,2025-05-27,1,2,5,0,0,None,35.3,2.7,15000,421
1,2025-05-27,1,3,5,0,0,None,21.2,1.6,15000,465
1,2025-05-27,1,4,5,0,0,None,28.0,0.0,15000,631
1,2025-05-27,1,4,5,0,1,Minor,26.8,0.0,15000,1181
1,2025-05-27,1,5,5,0,0,None,32.3,0.0,15000,1335
1,2025-05-27,1,6,5,0,0,None,28.1,1.9,15000,2136
1,2025-05-27,1,7,5,0,1,Minor,29.8,0.1,15000,5336
1,2025-05-27,1,7,5,0,0,None,37.7,0.9,15000,3329
1,2025-05-27,1,8,5,0,0,None,28.6,2.5,15000,5386
1,2025-05-27,1,9,5,0,0,None,32.8,4.7,15000,5910
1,2025-05-27,1,9,5,0,1,Minor,19.4,0.8,15000,9350
1,2025-05-27,1,10,5,0,0,None,26.8,1.5,15000,7291
1,2025-05-27,1,11,5,0,0,None,21.5,0.7,15000,6741
1,2025-05-27,1,12,5,0,0,None,26.1,0.0,15000,5241
1,2025-05-27,1,12,5,0,0,None,25.6,0.3,15000,5141
1,2025-05-27,1,13,5,0,0,None,19.2,2.6,15000,4440
1,2025-05-27,1,14,5,0,0,None,20.9,1.1,15000,3439
1,2025-05-27,1,15,5,0,0,None,20.5,0.1,15000,4076
1,2025-05-27,1,15,5,0,0,None,36.6,1.2,15000,4322
1,2025-05-27,1,16,5,0,0,None,33.6,0.0,15000,5487
1,2025-05-27,1,17,5,0,0,None,29.7,0.4,15000,7618
1,2025-05-27,1,18,5,0,0,None,27.7,1.5,15000,9256
1,2025-05-27,1,18,5,0,0,None,30.1,0.0,15000,9408
1,2025-05-27,1,19,5,0,0,None,33.9,0.3,15000,10054
1,2025-05-27,1,20,5,0,0,None,31.6,0.3,15000,9144
1,2025-05-27,1,20,5,0,0,None,23.9,0.0,15000,9467
1,2025-05-27,1,21,5,0,0,None,34.1,3.7,15000,7224
1,2025-05-27,1,22,5,0,1,Minor,35.5,4.7,15000,6151
1,2025-05-27,1,23,5,0,0,None,27.9,0.0,15000,2830
1,2025-05-27,1,23,5,0,0,None,35.0,0.8,15000,2608
1,2025-05-28,2,0,5,0,0,None,35.2,0.0,15000,707
1,2025-05-28,2,1,5,0,0,None,26.1,2.6,15000,317
1,2025-05-28,2,2,5,0,0,None,23.6,2.6,15000,335
1,2025-05-28,2,2,5,0,0,None,21.6,0.2,15000,920
1,2025-05-28,2,3,5,0,0,None,32.7,0.0,15000,674
1,2025-05-28,2,4,5,0,0,None,24.5,2.0,15000,545
1,2025-05-28,2,4,5,0,0,None,22.7,0.3,15000,385
1,2025-05-28,2,5,5,0,0,None,30.7,0.8,15000,1144
1,2025-05-28,2,6,5,0,0,None,21.3,0.8,15000,2059
1,2025-05-28,2,7,5,0,0,None,26.9,0.5,15000,3759
1,2025-05-28,2,7,5,0,0,None,25.2,0.0,15000,3849
1,2025-05-28,2,8,5,0,0,None,34.9,0.7,15000,5500
1,2025-05-28,2,9,5,0,0,None,25.6,1.1,15000,6541
1,2025-05-28,2,10,5,0,1,Minor,24.0,0.5,15000,10409
1,2025-05-28,2,10,5,0,0,None,24.9,2.8,15000,7001
1,2025-05-28,2,11,5,0,0,None,27.7,1.6,15000,6590
1,2025-05-28,2,12,5,0,0,None,30.5,0.0,15000,5331
1,2025-05-28,2,12,5,0,0,None,27.0,0.2,15000,5300
1,2025-05-28,2,13,5,0,0,None,26.2,0.2,15000,4153
1,2025-05-28,2,14,5,0,0,None,22.0,0.0,15000,3680
1,2025-05-28,2,15,5,0,0,None,27.1,0.0,15000,4550
1,2025-05-28,2,15,5,0,0,None,20.4,0.7,15000,4228
1,2025-05-28,2,16,5,0,0,None,37.7,1.1,15000,4795
1,2025-05-28,2,17,5,0,0,None,34.5,0.6,15000,7268
1,2025-05-28,2,18,5,0,0,None,22.8,0.0,15000,9385
1,2025-05-28,2,18,5,0,0,None,19.8,2.9,15000,9118
1,2025-05-28,2,19,5,0,0,None,21.4,0.5,15000,9946
1,2025-05-28,2,20,5,0,0,None,19.3,0.0,15000,9289
1,2025-05-28,2,21,5,0,0,None,20.1,0.0,15000,7420
1,2025-05-28,2,21,5,0,0,None,16.5,1.2,15000,7149
1,2025-05-28,2,22,5,0,0,None,20.8,0.3,15000,4386
1,2025-05-28,2,23,5,0,0,None,21.6,0.0,15000,2647
1,2025-05-28,2,23,5,0,0,None,22.7,0.9,15000,2363
1,2025-05-29,3,0,5,0,1,Minor,34.8,0.0,15000,908
1,2025-05-29,3,1,5,0,1,Minor,29.3,0.0,15000,1047
1,2025-05-29,3,2,5,0,0,None,29.9,0.5,15000,204
1,2025-05-29,3,2,5,0,0,None,23.0,1.2,15000,425
1,2025-05-29,3,3,5,0,0,None,31.4,3.1,15000,668
1,2025-05-29,3,4,5,0,0,None,19.8,1.4,15000,928
1,2025-05-29,3,5,5,0,0,None,29.1,0.0,15000,798
1,2025-05-29,3,5,5,0,0,None,21.4,2.3,15000,1112
1,2025-05-29,3,6,5,0,0,None,31.1,2.5,15000,2251
1,2025-05-29,3,7,5,0,0,None,29.2,0.0,15000,3519
1,2025-05-29,3,7,5,0,0,None,31.7,0.0,15000,3725
1,2025-05-29,3,8,5,0,0,None,28.4,0.0,15000,5243
1,2025-05-29,3,9,5,0,0,None,27.6,1.0,15000,6414
1,2025-05-29,3,10,5,0,1,Minor,22.7,1.3,15000,10394
1,2025-05-29,3,10,5,0,0,None,21.2,0.0,15000,7253
1,2025-05-29,3,11,5,0,0,None,37.2,1.6,15000,5929
1,2025-05-29,3,12,5,0,0,None,38.0,2.9,15000,4731
1,2025-05-29,3,13,5,0,0,None,18.3,6.6,15000,3895
1,2025-05-29,3,13,5,0,0,None,33.7,0.2,15000,3928
1,2025-05-29,3,14,5,0,0,None,33.6,1.8,15000,3787
1,2025-05-29,3,15,5,0,0,None,30.6,0.2,15000,4480
1,2025-05-29,3,16,5,0,1,Minor,27.0,0.0,15000,8341
1,2025-05-29,3,16,5,0,1,Minor,29.4,1.1,15000,8001
1,2025-05-29,3,17,5,0,0,None,24.6,1.5,15000,7535
1,2025-05-29,3,18,5,0,0,None,23.3,0.1,15000,9358
1,2025-05-29,3,18,5,0,0,None,22.6,0.8,15000,9446
1,2025-05-29,3,19,5,0,1,Minor,28.7,0.0,15000,14501
1,2025-05-29,3,20,5,0,0,None,36.7,0.0,15000,9151
1,2025-05-29,3,21,5,0,0,None,32.2,0.6,15000,7539
1,2025-05-29,3,21,5,0,0,None,25.1,2.4,15000,7200
1,2025-05-29,3,22,5,0,0,None,25.4,1.4,15000,4481
1,2025-05-29,3,23,5,0,0,None,25.5,0.2,15000,2663
1,2025-05-30,4,0,5,0,0,None,20.7,0.0,15000,947
1,2025-05-30,4,0,5,0,0,None,18.4,1.3,15000,715
1,2025-05-30,4,1,5,0,1,Minor,28.2,0.0,15000,942
1,2025-05-30,4,2,5,0,0,None,31.5,1.4,15000,182
1,2025-05-30,4,2,5,0,0,None,30.9,0.4,15000,705
1,2025-05-30,4,3,5,0,0,None,24.2,2.6,15000,509
1,2025-05-30,4,4,5,0,0,None,29.6,2.4,15000,636
1,2025-05-30,4,5,5,0,0,None,20.7,3.7,15000,1157
1,2025-05-30,4,5,5,0,0,None,29.8,0.0,15000,1007
1,2025-05-30,4,6,5,0,0,None,15.0,0.0,15000,2460
1,2025-05-30,4,7,5,0,0,None,31.6,0.0,15000,3562
1,2025-05-30,4,8,5,0,0,None,21.8,0.0,15000,5266
1,2025-05-30,4,8,5,0,0,None,23.2,0.0,15000,5015
1,2025-05-30,4,9,5,0,0,None,23.0,0.5,15000,6518
1,2025-05-30,4,10,5,0,0,None,29.9,0.0,15000,7218
1,2025-05-30,4,10,5,0,0,None,31.5,0.5,15000,7548
1,2025-05-30,4,11,5,0,1,Major,27.9,0.0,15000,13295
1,2025-05-30,4,12,5,0,1,Major,27.7,0.7,15000,10302
1,2025-05-30,4,13,5,0,0,None,28.6,0.5,15000,3956
1,2025-05-30,4,13,5,0,1,Major,26.3,2.4,15000,8587
1,2025-05-30,4,14,5,0,0,None,28.3,0.3,15000,3971
1,2025-05-30,4,15,5,0,0,None,29.2,0.0,15000,4446
1,2025-05-30,4,16,5,0,0,None,22.8,0.3,15000,5775
1,2025-05-30,4,16,5,0,0,None,29.1,0.7,15000,5697
1,2025-05-30,4,17,5,0,0,None,27.9,3.8,15000,7492
1,2025-05-30,4,18,5,0,0,None,29.3,0.1,15000,9184
1,2025-05-30,4,19,5,0,0,None,26.6,0.9,15000,10041
1,2025-05-30,4,19,5,0,0,None,29.6,0.7,15000,10067
1,2025-05-30,4,20,5,0,0,None,21.7,0.3,15000,9168
1,2025-05-30,4,21,5,0,0,None,29.9,0.2,15000,7022
1,2025-05-30,4,21,5,0,0,None,27.4,0.9,15000,7158
1,2025-05-30,4,22,5,0,0,None,31.5,2.4,15000,4817
1,2025-05-30,4,23,5,0,0,None,30.5,1.3,15000,2428
1,2025-05-31,5,0,5,1,0,None,30.5,4.1,15000,973
1,2025-05-31,5,0,5,1,0,None,23.0,0.0,15000,702
1,2025-05-31,5,1,5,1,0,None,25.4,0.8,15000,921
1,2025-05-31,5,2,5,1,0,None,24.0,0.0,15000,736
1,2025-05-31,5,3,5,1,0,None,26.6,2.1,15000,866
1,2025-05-31,5,3,5,1,0,None,23.7,1.4,15000,763
1,2025-05-31,5,4,5,1,0,None,25.4,0.2,15000,798
1,2025-05-31,5,5,5,1,0,None,28.1,1.1,15000,1433
1,2025-05-31,5,5,5,1,0,None,23.6,0.7,15000,1634
1,2025-05-31,5,6,5,1,0,None,34.6,1.2,15000,3089
1,2025-05-31,5,7,5,1,0,None,29.5,0.0,15000,4651
1,2025-05-31,5,8,5,1,0,None,25.8,1.9,15000,6389
1,2025-05-31,5,8,5,1,0,None,37.0,0.2,15000,5735
1,2025-05-31,5,9,5,1,0,None,35.0,0.4,15000,8239
1,2025-05-31,5,10,5,1,0,None,22.1,0.3,15000,9576
1,2025-05-31,5,11,5,1,0,None,32.0,1.1,15000,8470
1,2025-05-31,5,11,5,1,0,None,19.4,4.6,15000,7369
1,2025-05-31,5,12,5,1,0,None,20.8,0.1,15000,6821
1,2025-05-31,5,13,5,1,0,None,25.7,0.5,15000,5845
1,2025-05-31,5,14,5,1,0,None,25.8,1.4,15000,4892
1,2025-05-31,5,14,5,1,0,None,20.9,0.2,15000,5079
1,2025-05-31,5,15,5,1,0,None,27.0,6.2,15000,5030
1,2025-05-31,5,16,5,1,0,None,27.2,0.0,15000,6894
1,2025-05-31,5,16,5,1,0,None,29.9,0.7,15000,7314
1,2025-05-31,5,17,5,1,0,None,29.1,4.1,15000,8589
1,2025-05-31,5,18,5,1,0,None,27.1,1.1,15000,11386
1,2025-05-31,5,19,5,1,0,None,27.0,0.0,15000,12788
1,2025-05-31,5,19,5,1,0,None,29.2,0.0,15000,12634
1,2025-05-31,5,20,5,1,0,None,38.2,0.1,15000,10488
1,2025-05-31,5,21,5,1,0,None,26.1,0.2,15000,9315
1,2025-05-31,5,22,5,1,0,None,25.0,0.0,15000,5873
1,2025-05-31,5,22,5,1,0,None,19.8,0.0,15000,6062
1,2025-05-31,5,23,5,1,0,None,30.4,0.3,15000,2994
1,2025-06-01,6,0,6,1,1,Minor,35.5,1.9,15000,974
1,2025-06-01,6,0,6,1,0,None,23.4,0.3,15000,961
1,2025-06-01,6,1,6,1,0,None,35.5,1.0,15000,786
1,2025-06-01,6,2,6,1,0,None,30.5,2.2,15000,500
1,2025-06-01,6,3,6,1,0,None,28.0,1.4,15000,628
1,2025-06-01,6,3,6,1,0,None,16.9,0.4,15000,882
1,2025-06-01,6,4,6,1,0,None,31.7,1.4,15000,682
1,2025-06-01,6,5,6,1,0,None,28.6,0.0,15000,1473
1,2025-06-01,6,6,6,1,0,None,26.5,0.0,15000,2981
1,2025-06-01,6,6,6,1,0,None,34.9,6.7,15000,2448
1,2025-06-01,6,7,6,1,0,None,28.8,2.3,15000,4704
1,2025-06-01,6,8,6,1,1,Minor,26.2,2.7,15000,9773
1,2025-06-01,6,8,6,1,1,Minor,31.9,6.5,15000,8655
1,2025-06-01,6,9,6,1,0,None,32.1,0.1,15000,7945
1,2025-06-01,6,10,6,1,0,None,23.0,0.6,15000,9086
1,2025-06-01,6,11,6,1,0,None,26.3,0.0,15000,8407
1,2025-06-01,6,11,6,1,1,Minor,33.9,0.6,15000,11932
1,2025-06-01,6,12,6,1,0,None,33.3,1.7,15000,6477
1,2025-06-01,6,13,6,1,0,None,25.8,0.0,15000,5412
1,2025-06-01,6,14,6,1,0,None,26.3,0.0,15000,4646
1,2025-06-01,6,14,6,1,0,None,27.3,0.0,15000,4784
1,2025-06-01,6,15,6,1,1,Major,28.9,0.0,15000,11412
1,2025-06-01,6,16,6,1,0,None,24.2,0.3,15000,7592
1,2025-06-01,6,17,6,1,0,None,24.1,0.1,15000,9212
1,2025-06-01,6,17,6,1,0,None,32.3,4.5,15000,8484
1,2025-06-01,6,18,6,1,1,Major,33.8,2.6,15000,15000
1,2025-06-01,6,19,6,1,0,None,26.0,0.0,15000,12802
1,2025-06-01,6,19,6,1,0,None,18.9,0.2,15000,12412
1,2025-06-01,6,20,6,1,0,None,31.8,2.4,15000,11835
1,2025-06-01,6,21,6,1,0,None,34.8,1.1,15000,9159
1,2025-06-01,6,22,6,1,0,None,25.6,0.0,15000,5928
1,2025-06-01,6,22,6,1,0,None,30.9,3.3,15000,5775
1,2025-06-01,6,23,6,1,0,None,24.0,0.1,15000,3485
1,2025-06-02,0,0,6,0,0,None,26.5,0.0,15000,960
1,2025-06-02,0,1,6,0,0,None,27.4,1.0,15000,852
1,2025-06-02,0,1,6,0,0,None,28.2,0.0,15000,1166
1,2025-06-02,0,2,6,0,0,None,25.8,0.0,15000,752
1,2025-06-02,0,3,6,0,1,Minor,15.0,0.9,15000,382
1,2025-06-02,0,3,6,0,0,None,27.1,2.4,15000,290
1,2025-06-02,0,4,6,0,0,None,31.1,1.3,15000,999
1,2025-06-02,0,5,6,0,0,None,27.8,1.9,15000,1303
1,2025-06-02,0,6,6,0,0,None,31.2,0.2,15000,2328
1,2025-06-02,0,6,6,0,0,None,23.6,1.2,15000,2248
1,2025-06-02,0,7,6,0,1,Minor,29.8,0.0,15000,5030
1,2025-06-02,0,8,6,0,0,None,28.6,1.7,15000,5370
1,2025-06-02,0,9,6,0,0,None,30.3,0.0,15000,6417
1,2025-06-02,0,9,6,0,0,None,35.7,0.0,15000,6585
1,2025-06-02,0,10,6,0,0,None,18.9,1.4,15000,7420
1,2025-06-02,0,11,6,0,0,None,24.2,0.8,15000,6524
1,2025-06-02,0,11,6,0,0,None,24.5,0.0,15000,6428
1,2025-06-02,0,12,6,0,1,Minor,34.8,0.6,15000,7589
1,2025-06-02,0,13,6,0,0,None,26.1,0.7,15000,4112
1,2025-06-02,0,14,6,0,0,None,32.4,0.9,15000,3966
1,2025-06-02,0,14,6,0,1,Minor,32.4,5.6,15000,5018
1,2025-06-02,0,15,6,0,0,None,27.8,2.0,15000,4755
1,2025-06-02,0,16,6,0,0,None,29.7,0.0,15000,5837
1,2025-06-02,0,17,6,0,0,None,31.8,0.0,15000,7532
1,2025-06-02,0,17,6,0,0,None,32.1,0.0,15000,7257
1,2025-06-02,0,18,6,0,0,None,22.8,0.9,15000,9152
1,2025-06-02,0,19,6,0,0,None,24.4,2.4,15000,10200
1,2025-06-02,0,20,6,0,0,None,26.2,0.1,15000,9169
1,2025-06-02,0,20,6,0,0,None,35.5,0.7,15000,9151
1,2025-06-02,0,21,6,0,0,None,26.4,1.1,15000,7322
1,2025-06-02,0,22,6,0,0,None,21.7,0.3,15000,4489
1,2025-06-02,0,22,6,0,0,None,37.6,0.4,15000,4127
1,2025-06-02,0,23,6,0,0,None,27.8,2.2,15000,2607
1,2025-06-03,1,0,6,0,0,None,25.5,0.2,15000,840
1,2025-06-03,1,1,6,0,0,None,18.6,0.8,15000,730
1,2025-06-03,1,1,6,0,0,None,28.8,0.0,15000,772
1,2025-06-03,1,2,6,0,0,None,25.3,0.5,15000,691
1,2025-06-03,1,3,6,0,0,None,20.4,0.4,15000,325
1,2025-06-03,1,4,6,0,0,None,25.6,0.0,15000,675
1,2025-06-03,1,4,6,0,0,None,27.5,1.5,15000,787
1,2025-06-03,1,5,6,0,1,Minor,21.1,0.2,15000,1825
1,2025-06-03,1,6,6,0,0,None,34.9,4.2,15000,2062
1,2025-06-03,1,6,6,0,0,None,31.8,1.3,15000,2016
1,2025-06-03,1,7,6,0,0,None,23.7,0.0,15000,3740
1,2025-06-03,1,8,6,0,0,None,26.0,0.9,15000,5230
1,2025-06-03,1,9,6,0,1,Major,25.5,0.0,15000,12857
1,2025-06-03,1,9,6,0,0,None,29.0,0.0,15000,6600
1,2025-06-03,1,10,6,0,0,None,24.1,0.5,15000,7048
1,2025-06-03,1,11,6,0,0,None,25.6,2.7,15000,6499
1,2025-06-03,1,12,6,0,0,None,17.9,1.5,15000,5241
1,2025-06-03,1,12,6,0,0,None,31.0,0.3,15000,5074
1,2025-06-03,1,13,6,0,0,None,33.4,0.0,15000,4450
1,2025-06-03,1,14,6,0,0,None,24.2,1.3,15000,3566
1,2025-06-03,1,14,6,0,0,None,25.1,0.0,15000,3709
1,2025-06-03,1,15,6,0,0,None,23.3,1.3,15000,4372
1,2025-06-03,1,16,6,0,0,None,22.8,2.2,15000,5627
1,2025-06-03,1,17,6,0,0,None,30.2,1.8,15000,7230
1,2025-06-03,1,17,6,0,0,None,25.8,0.5,15000,7036
1,2025-06-03,1,18,6,0,0,None,27.5,0.0,15000,9133
1,2025-06-03,1,19,6,0,0,None,23.0,0.1,15000,10076
1,2025-06-03,1,20,6,0,0,None,19.8,0.0,15000,9361
1,2025-06-03,1,20,6,0,0,None,17.1,0.8,15000,9402
1,2025-06-03,1,21,6,0,1,Minor,27.7,0.0,15000,10233
1,2025-06-03,1,22,6,0,0,None,29.1,0.2,15000,4545
1,2025-06-03,1,23,6,0,0,None,27.0,1.2,15000,2786
1,2025-06-03,1,23,6,0,0,None,34.2,0.7,15000,2592
1,2025-06-04,2,0,6,0,0,None,32.9,0.0,15000,460
1,2025-06-04,2,1,6,0,0,None,32.9,0.5,15000,544
1,2025-06-04,2,1,6,0,0,None,26.9,2.4,15000,531
1,2025-06-04,2,2,6,0,0,None,26.7,1.1,15000,416
1,2025-06-04,2,3,6,0,0,None,37.0,0.0,15000,355
1,2025-06-04,2,4,6,0,0,None,25.4,0.9,15000,504
1,2025-06-04,2,4,6,0,0,None,30.4,0.1,15000,859
1,2025-06-04,2,5,6,0,1,Minor,29.2,1.9,15000,1677
1,2025-06-04,2,6,6,0,0,None,27.3,0.9,15000,2056
1,2025-06-04,2,7,6,0,0,None,33.2,0.1,15000,3718
1,2025-06-04,2,7,6,0,0,None,23.5,0.1,15000,3553
1,2025-06-04,2,8,6,0,0,None,24.1,0.0,15000,5128
1,2025-06-04,2,9,6,0,0,None,20.4,1.8,15000,6536
1,2025-06-04,2,9,6,0,0,None,25.6,0.2,15000,6582
1,2025-06-04,2,10,6,0,0,None,19.8,0.2,15000,7269
1,2025-06-04,2,11,6,0,0,None,33.7,0.3,15000,6691
1,2025-06-04,2,12,6,0,0,None,35.7,1.9,15000,5090
1,2025-06-04,2,12,6,0,0,None,16.4,0.0,15000,5154
1,2025-06-04,2,13,6,0,0,None,32.0,1.1,15000,4188
1,2025-06-04,2,14,6,0,0,None,27.8,2.3,15000,3907
1,2025-06-04,2,15,6,0,0,None,33.5,0.0,15000,4508
1,2025-06-04,2,15,6,0,0,None,29.9,0.1,15000,4488
1,2025-06-04,2,16,6,0,0,None,32.4,0.3,15000,5441
1,2025-06-04,2,17,6,0,0,None,21.2,0.0,15000,7347
1,2025-06-04,2,18,6,0,1,Minor,32.2,0.0,15000,13258
1,2025-06-04,2,18,6,0,1,Minor,35.4,0.0,15000,13140
1,2025-06-04,2,19,6,0,0,None,24.4,0.0,15000,9748
1,2025-06-04,2,20,6,0,0,None,30.6,0.0,15000,9566
1,2025-06-04,2,20,6,0,0,None,30.7,0.0,15000,9292
1,2025-06-04,2,21,6,0,0,None,22.6,2.4,15000,7330
1,2025-06-04,2,22,6,0,0,None,22.7,0.0,15000,4778
1,2025-06-04,2,23,6,0,0,None,27.0,0.2,15000,2137
1,2025-06-04,2,23,6,0,0,None,26.1,0.9,15000,2499
1,2025-06-05,3,0,6,0,0,None,23.5,0.0,15000,751
1,2025-06-05,3,1,6,0,0,None,26.5,0.0,15000,726
1,2025-06-05,3,2,6,0,0,None,27.8,0.0,15000,363
1,2025-06-05,3,2,6,0,0,None,32.9,0.1,15000,408
1,2025-06-05,3,3,6,0,0,None,24.5,1.5,15000,802
1,2025-06-05,3,4,6,0,0,None,27.6,3.7,15000,228
1,2025-06-05,3,4,6,0,0,None,31.5,0.1,15000,693
1,2025-06-05,3,5,6,0,0,None,23.1,2.1,15000,1182
1,2025-06-05,3,6,6,0,0,None,26.5,0.0,15000,2021
1,2025-06-05,3,7,6,0,0,None,25.4,0.0,15000,3516
1,2025-06-05,3,7,6,0,0,None,27.2,0.0,15000,3794
1,2025-06-05,3,8,6,0,0,None,25.2,0.0,15000,5253
1,2025-06-05,3,9,6,0,0,None,29.8,0.5,15000,6770
1,2025-06-05,3,10,6,0,0,None,27.9,0.0,15000,7187
1,2025-06-05,3,10,6,0,0,None,22.0,0.4,15000,7238
1,2025-06-05,3,11,6,0,0,None,32.3,0.0,15000,6557
1,2025-06-05,3,12,6,0,0,None,38.2,0.0,15000,4535
1,2025-06-05,3,12,6,0,0,None,24.6,0.0,15000,5152
1,2025-06-05,3,13,6,0,0,None,27.2,0.3,15000,4320
1,2025-06-05,3,14,6,0,0,None,26.6,0.8,15000,3583
1,2025-06-05,3,15,6,0,1,Minor,24.3,0.0,15000,6432
1,2025-06-05,3,15,6,0,0,None,28.0,0.9,15000,4487
1,2025-06-05,3,16,6,0,0,None,31.3,0.2,15000,5333
1,2025-06-05,3,17,6,0,0,None,23.2,0.0,15000,7470
1,2025-06-05,3,18,6,0,0,None,32.9,0.2,15000,9361
1,2025-06-05,3,18,6,0,0,None,32.5,0.5,15000,9256
1,2025-06-05,3,19,6,0,0,None,26.5,1.7,15000,10096
1,2025-06-05,3,20,6,0,0,None,23.6,0.6,15000,9303
1,2025-06-05,3,21,6,0,0,None,30.4,0.0,15000,7318
1,2025-06-05,3,21,6,0,0,None,23.3,0.6,15000,7004
1,2025-06-05,3,22,6,0,0,None,17.6,0.0,15000,5035
1,2025-06-05,3,23,6,0,1,Minor,19.4,0.0,15000,3694
1,2025-06-05,3,23,6,0,1,Major,25.7,5.7,15000,4410
1,2025-06-06,4,0,6,0,0,None,23.1,0.5,15000,886
1,2025-06-06,4,1,6,0,1,Minor,29.3,0.0,15000,1131
1,2025-06-06,4,2,6,0,0,None,31.0,2.6,15000,516
1,2025-06-06,4,2,6,0,0,None,27.0,0.0,15000,556
1,2025-06-06,4,3,6,0,0,None,31.5,1.8,15000,331
1,2025-06-06,4,4,6,0,0,None,23.6,0.2,15000,422
1,2025-06-06,4,5,6,0,0,None,26.1,0.5,15000,975
1,2025-06-06,4,5,6,0,0,None,27.4,0.0,15000,1439
1,2025-06-06,4,6,6,0,0,None,23.9,0.8,15000,2385
1,2025-06-06,4,7,6,0,0,None,30.4,2.5,15000,3553
1,2025-06-06,4,7,6,0,0,None,30.9,3.4,15000,3680
1,2025-06-06,4,8,6,0,0,None,16.9,0.0,15000,5465
1,2025-06-06,4,9,6,0,0,None,30.0,2.3,15000,6602
1,2025-06-06,4,10,6,0,1,Minor,22.1,0.0,15000,10452
1,2025-06-06,4,10,6,0,0,None,35.1,0.0,15000,7196
1,2025-06-06,4,11,6,0,0,None,22.9,0.1,15000,6670
1,2025-06-06,4,12,6,0,1,Minor,28.0,1.7,15000,7551
1,2025-06-06,4,13,6,0,0,None,27.7,0.6,15000,4323
1,2025-06-06,4,13,6,0,0,None,33.1,0.0,15000,4234
1,2025-06-06,4,14,6,0,1,Minor,33.1,1.6,15000,5320
1,2025-06-06,4,15,6,0,0,None,30.4,0.0,15000,4508
1,2025-06-06,4,16,6,0,1,Minor,24.0,0.0,15000,8014
1,2025-06-06,4,16,6,0,0,None,31.4,0.0,15000,5550
1,2025-06-06,4,17,6,0,0,None,31.4,0.5,15000,7458
1,2025-06-06,4,18,6,0,0,None,25.0,0.0,15000,9239
1,2025-06-06,4,18,6,0,0,None,35.6,2.8,15000,9382
1,2025-06-06,4,19,6,0,0,None,24.7,0.1,15000,9692
1,2025-06-06,4,20,6,0,0,None,33.4,1.7,15000,9425
1,2025-06-06,4,21,6,0,0,None,28.4,0.0,15000,7192
1,2025-06-06,4,21,6,0,0,None,33.7,0.4,15000,7225
1,2025-06-06,4,22,6,0,0,None,27.7,1.4,15000,4747
1,2025-06-06,4,23,6,0,1,Minor,29.9,0.1,15000,3950
1,2025-06-07,5,0,6,1,1,Minor,26.9,0.0,15000,1068
1,2025-06-07,5,0,6,1,0,None,40.2,0.0,15000,947
1,2025-06-07,5,1,6,1,0,None,26.7,1.9,15000,936
1,2025-06-07,5,2,6,1,0,None,39.6,0.3,15000,440
1,2025-06-07,5,2,6,1,0,None,23.1,6.3,15000,426
1,2025-06-07,5,3,6,1,1,Major,31.5,0.9,15000,1341
1,2025-06-07,5,4,6,1,0,None,36.5,3.7,15000,589
1,2025-06-07,5,5,6,1,0,None,32.9,0.0,15000,1505
1,2025-06-07,5,5,6,1,0,None,24.7,0.9,15000,1442
1,2025-06-07,5,6,6,1,0,None,24.5,0.2,15000,2562
1,2025-06-07,5,7,6,1,0,None,25.3,2.5,15000,4795
1,2025-06-07,5,8,6,1,0,None,27.8,0.2,15000,6667
1,2025-06-07,5,8,6,1,0,None,21.8,0.6,15000,6492
1,2025-06-07,5,9,6,1,0,None,30.6,2.5,15000,8306
1,2025-06-07,5,10,6,1,0,None,35.5,0.5,15000,9006
1,2025-06-07,5,10,6,1,1,Minor,37.2,0.0,15000,11566
1,2025-06-07,5,11,6,1,0,None,29.0,1.0,15000,8076
1,2025-06-07,5,12,6,1,0,None,27.0,0.7,15000,6521
1,2025-06-07,5,13,6,1,1,Major,26.8,0.1,15000,10996
1,2025-06-07,5,13,6,1,0,None,21.8,2.0,15000,5332
1,2025-06-07,5,14,6,1,0,None,30.1,0.8,15000,4862
1,2025-06-07,5,15,6,1,0,None,25.3,0.8,15000,5623
1,2025-06-07,5,16,6,1,0,None,26.5,2.6,15000,6990
1,2025-06-07,5,16,6,1,0,None,16.5,1.6,15000,6789
1,2025-06-07,5,17,6,1,0,None,23.6,0.0,15000,9706
1,2025-06-07,5,18,6,1,0,None,32.9,3.6,15000,11834
1,2025-06-07,5,19,6,1,0,None,30.2,0.0,15000,13191
1,2025-06-07,5,19,6,1,0,None,30.1,0.1,15000,12811
1,2025-06-07,5,20,6,1,0,None,19.0,0.0,15000,11951
1,2025-06-07,5,21,6,1,0,None,25.0,0.3,15000,9208
1,2025-06-07,5,21,6,1,0,None,32.8,0.0,15000,9352
1,2025-06-07,5,22,6,1,0,None,29.9,0.0,15000,5959
1,2025-06-07,5,23,6,1,0,None,29.1,1.7,15000,3666
1,2025-06-08,6,0,6,1,0,None,33.2,0.5,15000,929
1,2025-06-08,6,0,6,1,0,None,27.4,1.9,15000,1080
1,2025-06-08,6,1,6,1,0,None,26.5,1.4,15000,1158
1,2025-06-08,6,2,6,1,0,None,27.0,0.3,15000,695
1,2025-06-08,6,3,6,1,0,None,32.4,0.0,15000,627
1,2025-06-08,6,3,6,1,0,None,21.4,0.0,15000,516
1,2025-06-08,6,4,6,1,1,Minor,23.5,1.1,15000,1292
1,2025-06-08,6,5,6,1,0,None,28.0,4.0,15000,1100
1,2025-06-08,6,5,6,1,0,None,34.7,1.2,15000,1527
1,2025-06-08,6,6,6,1,0,None,29.1,0.0,15000,2754
1,2025-06-08,6,7,6,1,0,None,28.8,3.6,15000,4574
1,2025-06-08,6,8,6,1,0,None,25.5,5.7,15000,5594
1,2025-06-08,6,8,6,1,0,None,36.2,3.7,15000,6742
1,2025-06-08,6,9,6,1,0,None,23.4,0.0,15000,8137
1,2025-06-08,6,10,6,1,0,None,24.2,2.2,15000,9081
1,2025-06-08,6,11,6,1,0,None,17.1,0.0,15000,8681
1,2025-06-08,6,11,6,1,0,None,31.4,0.1,15000,8410
1,2025-06-08,6,12,6,1,0,None,30.5,1.5,15000,6792
1,2025-06-08,6,13,6,1,0,None,24.9,1.7,15000,5741
1,2025-06-08,6,13,6,1,0,None,22.2,0.0,15000,5309
1,2025-06-08,6,14,6,1,0,None,32.8,0.0,15000,4916
1,2025-06-08,6,15,6,1,0,None,23.2,0.0,15000,5634
1,2025-06-08,6,16,6,1,0,None,26.6,0.0,15000,7133
1,2025-06-08,6,16,6,1,0,None,23.2,1.0,15000,7028
1,2025-06-08,6,17,6,1,0,None,31.7,0.1,15000,9420
1,2025-06-08,6,18,6,1,0,None,32.1,0.1,15000,11359
1,2025-06-08,6,19,6,1,0,None,30.9,0.1,15000,12616
1,2025-06-08,6,19,6,1,0,None,36.3,0.0,15000,12903
1,2025-06-08,6,20,6,1,0,None,22.3,4.0,15000,10615
1,2025-06-08,6,21,6,1,0,None,21.0,0.5,15000,9185
1,2025-06-08,6,22,6,1,0,None,17.4,1.1,15000,5749
1,2025-06-08,6,22,6,1,0,None,24.3,0.3,15000,6193
1,2025-06-08,6,23,6,1,0,None,19.6,0.2,15000,3373
1,2025-06-09,0,0,6,0,0,None,18.5,1.2,15000,973
1,2025-06-09,0,0,6,0,0,None,24.8,0.0,15000,651
1,2025-06-09,0,1,6,0,0,None,34.1,1.3,15000,1207
1,2025-06-09,0,2,6,0,0,None,26.2,0.0,15000,579
1,2025-06-09,0,3,6,0,0,None,24.6,1.2,15000,716
1,2025-06-09,0,3,6,0,0,None,29.5,0.9,15000,609
1,2025-06-09,0,4,6,0,0,None,26.7,0.0,15000,763
1,2025-06-09,0,5,6,0,0,None,26.7,0.7,15000,1179
1,2025-06-09,0,6,6,0,0,None,31.7,0.3,15000,2297
1,2025-06-09,0,6,6,0,0,None,24.4,0.0,15000,2370
1,2025-06-09,0,7,6,0,0,None,29.2,0.1,15000,3675
1,2025-06-09,0,8,6,0,0,None,26.5,7.7,15000,4372
1,2025-06-09,0,8,6,0,0,None,31.3,0.0,15000,5440
1,2025-06-09,0,9,6,0,0,None,23.3,0.3,15000,6425
1,2025-06-09,0,10,6,0,1,Minor,23.2,1.9,15000,10191
1,2025-06-09,0,11,6,0,0,None,35.5,0.6,15000,6522
1,2025-06-09,0,11,6,0,0,None,31.6,0.8,15000,6805
1,2025-06-09,0,12,6,0,0,None,22.1,2.0,15000,5478
1,2025-06-09,0,13,6,0,0,None,25.4,0.0,15000,4443
1,2025-06-09,0,14,6,0,0,None,32.8,0.3,15000,3717
1,2025-06-09,0,14,6,0,0,None,22.0,0.2,15000,3680
1,2025-06-09,0,15,6,0,0,None,31.6,4.9,15000,4201
1,2025-06-09,0,16,6,0,0,None,26.2,0.0,15000,5529
1,2025-06-09,0,16,6,0,0,None,40.2,1.2,15000,5048
1,2025-06-09,0,17,6,0,0,None,20.9,0.0,15000,7254
1,2025-06-09,0,18,6,0,0,None,19.5,1.1,15000,9152
1,2025-06-09,0,19,6,0,0,None,26.7,2.3,15000,9950
1,2025-06-09,0,19,6,0,0,None,20.7,0.0,15000,9860
1,2025-06-09,0,20,6,0,1,Minor,26.7,1.4,15000,13480
1,2025-06-09,0,21,6,0,1,Minor,30.4,0.2,15000,10122
1,2025-06-09,0,22,6,0,0,None,31.3,4.0,15000,4018
1,2025-06-09,0,22,6,0,0,None,28.6,1.4,15000,4981
1,2025-06-09,0,23,6,0,0,None,26.4,0.0,15000,2765
1,2025-06-10,1,0,6,0,0,None,39.3,0.0,15000,712
1,2025-06-10,1,1,6,0,0,None,38.0,0.0,15000,385
1,2025-06-10,1,1,6,0,0,None,28.8,0.4,15000,549
1,2025-06-10,1,2,6,0,0,None,27.5,0.0,15000,455
1,2025-06-10,1,3,6,0,0,None,17.9,0.9,15000,552
1,2025-06-10,1,3,6,0,0,None,24.2,4.9,15000,606
1,2025-06-10,1,4,6,0,0,None,33.4,0.9,15000,553
1,2025-06-10,1,5,6,0,0,None,20.4,0.7,15000,1056
1,2025-06-10,1,6,6,0,0,None,22.0,0.2,15000,2082
1,2025-06-10,1,6,6,0,0,None,26.3,0.2,15000,2348
1,2025-06-10,1,7,6,0,0,None,34.1,0.4,15000,3787
1,2025-06-10,1,8,6,0,1,Minor,36.8,0.3,15000,7325
1,2025-06-10,1,9,6,0,0,None,26.6,1.6,15000,6355
1,2025-06-10,1,9,6,0,1,Major,31.9,0.0,15000,13037
1,2025-06-10,1,10,6,0,0,None,23.3,0.0,15000,7349
1,2025-06-10,1,11,6,0,0,None,31.8,0.8,15000,6550
1,2025-06-10,1,11,6,0,0,None,30.1,0.0,15000,6608
1,2025-06-10,1,12,6,0,0,None,25.5,0.3,15000,5150
1,2025-06-10,1,13,6,0,1,Minor,24.0,0.0,15000,6275
1,2025-06-10,1,14,6,0,0,None,26.6,0.1,15000,3897
1,2025-06-10,1,14,6,0,0,None,15.7,0.2,15000,3904
1,2025-06-10,1,15,6,0,0,None,15.0,0.0,15000,4501
1,2025-06-10,1,16,6,0,0,None,27.5,0.0,15000,5245
1,2025-06-10,1,17,6,0,0,None,27.3,0.0,15000,7516
1,2025-06-10,1,17,6,0,0,None,27.2,1.3,15000,7386
1,2025-06-10,1,18,6,0,0,None,24.9,1.2,15000,9141
1,2025-06-10,1,19,6,0,0,None,29.3,0.4,15000,9969
1,2025-06-10,1,20,6,0,0,None,26.8,0.0,15000,9141
1,2025-06-10,1,20,6,0,0,None,31.3,0.0,15000,9148
1,2025-06-10,1,21,6,0,0,None,28.3,0.0,15000,7189
1,2025-06-10,1,22,6,0,1,Minor,22.9,1.1,15000,7011
1,2025-06-10,1,22,6,0,0,None,18.5,0.3,15000,4647
1,2025-06-10,1,23,6,0,0,None,27.5,2.8,15000,2788
1,2025-06-11,2,0,6,0,0,None,30.0,0.8,15000,551
1,2025-06-11,2,1,6,0,1,Minor,19.0,1.3,15000,1116
1,2025-06-11,2,1,6,0,0,None,33.6,0.0,15000,730
1,2025-06-11,2,2,6,0,0,None,23.6,0.6,15000,382
1,2025-06-11,2,3,6,0,0,None,19.2,0.8,15000,655
1,2025-06-11,2,4,6,0,0,None,21.4,0.8,15000,757
1,2025-06-11,2,4,6,0,0,None,27.2,5.0,15000,549
1,2025-06-11,2,5,6,0,0,None,24.2,0.0,15000,1260
1,2025-06-11,2,6,6,0,0,None,34.0,0.7,15000,2284
1,2025-06-11,2,6,6,0,0,None,26.5,0.0,15000,2354
1,2025-06-11,2,7,6,0,0,None,34.9,0.0,15000,3466
1,2025-06-11,2,8,6,0,1,Minor,28.0,0.0,15000,7376
1,2025-06-11,2,9,6,0,0,None,34.2,0.1,15000,6592
1,2025-06-11,2,9,6,0,0,None,27.2,0.0,15000,6431
1,2025-06-11,2,10,6,0,0,None,29.5,0.5,15000,7633
1,2025-06-11,2,11,6,0,0,None,38.0,2.8,15000,5716
1,2025-06-11,2,12,6,0,0,None,16.2,0.8,15000,5247
1,2025-06-11,2,12,6,0,0,None,26.0,5.8,15000,4448
1,2025-06-11,2,13,6,0,1,Minor,31.2,0.9,15000,6322
1,2025-06-11,2,14,6,0,0,None,24.1,0.0,15000,4109
1,2025-06-11,2,14,6,0,0,None,36.4,0.5,15000,3661
1,2025-06-11,2,15,6,0,1,Minor,26.0,0.7,15000,6687
1,2025-06-11,2,16,6,0,1,Minor,23.2,0.5,15000,8139
1,2025-06-11,2,17,6,0,0,None,28.9,0.0,15000,7513
1,2025-06-11,2,17,6,0,0,None,36.6,0.0,15000,7637
1,2025-06-11,2,18,6,0,0,None,26.2,2.0,15000,9160
1,2025-06-11,2,19,6,0,0,None,29.4,1.0,15000,9828
1,2025-06-11,2,20,6,0,0,None,21.2,0.0,15000,9237
1,2025-06-11,2,20,6,0,0,None,28.6,0.8,15000,9277
1,2025-06-11,2,21,6,0,0,None,15.0,0.0,15000,7044
1,2025-06-11,2,22,6,0,0,None,38.3,1.3,15000,4540
1,2025-06-11,2,23,6,0,0,None,30.0,3.5,15000,2798
1,2025-06-11,2,23,6,0,0,None,34.0,0.0,15000,2724
1,2025-06-12,3,0,6,0,0,None,27.8,0.1,15000,630
1,2025-06-12,3,1,6,0,0,None,30.9,0.3,15000,638
1,2025-06-12,3,1,6,0,0,None,21.3,0.0,15000,656
1,2025-06-12,3,2,6,0,0,None,26.9,0.0,15000,383
1,2025-06-12,3,3,6,0,0,None,25.7,0.0,15000,792
1,2025-06-12,3,4,6,0,0,None,23.9,0.7,15000,665
1,2025-06-12,3,4,6,0,0,None,26.3,0.2,15000,584
1,2025-06-12,3,5,6,0,0,None,17.1,0.2,15000,1333
1,2025-06-12,3,6,6,0,0,None,28.9,0.4,15000,2003
1,2025-06-12,3,7,6,0,0,None,28.9,0.4,15000,3906
1,2025-06-12,3,7,6,0,0,None,31.6,0.0,15000,3656
1,2025-06-12,3,8,6,0,0,None,26.3,0.5,15000,5181
1,2025-06-12,3,9,6,0,0,None,35.7,0.4,15000,6338
1,2025-06-12,3,9,6,0,0,None,22.8,0.1,15000,6231
1,2025-06-12,3,10,6,0,0,None,29.9,0.3,15000,7562
1,2025-06-12,3,11,6,0,0,None,33.8,2.2,15000,6525
1,2025-06-12,3,12,6,0,0,None,27.9,0.0,15000,5119
1,2025-06-12,3,12,6,0,0,None,30.0,0.9,15000,5081
1,2025-06-12,3,13,6,0,0,None,21.2,0.3,15000,4432
1,2025-06-12,3,14,6,0,0,None,33.0,0.0,15000,3901
1,2025-06-12,3,15,6,0,0,None,36.5,0.3,15000,4279
1,2025-06-12,3,15,6,0,0,None,29.7,0.6,15000,4222
1,2025-06-12,3,16,6,0,0,None,25.2,4.2,15000,4855
1,2025-06-12,3,17,6,0,0,None,29.7,0.5,15000,7130
1,2025-06-12,3,18,6,0,0,None,30.8,0.0,15000,9194
1,2025-06-12,3,18,6,0,0,None,32.8,0.2,15000,9149
1,2025-06-12,3,19,6,0,1,Minor,28.8,1.1,15000,14532
1,2025-06-12,3,20,6,0,0,None,21.8,1.9,15000,9435
1,2025-06-12,3,20,6,0,0,None,35.1,1.4,15000,9335
1,2025-06-12,3,21,6,0,0,None,32.0,0.0,15000,7426
1,2025-06-12,3,22,6,0,0,None,21.3,2.4,15000,4664
1,2025-06-12,3,23,6,0,0,None,26.6,1.7,15000,2474
1,2025-06-12,3,23,6,0,0,None,26.7,0.0,15000,2562
1,2025-06-13,4,0,6,0,0,None,31.7,0.5,15000,689
1,2025-06-13,4,1,6,0,0,None,27.3,0.6,15000,277
1,2025-06-13,4,2,6,0,0,None,27.9,1.6,15000,483
1,2025-06-13,4,2,6,0,0,None,29.4,0.0,15000,737
1,2025-06-13,4,3,6,0,0,None,29.0,0.0,15000,619
1,2025-06-13,4,4,6,0,0,None,21.0,0.5,15000,666
1,2025-06-13,4,4,6,0,0,None,26.6,0.7,15000,535
1,2025-06-13,4,5,6,0,1,Minor,19.5,0.0,15000,1631
1,2025-06-13,4,6,6,0,1,Minor,25.7,1.6,15000,3136
1,2025-06-13,4,7,6,0,0,None,31.7,0.1,15000,3484
1,2025-06-13,4,7,6,0,0,None,33.1,0.0,15000,3217
1,2025-06-13,4,8,6,0,0,None,33.0,0.8,15000,5376
1,2025-06-13,4,9,6,0,0,None,15.3,1.0,15000,6610
1,2025-06-13,4,10,6,0,0,None,28.1,1.0,15000,7080
1,2025-06-13,4,10,6,0,0,None,35.5,1.6,15000,7119
1,2025-06-13,4,11,6,0,0,None,30.8,0.0,15000,6566
1,2025-06-13,4,12,6,0,0,None,31.8,3.0,15000,5133
1,2025-06-13,4,12,6,0,0,None,25.0,3.8,15000,5310
1,2025-06-13,4,13,6,0,0,None,25.4,1.4,15000,4234
1,2025-06-13,4,14,6,0,0,None,27.4,1.0,15000,3852
1,2025-06-13,4,15,6,0,0,None,28.6,2.0,15000,4531
1,2025-06-13,4,15,6,0,0,None,28.7,0.7,15000,4451
1,2025-06-13,4,16,6,0,0,None,20.4,0.0,15000,5786
1,2025-06-13,4,17,6,0,0,None,26.6,3.4,15000,7129
1,2025-06-13,4,18,6,0,0,None,32.5,2.7,15000,9007
1,2025-06-13,4,18,6,0,0,None,21.8,0.0,15000,9218
1,2025-06-13,4,19,6,0,0,None,26.8,1.9,15000,10093
1,2025-06-13,4,20,6,0,0,None,25.0,0.8,15000,9016
1,2025-06-13,4,21,6,0,0,None,23.7,1.6,15000,7431
1,2025-06-13,4,21,6,0,1,Minor,21.1,1.5,15000,10623
1,2025-06-13,4,22,6,0,0,None,29.5,0.0,15000,4734
1,2025-06-13,4,23,6,0,1,Major,30.3,0.0,15000,5220
1,2025-06-13,4,23,6,0,0,None,33.0,0.4,15000,2451
1,2025-06-14,5,0,6,1,0,None,25.1,1.0,15000,1158
1,2025-06-14,5,1,6,1,0,None,24.2,4.3,15000,467
1,2025-06-14,5,2,6,1,0,None,23.6,0.3,15000,367
1,2025-06-14,5,2,6,1,0,None,25.5,1.9,15000,764
1,2025-06-14,5,3,6,1,1,Minor,27.0,0.0,15000,821
1,2025-06-14,5,4,6,1,0,None,25.7,1.1,15000,966
1,2025-06-14,5,5,6,1,0,None,27.4,1.8,15000,1430
1,2025-06-14,5,5,6,1,0,None,31.1,1.5,15000,1579
1,2025-06-14,5,6,6,1,0,None,27.1,1.2,15000,3130
1,2025-06-14,5,7,6,1,0,None,28.0,0.4,15000,4421
1,2025-06-14,5,7,6,1,0,None,17.1,0.5,15000,4234
1,2025-06-14,5,8,6,1,0,None,27.7,0.0,15000,6734
1,2025-06-14,5,9,6,1,0,None,34.3,0.7,15000,8559
1,2025-06-14,5,10,6,1,0,None,26.6,0.3,15000,9177
1,2025-06-14,5,10,6,1,1,Minor,24.4,2.5,15000,13554
1,2025-06-14,5,11,6,1,0,None,26.9,0.0,15000,8323
1,2025-06-14,5,12,6,1,0,None,26.9,2.7,15000,6630
1,2025-06-14,5,13,6,1,0,None,25.6,0.4,15000,5401
1,2025-06-14,5,13,6,1,0,None,33.2,2.1,15000,5481
1,2025-06-14,5,14,6,1,1,Minor,24.5,0.7,15000,6916
1,2025-06-14,5,15,6,1,0,None,29.4,0.0,15000,5770
1,2025-06-14,5,15,6,1,0,None,25.4,0.0,15000,5541
1,2025-06-14,5,16,6,1,0,None,32.5,0.0,15000,7531
1,2025-06-14,5,17,6,1,0,None,22.6,0.0,15000,9441
1,2025-06-14,5,18,6,1,0,None,27.3,3.2,15000,11711
1,2025-06-14,5,18,6,1,0,None,27.0,1.0,15000,11132
1,2025-06-14,5,19,6,1,0,None,29.6,0.7,15000,12286
1,2025-06-14,5,20,6,1,0,None,24.1,1.0,15000,11417
1,2025-06-14,5,21,6,1,0,None,22.9,8.6,15000,8334
1,2025-06-14,5,21,6,1,0,None,23.0,0.1,15000,9103
1,2025-06-14,5,22,6,1,0,None,29.1,1.9,15000,6109
1,2025-06-14,5,23,6,1,0,None,19.0,0.0,15000,3323
1,2025-06-15,6,0,6,1,0,None,29.1,0.9,15000,865
1,2025-06-15,6,0,6,1,0,None,28.8,8.3,15000,817
1,2025-06-15,6,1,6,1,0,None,30.9,0.3,15000,984
1,2025-06-15,6,2,6,1,0,None,31.1,1.5,15000,891
1,2025-06-15,6,2,6,1,0,None,27.8,0.0,15000,456
1,2025-06-15,6,3,6,1,0,None,26.8,1.6,15000,611
1,2025-06-15,6,4,6,1,0,None,26.9,0.0,15000,847
1,2025-06-15,6,5,6,1,0,None,30.4,0.0,15000,1508
1,2025-06-15,6,5,6,1,0,None,27.6,0.0,15000,1299
1,2025-06-15,6,6,6,1,0,None,27.2,0.5,15000,2633
1,2025-06-15,6,7,6,1,0,None,20.5,0.0,15000,4778
1,2025-06-15,6,8,6,1,1,Minor,31.0,0.7,15000,9844
1,2025-06-15,6,8,6,1,1,Minor,30.4,3.6,15000,9878
1,2025-06-15,6,9,6,1,0,None,22.4,0.0,15000,8047
1,2025-06-15,6,10,6,1,0,None,22.4,0.0,15000,9331
1,2025-06-15,6,10,6,1,1,Minor,26.3,0.1,15000,13404
1,2025-06-15,6,11,6,1,0,None,35.2,2.1,15000,8329
1,2025-06-15,6,12,6,1,0,None,21.7,4.3,15000,6100
1,2025-06-15,6,13,6,1,0,None,27.0,0.0,15000,5461
1,2025-06-15,6,13,6,1,1,Minor,32.3,0.3,15000,8144
1,2025-06-15,6,14,6,1,0,None,38.0,0.7,15000,4396
1,2025-06-15,6,15,6,1,0,None,23.8,0.3,15000,5481
1,2025-06-15,6,16,6,1,0,None,23.9,0.0,15000,7396
1,2025-06-15,6,16,6,1,0,None,30.5,0.4,15000,7012
1,2025-06-15,6,17,6,1,0,None,31.7,4.5,15000,8299
1,2025-06-15,6,18,6,1,0,None,27.1,2.9,15000,11850
1,2025-06-15,6,18,6,1,0,None,28.1,0.0,15000,11916
1,2025-06-15,6,19,6,1,0,None,18.3,0.2,15000,13025
1,2025-06-15,6,20,6,1,0,None,28.5,0.0,15000,12096
1,2025-06-15,6,21,6,1,0,None,18.3,0.0,15000,9018
1,2025-06-15,6,21,6,1,0,None,32.2,0.1,15000,8986
1,2025-06-15,6,22,6,1,0,None,24.8,0.5,15000,6017
1,2025-06-15,6,23,6,1,0,None,30.7,0.0,15000,3380
1,2025-06-16,0,0,6,0,0,None,29.0,2.3,15000,1067
1,2025-06-16,0,0,6,0,0,None,29.6,0.8,15000,733
1,2025-06-16,0,1,6,0,1,Major,31.7,0.0,15000,1130
1,2025-06-16,0,2,6,0,1,Major,29.3,2.4,15000,956
1,2025-06-16,0,3,6,0,0,None,17.3,0.0,15000,611
1,2025-06-16,0,3,6,0,0,None,26.8,0.8,15000,324
1,2025-06-16,0,4,6,0,1,Minor,40.1,1.2,15000,1012
1,2025-06-16,0,5,6,0,0,None,29.9,4.5,15000,745
1,2025-06-16,0,5,6,0,0,None,25.4,0.2,15000,1174
1,2025-06-16,0,6,6,0,0,None,27.7,0.0,15000,2031
1,2025-06-16,0,7,6,0,0,None,25.4,0.1,15000,3552
1,2025-06-16,0,8,6,0,0,None,25.8,0.0,15000,5135
1,2025-06-16,0,8,6,0,0,None,34.9,0.9,15000,5319
1,2025-06-16,0,9,6,0,0,None,21.9,0.2,15000,6546
1,2025-06-16,0,10,6,0,0,None,22.0,0.0,15000,7228
1,2025-06-16,0,11,6,0,0,None,25.0,0.0,15000,6638
1,2025-06-16,0,11,6,0,0,None,26.6,0.0,15000,6297
1,2025-06-16,0,12,6,0,0,None,28.0,0.4,15000,5118
1,2025-06-16,0,13,6,0,0,None,28.8,0.3,15000,4399
1,2025-06-16,0,13,6,0,0,None,22.0,5.5,15000,3763
1,2025-06-16,0,14,6,0,1,Major,17.7,0.4,15000,7687
1,2025-06-16,0,15,6,0,0,None,28.7,1.3,15000,4120
1,2025-06-16,0,16,6,0,0,None,19.8,1.7,15000,5468
1,2025-06-16,0,16,6,0,0,None,26.5,0.0,15000,5622
1,2025-06-16,0,17,6,0,1,Minor,27.6,3.8,15000,10507
1,2025-06-16,0,18,6,0,0,None,26.6,0.2,15000,8753
1,2025-06-16,0,19,6,0,0,None,27.4,1.1,15000,10057
1,2025-06-16,0,19,6,0,1,Minor,23.1,2.2,15000,14886
1,2025-06-16,0,20,6,0,0,None,21.5,0.0,15000,9429
1,2025-06-16,0,21,6,0,0,None,21.7,0.0,15000,7047
1,2025-06-16,0,22,6,0,0,None,27.6,0.4,15000,5217
1,2025-06-16,0,22,6,0,0,None,31.8,0.4,15000,4474
1,2025-06-16,0,23,6,0,0,None,29.7,0.2,15000,2640
1,2025-06-17,1,0,6,0,0,None,27.4,0.0,15000,947
1,2025-06-17,1,0,6,0,0,None,33.0,2.7,15000,636
1,2025-06-17,1,1,6,0,0,None,27.7,3.7,15000,488
1,2025-06-17,1,2,6,0,0,None,23.2,0.0,15000,284
1,2025-06-17,1,3,6,0,0,None,37.3,0.0,15000,473
1,2025-06-17,1,3,6,0,1,Minor,31.7,0.5,15000,762
1,2025-06-17,1,4,6,0,0,None,29.9,0.3,15000,500
1,2025-06-17,1,5,6,0,0,None,19.9,2.5,15000,818
1,2025-06-17,1,6,6,0,1,Minor,28.5,1.0,15000,2871
1,2025-06-17,1,6,6,0,0,None,19.8,0.3,15000,2251
1,2025-06-17,1,7,6,0,0,None,30.1,0.0,15000,4030
1,2025-06-17,1,8,6,0,1,Minor,18.6,0.8,15000,7356
1,2025-06-17,1,8,6,0,0,None,23.4,0.0,15000,5638
1,2025-06-17,1,9,6,0,0,None,27.7,0.0,15000,6145
1,2025-06-17,1,10,6,0,1,Minor,35.0,0.0,15000,10356
1,2025-06-17,1,11,6,0,0,None,23.2,2.4,15000,6330
1,2025-06-17,1,11,6,0,0,None,19.0,0.0,15000,6617
1,2025-06-17,1,12,6,0,0,None,29.8,0.2,15000,5101
1,2025-06-17,1,13,6,0,0,None,19.8,0.8,15000,4070
1,2025-06-17,1,14,6,0,0,None,28.9,1.3,15000,4080
1,2025-06-17,1,14,6,0,0,None,38.8,0.5,15000,3294
1,2025-06-17,1,15,6,0,0,None,25.5,0.0,15000,4544
1,2025-06-17,1,16,6,0,0,None,27.0,2.4,15000,5335
1,2025-06-17,1,16,6,0,0,None,25.9,2.4,15000,5641
1,2025-06-17,1,17,6,0,0,None,27.4,3.2,15000,7343
1,2025-06-17,1,18,6,0,1,Minor,31.0,0.0,15000,13223
1,2025-06-17,1,19,6,0,0,None,16.3,0.8,15000,9936
1,2025-06-17,1,19,6,0,1,Minor,27.2,0.2,15000,14148
1,2025-06-17,1,20,6,0,0,None,27.3,2.2,15000,9493
1,2025-06-17,1,21,6,0,0,None,19.0,0.0,15000,7079
1,2025-06-17,1,22,6,0,0,None,27.4,0.9,15000,4815
1,2025-06-17,1,22,6,0,1,Minor,26.4,3.2,15000,6608
1,2025-06-17,1,23,6,0,0,None,34.1,2.0,15000,2795
1,2025-06-18,2,0,6,0,1,Major,24.2,3.2,15000,1486
1,2025-06-18,2,1,6,0,0,None,27.2,0.5,15000,502
1,2025-06-18,2,1,6,0,0,None,27.3,2.8,15000,715
1,2025-06-18,2,2,6,0,0,None,28.3,0.9,15000,473
1,2025-06-18,2,3,6,0,0,None,22.5,0.0,15000,797
1,2025-06-18,2,3,6,0,0,None,29.8,0.0,15000,641
1,2025-06-18,2,4,6,0,0,None,35.6,2.2,15000,463
1,2025-06-18,2,5,6,0,0,None,26.3,1.1,15000,1447
1,2025-06-18,2,6,6,0,0,None,34.4,0.4,15000,2167
1,2025-06-18,2,6,6,0,0,None,37.1,1.2,15000,1989
1,2025-06-18,2,7,6,0,0,None,31.2,4.1,15000,3194
1,2025-06-18,2,8,6,0,0,None,29.9,0.2,15000,5016
1,2025-06-18,2,9,6,0,1,Major,32.5,1.5,15000,12901
1,2025-06-18,2,9,6,0,0,None,39.6,0.0,15000,5563
1,2025-06-18,2,10,6,0,0,None,26.9,0.1,15000,7147
1,2025-06-18,2,11,6,0,0,None,20.5,0.0,15000,6873
1,2025-06-18,2,11,6,0,0,None,23.8,0.0,15000,6635
1,2025-06-18,2,12,6,0,0,None,23.1,0.4,15000,5402
1,2025-06-18,2,13,6,0,0,None,26.3,1.6,15000,4356
1,2025-06-18,2,14,6,0,0,None,26.9,1.4,15000,3879
1,2025-06-18,2,14,6,0,0,None,34.2,0.0,15000,3797
1,2025-06-18,2,15,6,0,1,Minor,30.2,0.4,15000,6360
1,2025-06-18,2,16,6,0,0,None,22.2,0.2,15000,5658
1,2025-06-18,2,17,6,0,0,None,22.8,0.0,15000,7366
1,2025-06-18,2,17,6,0,0,None,19.3,0.0,15000,7441
1,2025-06-18,2,18,6,0,0,None,26.6,1.0,15000,9133
1,2025-06-18,2,19,6,0,0,None,28.1,1.5,15000,10094
1,2025-06-18,2,20,6,0,1,Minor,30.4,0.0,15000,13921
1,2025-06-18,2,20,6,0,0,None,35.4,0.0,15000,9417
1,2025-06-18,2,21,6,0,0,None,25.8,0.8,15000,7161
1,2025-06-18,2,22,6,0,0,None,16.9,0.9,15000,4547
1,2025-06-18,2,22,6,0,0,None,26.5,1.2,15000,4756
1,2025-06-18,2,23,6,0,0,None,41.8,0.1,15000,2288
1,2025-06-19,3,0,6,0,0,None,30.5,1.4,15000,622
1,2025-06-19,3,1,6,0,0,None,24.6,0.0,15000,583
1,2025-06-19,3,1,6,0,0,None,20.6,0.0,15000,683
1,2025-06-19,3,2,6,0,0,None,23.9,0.9,15000,301
1,2025-06-19,3,3,6,0,0,None,31.7,0.0,15000,483
1,2025-06-19,3,4,6,0,0,None,28.8,2.1,15000,504
1,2025-06-19,3,4,6,0,0,None,31.1,0.0,15000,802
1,2025-06-19,3,5,6,0,0,None,27.7,0.0,15000,1340
1,2025-06-19,3,6,6,0,1,Minor,24.6,0.5,15000,3138
1,2025-06-19,3,6,6,0,1,Minor,25.4,0.4,15000,2924
1,2025-06-19,3,7,6,0,0,None,26.3,0.0,15000,3611
1,2025-06-19,3,8,6,0,1,Minor,24.3,1.2,15000,7523
1,2025-06-19,3,9,6,0,0,None,26.9,0.3,15000,6629
1,2025-06-19,3,9,6,0,0,None,30.9,2.9,15000,6776
1,2025-06-19,3,10,6,0,0,None,24.7,1.8,15000,7415
1,2025-06-19,3,11,6,0,0,None,32.0,0.0,15000,6387
1,2025-06-19,3,12,6,0,0,None,32.4,2.2,15000,4988
1,2025-06-19,3,12,6,0,0,None,27.8,0.0,15000,5429
1,2025-06-19,3,13,6,0,1,Minor,17.4,0.0,15000,6344
1,2025-06-19,3,14,6,0,0,None,21.6,1.5,15000,4081
1,2025-06-19,3,14,6,0,0,None,31.8,1.9,15000,3555
1,2025-06-19,3,15,6,0,0,None,25.0,0.7,15000,4645
1,2025-06-19,3,16,6,0,1,Minor,29.0,0.0,15000,8255
1,2025-06-19,3,17,6,0,1,Major,25.6,0.0,15000,14982
1,2025-06-19,3,17,6,0,0,None,36.2,0.4,15000,7227
1,2025-06-19,3,18,6,0,0,None,25.3,0.1,15000,9171
1,2025-06-19,3,19,6,0,0,None,26.5,0.2,15000,10067
1,2025-06-19,3,20,6,0,0,None,29.9,2.3,15000,9281
1,2025-06-19,3,20,6,0,0,None,24.4,1.0,15000,9330
1,2025-06-19,3,21,6,0,0,None,20.9,2.6,15000,7089
1,2025-06-19,3,22,6,0,0,None,25.7,0.2,15000,4714
1,2025-06-19,3,23,6,0,0,None,34.4,0.0,15000,2211
1,2025-06-19,3,23,6,0,0,None,27.6,2.4,15000,2635
1,2025-06-20,4,0,6,0,0,None,26.2,0.8,15000,714
1,2025-06-20,4,1,6,0,0,None,26.9,0.3,15000,518
1,2025-06-20,4,1,6,0,0,None,22.4,0.0,15000,472
1,2025-06-20,4,2,6,0,0,None,23.5,0.1,15000,934
1,2025-06-20,4,3,6,0,0,None,28.4,0.0,15000,486
1,2025-06-20,4,4,6,0,0,None,22.7,0.6,15000,1001
1,2025-06-20,4,4,6,0,0,None,30.5,0.0,15000,847
1,2025-06-20,4,5,6,0,0,None,34.5,1.8,15000,1119
1,2025-06-20,4,6,6,0,1,Minor,34.6,1.5,15000,3256
1,2025-06-20,4,7,6,0,0,None,32.8,0.1,15000,3614
1,2025-06-20,4,7,6,0,0,None,24.9,0.0,15000,3745
1,2025-06-20,4,8,6,0,0,None,21.9,2.9,15000,5322
1,2025-06-20,4,9,6,0,0,None,15.3,1.0,15000,6244
1,2025-06-20,4,9,6,0,0,None,23.2,0.5,15000,6477
1,2025-06-20,4,10,6,0,0,None,31.3,0.9,15000,7084
1,2025-06-20,4,11,6,0,0,None,29.5,0.0,15000,6584
1,2025-06-20,4,12,6,0,0,None,32.4,0.0,15000,5047
1,2025-06-20,4,12,6,0,1,Minor,25.6,0.1,15000,7777
1,2025-06-20,4,13,6,0,0,None,22.3,0.0,15000,4415
1,2025-06-20,4,14,6,0,0,None,18.3,1.5,15000,4055
1,2025-06-20,4,15,6,0,0,None,23.3,0.2,15000,4281
1,2025-06-20,4,15,6,0,0,None,20.8,0.7,15000,4501
1,2025-06-20,4,16,6,0,0,None,27.9,1.0,15000,5439
1,2025-06-20,4,17,6,0,0,None,27.0,0.5,15000,7809
1,2025-06-20,4,17,6,0,0,None,32.3,0.7,15000,7635
1,2025-06-20,4,18,6,0,0,None,23.6,2.6,15000,8951
1,2025-06-20,4,19,6,0,0,None,18.9,0.0,15000,10061
1,2025-06-20,4,20,6,0,0,None,25.7,0.1,15000,9551
1,2025-06-20,4,20,6,0,0,None,33.6,0.0,15000,9396
1,2025-06-20,4,21,6,0,0,None,21.3,0.4,15000,6980
1,2025-06-20,4,22,6,0,0,None,16.7,1.2,15000,4544
1,2025-06-20,4,23,6,0,0,None,21.3,0.1,15000,2609
1,2025-06-20,4,23,6,0,1,Major,25.5,0.0,15000,4907
1,2025-06-21,5,0,6,1,0,None,26.6,0.9,15000,1036
1,2025-06-21,5,1,6,1,0,None,24.0,0.2,15000,719
1,2025-06-21,5,2,6,1,0,None,30.6,0.5,15000,802
1,2025-06-21,5,2,6,1,0,None,21.2,1.8,15000,609
1,2025-06-21,5,3,6,1,0,None,34.6,0.0,15000,919
1,2025-06-21,5,4,6,1,0,None,34.0,1.3,15000,972
1,2025-06-21,5,4,6,1,0,None,25.9,0.0,15000,545
1,2025-06-21,5,5,6,1,0,None,22.1,0.0,15000,1524
1,2025-06-21,5,6,6,1,0,None,30.8,0.5,15000,2909
1,2025-06-21,5,7,6,1,0,None,20.9,0.0,15000,4525
1,2025-06-21,5,7,6,1,0,None,34.3,1.1,15000,4576
1,2025-06-21,5,8,6,1,0,None,15.0,0.3,15000,6752
1,2025-06-21,5,9,6,1,0,None,25.0,0.8,15000,8023
1,2025-06-21,5,10,6,1,0,None,28.1,0.4,15000,9176
1,2025-06-21,5,10,6,1,0,None,26.3,2.2,15000,9232
1,2025-06-21,5,11,6,1,0,None,22.5,0.0,15000,8455
1,2025-06-21,5,12,6,1,0,None,22.6,0.4,15000,6753
1,2025-06-21,5,12,6,1,0,None,42.0,0.0,15000,5737
1,2025-06-21,5,13,6,1,0,None,34.3,1.6,15000,5492
1,2025-06-21,5,14,6,1,0,None,27.4,4.2,15000,4248
1,2025-06-21,5,15,6,1,0,None,23.6,0.0,15000,5545
1,2025-06-21,5,15,6,1,0,None,36.3,0.0,15000,5468
1,2025-06-21,5,16,6,1,1,Minor,32.0,0.4,15000,10329
1,2025-06-21,5,17,6,1,0,None,18.0,0.0,15000,9477
1,2025-06-21,5,18,6,1,0,None,38.6,1.3,15000,10396
1,2025-06-21,5,18,6,1,0,None,15.3,0.5,15000,11774
1,2025-06-21,5,19,6,1,0,None,25.7,0.1,15000,12599
1,2025-06-21,5,20,6,1,0,None,25.0,2.3,15000,11711
1,2025-06-21,5,20,6,1,0,None,18.4,1.5,15000,11766
1,2025-06-21,5,21,6,1,1,Minor,24.1,5.5,15000,11650
1,2025-06-21,5,22,6,1,0,None,24.9,0.0,15000,5894
1,2025-06-21,5,23,6,1,1,Minor,26.9,0.8,15000,4899
1,2025-06-21,5,23,6,1,0,None,18.8,0.0,15000,3265
1,2025-06-22,6,0,6,1,0,None,28.8,1.9,15000,835
1,2025-06-22,6,1,6,1,1,Minor,32.9,0.6,15000,825
1,2025-06-22,6,2,6,1,1,Minor,30.6,0.0,15000,944
1,2025-06-22,6,2,6,1,0,None,21.5,0.0,15000,903
1,2025-06-22,6,3,6,1,0,None,18.7,0.3,15000,860
1,2025-06-22,6,4,6,1,0,None,23.7,2.5,15000,849
1,2025-06-22,6,5,6,1,0,None,21.3,2.3,15000,1430
1,2025-06-22,6,5,6,1,0,None,31.3,0.0,15000,1591
1,2025-06-22,6,6,6,1,0,None,35.8,0.2,15000,2637
1,2025-06-22,6,7,6,1,0,None,25.0,0.2,15000,4677
1,2025-06-22,6,7,6,1,0,None,29.0,0.4,15000,4551
1,2025-06-22,6,8,6,1,0,None,20.8,0.1,15000,6884
1,2025-06-22,6,9,6,1,0,None,22.1,1.6,15000,8206
1,2025-06-22,6,10,6,1,0,None,42.0,1.0,15000,8054
1,2025-06-22,6,10,6,1,0,None,28.4,2.2,15000,9020
1,2025-06-22,6,11,6,1,0,None,25.3,0.0,15000,8591
1,2025-06-22,6,12,6,1,0,None,34.8,0.0,15000,6514
1,2025-06-22,6,13,6,1,0,None,18.5,0.4,15000,5568
1,2025-06-22,6,13,6,1,0,None,19.5,1.3,15000,5543
1,2025-06-22,6,14,6,1,0,None,25.9,1.0,15000,4544
1,2025-06-22,6,15,6,1,0,None,25.5,0.0,15000,5445
1,2025-06-22,6,15,6,1,0,None,35.9,0.1,15000,5550
1,2025-06-22,6,16,6,1,0,None,30.4,0.0,15000,7177
1,2025-06-22,6,17,6,1,0,None,29.6,0.0,15000,9724
1,2025-06-22,6,18,6,1,0,None,21.8,0.4,15000,11498
1,2025-06-22,6,18,6,1,0,None,24.2,0.3,15000,11897
1,2025-06-22,6,19,6,1,0,None,30.8,1.9,15000,12764
1,2025-06-22,6,20,6,1,0,None,25.3,0.0,15000,11811
1,2025-06-22,6,21,6,1,0,None,28.7,3.4,15000,9454
1,2025-06-22,6,21,6,1,0,None,29.1,1.7,15000,9213
1,2025-06-22,6,22,6,1,0,None,29.9,0.1,15000,5895
1,2025-06-22,6,23,6,1,0,None,34.7,1.2,15000,3475
1,2025-06-23,0,0,6,0,0,None,26.6,0.9,15000,664
1,2025-06-23,0,0,6,0,0,None,23.2,0.3,15000,732
1,2025-06-23,0,1,6,0,0,None,28.3,1.2,15000,274
1,2025-06-23,0,2,6,0,1,Major,25.8,2.0,15000,1148
1,2025-06-23,0,2,6,0,1,Minor,24.8,0.1,15000,569
1,2025-06-23,0,3,6,0,0,None,27.9,1.4,15000,462
1,2025-06-23,0,4,6,0,0,None,29.9,0.0,15000,480
1,2025-06-23,0,5,6,0,0,None,28.1,0.5,15000,1363
1,2025-06-23,0,5,6,0,0,None,15.8,2.5,15000,1438
1,2025-06-23,0,6,6,0,0,None,28.3,0.0,15000,2061
1,2025-06-23,0,7,6,0,0,None,33.9,5.3,15000,2767
1,2025-06-23,0,8,6,0,0,None,22.2,0.7,15000,5142
1,2025-06-23,0,8,6,0,0,None,18.8,0.8,15000,5179
1,2025-06-23,0,9,6,0,0,None,25.3,0.3,15000,6286
1,2025-06-23,0,10,6,0,0,None,29.3,2.2,15000,7324
1,2025-06-23,0,10,6,0,0,None,35.2,0.7,15000,7147
1,2025-06-23,0,11,6,0,0,None,20.6,0.0,15000,6398
1,2025-06-23,0,12,6,0,0,None,32.8,1.2,15000,5208
1,2025-06-23,0,13,6,0,0,None,26.0,0.1,15000,4472
1,2025-06-23,0,13,6,0,1,Minor,23.5,3.2,15000,6487
1,2025-06-23,0,14,6,0,0,None,24.1,0.0,15000,3952
1,2025-06-23,0,15,6,0,0,None,27.0,2.9,15000,4421
1,2025-06-23,0,16,6,0,0,None,25.5,0.2,15000,5849
1,2025-06-23,0,16,6,0,0,None,22.8,0.0,15000,5785
1,2025-06-23,0,17,6,0,0,None,21.9,1.7,15000,7070
1,2025-06-23,0,18,6,0,1,Minor,29.2,1.0,15000,13169
1,2025-06-23,0,18,6,0,0,None,26.8,0.2,15000,8840
1,2025-06-23,0,19,6,0,0,None,26.3,1.8,15000,9881
1,2025-06-23,0,20,6,0,0,None,36.5,0.0,15000,9404
1,2025-06-23,0,21,6,0,0,None,27.1,0.0,15000,7358
1,2025-06-23,0,21,6,0,0,None,25.1,0.0,15000,7213
1,2025-06-23,0,22,6,0,0,None,25.0,0.3,15000,4588
1,2025-06-23,0,23,6,0,0,None,28.3,2.1,15000,2657
1,2025-06-24,1,0,6,0,0,None,26.6,1.7,15000,642
1,2025-06-24,1,0,6,0,0,None,25.7,0.2,15000,684
1,2025-06-24,1,1,6,0,0,None,25.0,1.0,15000,495
1,2025-06-24,1,2,6,0,0,None,30.0,0.6,15000,894
1,2025-06-24,1,3,6,0,0,None,24.8,0.3,15000,503
1,2025-06-24,1,3,6,0,0,None,24.1,0.0,15000,365
1,2025-06-24,1,4,6,0,1,Minor,24.1,0.9,15000,635
1,2025-06-24,1,5,6,0,0,None,29.9,2.2,15000,959
1,2025-06-24,1,5,6,0,0,None,28.9,0.2,15000,1191
1,2025-06-24,1,6,6,0,0,None,26.2,0.0,15000,2312
1,2025-06-24,1,7,6,0,1,Major,28.6,0.0,15000,7300
1,2025-06-24,1,8,6,0,1,Minor,29.7,0.0,15000,7634
1,2025-06-24,1,8,6,0,0,None,27.7,3.4,15000,5472
1,2025-06-24,1,9,6,0,0,None,27.6,3.0,15000,6866
1,2025-06-24,1,10,6,0,0,None,23.4,1.9,15000,6998
1,2025-06-24,1,11,6,0,0,None,30.2,0.0,15000,6224
1,2025-06-24,1,11,6,0,1,Major,30.7,1.1,15000,12924
1,2025-06-24,1,12,6,0,0,None,26.3,1.2,15000,5330
1,2025-06-24,1,13,6,0,1,Minor,19.8,0.0,15000,6188
1,2025-06-24,1,13,6,0,0,None,31.1,0.2,15000,3936
1,2025-06-24,1,14,6,0,0,None,27.8,1.5,15000,3696
1,2025-06-24,1,15,6,0,0,None,32.9,0.0,15000,4323
1,2025-06-24,1,16,6,0,1,Minor,38.1,0.7,15000,7148
1,2025-06-24,1,16,6,0,0,None,26.5,0.0,15000,5483
1,2025-06-24,1,17,6,0,0,None,25.1,0.0,15000,7518
1,2025-06-24,1,18,6,0,0,None,25.5,0.5,15000,8976
1,2025-06-24,1,19,6,0,0,None,20.2,0.0,15000,9912
1,2025-06-24,1,19,6,0,0,None,30.0,0.0,15000,9873
1,2025-06-24,1,20,6,0,0,None,40.5,0.1,15000,8433
1,2025-06-24,1,21,6,0,0,None,16.8,0.0,15000,7138
1,2025-06-24,1,22,6,0,0,None,24.4,0.1,15000,4386
1,2025-06-24,1,22,6,0,1,Minor,24.5,1.0,15000,6724
1,2025-06-24,1,23,6,0,0,None,30.5,0.0,15000,2672
1,2025-06-25,2,0,6,0,0,None,30.7,0.7,15000,1042
1,2025-06-25,2,0,6,0,0,None,27.0,0.0,15000,799
1,2025-06-25,2,1,6,0,0,None,30.2,0.4,15000,512
1,2025-06-25,2,2,6,0,0,None,28.0,1.2,15000,526
1,2025-06-25,2,3,6,0,0,None,28.7,0.7,15000,684
1,2025-06-25,2,3,6,0,0,None,22.9,0.5,15000,357
1,2025-06-25,2,4,6,0,0,None,37.4,0.3,15000,468
1,2025-06-25,2,5,6,0,0,None,24.8,1.0,15000,1279
1,2025-06-25,2,6,6,0,0,None,17.4,0.0,15000,2096
1,2025-06-25,2,6,6,0,0,None,21.3,0.1,15000,1951
1,2025-06-25,2,7,6,0,0,None,32.0,0.2,15000,3734
1,2025-06-25,2,8,6,0,0,None,22.2,0.0,15000,5389
1,2025-06-25,2,8,6,0,0,None,32.6,0.0,15000,5442
1,2025-06-25,2,9,6,0,0,None,32.8,4.0,15000,5759
1,2025-06-25,2,10,6,0,0,None,24.7,0.7,15000,7332
1,2025-06-25,2,11,6,0,1,Minor,25.1,0.2,15000,9617
1,2025-06-25,2,11,6,0,0,None,24.5,0.9,15000,6580
1,2025-06-25,2,12,6,0,0,None,21.1,0.1,15000,5319
1,2025-06-25,2,13,6,0,0,None,28.6,0.2,15000,4034
1,2025-06-25,2,14,6,0,0,None,25.1,0.9,15000,3955
1,2025-06-25,2,14,6,0,0,None,22.2,0.5,15000,3631
1,2025-06-25,2,15,6,0,0,None,25.6,0.0,15000,4274
1,2025-06-25,2,16,6,0,0,None,34.7,3.3,15000,5474
1,2025-06-25,2,16,6,0,0,None,24.1,0.3,15000,5170
1,2025-06-25,2,17,6,0,0,None,25.5,0.6,15000,7529
1,2025-06-25,2,18,6,0,0,None,30.1,0.0,15000,9221
1,2025-06-25,2,19,6,0,0,None,29.7,0.7,15000,10317
1,2025-06-25,2,19,6,0,0,None,28.2,0.4,15000,9893
1,2025-06-25,2,20,6,0,0,None,24.4,0.0,15000,9237
1,2025-06-25,2,21,6,0,0,None,23.0,0.7,15000,7261
1,2025-06-25,2,22,6,0,0,None,30.9,6.8,15000,4051
1,2025-06-25,2,22,6,0,0,None,32.5,1.8,15000,4483
1,2025-06-25,2,23,6,0,0,None,17.4,0.0,15000,2409
1,2025-06-26,3,0,6,0,0,None,17.9,0.7,15000,640
1,2025-06-26,3,1,6,0,0,None,27.6,0.2,15000,318
1,2025-06-26,3,1,6,0,0,None,27.2,1.6,15000,479
1,2025-06-26,3,2,6,0,0,None,29.7,1.9,15000,245
1,2025-06-26,3,3,6,0,0,None,23.6,0.0,15000,353
1,2025-06-26,3,3,6,0,0,None,27.6,0.6,15000,395
1,2025-06-26,3,4,6,0,0,None,29.5,0.0,15000,726
1,2025-06-26,3,5,6,0,1,Minor,26.5,0.1,15000,1681
1,2025-06-26,3,6,6,0,0,None,35.1,0.2,15000,2203
1,2025-06-26,3,6,6,0,0,None,28.5,0.0,15000,2251
1,2025-06-26,3,7,6,0,0,None,24.1,0.0,15000,3252
1,2025-06-26,3,8,6,0,0,None,34.6,1.8,15000,5118
1,2025-06-26,3,9,6,0,0,None,28.3,0.1,15000,6787
1,2025-06-26,3,9,6,0,0,None,24.3,0.0,15000,6198
1,2025-06-26,3,10,6,0,0,None,25.7,1.2,15000,7409
1,2025-06-26,3,11,6,0,0,None,23.8,0.5,15000,6396
1,2025-06-26,3,11,6,0,0,None,18.9,0.3,15000,7060
1,2025-06-26,3,12,6,0,0,None,34.3,2.2,15000,4784
1,2025-06-26,3,13,6,0,0,None,30.4,0.8,15000,4580
1,2025-06-26,3,14,6,0,0,None,26.5,0.0,15000,3725
1,2025-06-26,3,14,6,0,1,Minor,25.3,1.5,15000,5757
1,2025-06-26,3,15,6,0,0,None,22.7,0.7,15000,4248
1,2025-06-26,3,16,6,0,0,None,16.2,4.0,15000,4774
1,2025-06-26,3,17,6,0,1,Minor,15.0,0.0,15000,10662
1,2025-06-26,3,17,6,0,0,None,33.0,0.5,15000,7474
1,2025-06-26,3,18,6,0,0,None,29.8,0.0,15000,9148
1,2025-06-26,3,19,6,0,0,None,25.8,3.1,15000,9965
1,2025-06-26,3,19,6,0,0,None,28.5,0.8,15000,9906
1,2025-06-26,3,20,6,0,1,Minor,22.4,0.7,15000,13408
1,2025-06-26,3,21,6,0,0,None,20.6,0.0,15000,7057
1,2025-06-26,3,22,6,0,0,None,32.0,0.8,15000,4654
1,2025-06-26,3,22,6,0,0,None,28.3,0.0,15000,4775
1,2025-06-26,3,23,6,0,0,None,27.0,1.2,15000,2647
1,2025-06-27,4,0,6,0,0,None,23.8,0.0,15000,855
1,2025-06-27,4,1,6,0,0,None,21.8,1.1,15000,188
1,2025-06-27,4,1,6,0,0,None,23.5,0.7,15000,565
1,2025-06-27,4,2,6,0,0,None,22.1,0.0,15000,774
1,2025-06-27,4,3,6,0,0,None,26.3,1.2,15000,606
1,2025-06-27,4,4,6,0,0,None,33.3,0.0,15000,701
1,2025-06-27,4,4,6,0,0,None,23.8,0.8,15000,495
1,2025-06-27,4,5,6,0,1,Major,19.0,0.9,15000,2524
1,2025-06-27,4,6,6,0,0,None,31.0,3.9,15000,2435
1,2025-06-27,4,6,6,0,0,None,32.5,0.0,15000,2498
1,2025-06-27,4,7,6,0,1,Minor,31.1,2.4,15000,5250
1,2025-06-27,4,8,6,0,0,None,24.6,0.4,15000,5178
1,2025-06-27,4,9,6,0,0,None,27.0,0.0,15000,6765
1,2025-06-27,4,9,6,0,0,None,32.7,1.2,15000,6351
1,2025-06-27,4,10,6,0,0,None,28.6,0.4,15000,6764
1,2025-06-27,4,11,6,0,0,None,30.1,0.0,15000,6690
1,2025-06-27,4,12,6,0,0,None,25.1,0.0,15000,5190
1,2025-06-27,4,12,6,0,0,None,31.7,1.2,15000,5140
1,2025-06-27,4,13,6,0,1,Major,22.1,0.3,15000,8707
1,2025-06-27,4,14,6,0,0,None,26.4,1.6,15000,3991
1,2025-06-27,4,14,6,0,0,None,27.2,1.0,15000,3321
1,2025-06-27,4,15,6,0,1,Major,28.3,0.0,15000,8867
1,2025-06-27,4,16,6,0,0,None,32.6,0.3,15000,5464
1,2025-06-27,4,17,6,0,0,None,24.6,0.0,15000,7270
1,2025-06-27,4,17,6,0,0,None,32.2,1.7,15000,7202
1,2025-06-27,4,18,6,0,0,None,30.2,1.2,15000,8954
1,2025-06-27,4,19,6,0,1,Major,26.8,0.3,15000,15000
1,2025-06-27,4,20,6,0,0,None,29.8,0.3,15000,9267
1,2025-06-27,4,20,6,0,0,None,30.7,0.0,15000,9396
1,2025-06-27,4,21,6,0,0,None,24.8,0.8,15000,7061
1,2025-06-27,4,22,6,0,0,None,27.2,0.6,15000,4598
1,2025-06-27,4,22,6,0,1,Minor,36.2,0.0,15000,6816
1,2025-06-27,4,23,6,0,0,None,33.0,0.0,15000,2549
1,2025-06-28,5,0,6,1,0,None,26.0,0.0,15000,874
1,2025-06-28,5,1,6,1,0,None,28.8,0.9,15000,590
1,2025-06-28,5,1,6,1,0,None,27.7,0.0,15000,838
1,2025-06-28,5,2,6,1,0,None,25.8,0.7,15000,1325
1,2025-06-28,5,3,6,1,0,None,30.7,1.7,15000,546
1,2025-06-28,5,4,6,1,0,None,31.4,0.4,15000,1110
1,2025-06-28,5,4,6,1,0,None,28.6,0.0,15000,1025
1,2025-06-28,5,5,6,1,0,None,29.6,0.0,15000,1593
1,2025-06-28,5,6,6,1,0,None,28.6,0.9,15000,2618
1,2025-06-28,5,7,6,1,0,None,31.9,0.8,15000,4596
1,2025-06-28,5,7,6,1,0,None,27.2,0.0,15000,4586
1,2025-06-28,5,8,6,1,0,None,23.0,0.6,15000,6613
1,2025-06-28,5,9,6,1,0,None,33.3,1.1,15000,8548
1,2025-06-28,5,9,6,1,0,None,23.5,1.6,15000,7906
1,2025-06-28,5,10,6,1,0,None,19.0,0.0,15000,9148
1,2025-06-28,5,11,6,1,0,None,18.4,0.1,15000,8314
1,2025-06-28,5,12,6,1,0,None,32.4,2.9,15000,6935
1,2025-06-28,5,12,6,1,0,None,19.6,1.3,15000,6630
1,2025-06-28,5,13,6,1,0,None,15.0,0.9,15000,5449
1,2025-06-28,5,14,6,1,0,None,30.9,0.5,15000,4756
1,2025-06-28,5,15,6,1,0,None,30.8,3.8,15000,5914
1,2025-06-28,5,15,6,1,0,None,38.6,1.6,15000,4622
1,2025-06-28,5,16,6,1,0,None,28.1,0.8,15000,7179
1,2025-06-28,5,17,6,1,0,None,32.3,0.0,15000,9702
1,2025-06-28,5,17,6,1,0,None,27.0,1.4,15000,9777
1,2025-06-28,5,18,6,1,0,None,26.3,0.5,15000,11493
1,2025-06-28,5,19,6,1,0,None,30.8,0.2,15000,12592
1,2025-06-28,5,20,6,1,0,None,30.5,0.2,15000,12040
1,2025-06-28,5,20,6,1,0,None,32.3,2.1,15000,11877
1,2025-06-28,5,21,6,1,0,None,31.8,0.9,15000,8858
1,2025-06-28,5,22,6,1,0,None,29.4,0.9,15000,6048
1,2025-06-28,5,23,6,1,0,None,33.1,2.1,15000,3617
1,2025-06-28,5,23,6,1,0,None,36.3,0.5,15000,2939
1,2025-06-29,6,0,6,1,0,None,27.4,0.0,15000,926
1,2025-06-29,6,1,6,1,0,None,22.2,0.0,15000,848
1,2025-06-29,6,2,6,1,0,None,23.5,0.6,15000,686
1,2025-06-29,6,2,6,1,0,None,25.7,0.0,15000,345
1,2025-06-29,6,3,6,1,0,None,29.4,1.7,15000,539
1,2025-06-29,6,4,6,1,0,None,32.1,3.4,15000,860
1,2025-06-29,6,4,6,1,0,None,23.4,0.8,15000,890
1,2025-06-29,6,5,6,1,0,None,30.0,0.0,15000,1429
1,2025-06-29,6,6,6,1,0,None,27.2,0.0,15000,2798
1,2025-06-29,6,7,6,1,0,None,22.2,0.5,15000,4783
1,2025-06-29,6,7,6,1,0,None,33.3,0.2,15000,4714
1,2025-06-29,6,8,6,1,0,None,34.4,1.4,15000,6591
1,2025-06-29,6,9,6,1,0,None,25.6,0.0,15000,8420
1,2025-06-29,6,10,6,1,0,None,23.5,0.9,15000,8912
1,2025-06-29,6,10,6,1,0,None,33.0,0.8,15000,9106
1,2025-06-29,6,11,6,1,0,None,32.8,0.7,15000,8578
1,2025-06-29,6,12,6,1,0,None,29.8,0.0,15000,6818
1,2025-06-29,6,12,6,1,0,None,25.0,0.0,15000,6867
1,2025-06-29,6,13,6,1,0,None,35.5,0.7,15000,5711
1,2025-06-29,6,14,6,1,0,None,22.4,0.0,15000,4923
1,2025-06-29,6,15,6,1,0,None,21.1,0.7,15000,5765
1,2025-06-29,6,15,6,1,0,None,25.7,2.5,15000,5329
1,2025-06-29,6,16,6,1,0,None,25.2,0.0,15000,7186
1,2025-06-29,6,17,6,1,1,Minor,23.8,0.0,15000,13949
1,2025-06-29,6,18,6,1,0,None,24.4,0.3,15000,11525
1,2025-06-29,6,18,6,1,0,None,18.1,0.2,15000,11816
1,2025-06-29,6,19,6,1,0,None,28.0,0.8,15000,12992
1,2025-06-29,6,20,6,1,0,None,28.3,0.0,15000,12165
1,2025-06-29,6,20,6,1,0,None,30.4,0.0,15000,12003
1,2025-06-29,6,21,6,1,0,None,27.4,0.0,15000,8875
1,2025-06-29,6,22,6,1,0,None,24.1,1.1,15000,5875
1,2025-06-29,6,23,6,1,0,None,27.3,0.0,15000,3130
1,2025-06-29,6,23,6,1,1,Minor,32.2,1.6,15000,4802
1,2025-06-30,0,0,6,0,0,None,26.1,0.0,15000,836
1,2025-06-30,0,1,6,0,0,None,23.9,0.0,15000,723
1,2025-06-30,0,2,6,0,0,None,29.8,0.0,15000,822
1,2025-06-30,0,2,6,0,0,None,27.0,1.0,15000,748
1,2025-06-30,0,3,6,0,0,None,21.7,0.2,15000,533
1,2025-06-30,0,4,6,0,0,None,25.9,0.1,15000,748
1,2025-06-30,0,5,6,0,0,None,29.1,1.0,15000,958
1,2025-06-30,0,5,6,0,0,None,32.2,3.6,15000,1386
1,2025-06-30,0,6,6,0,0,None,26.5,0.9,15000,2191
1,2025-06-30,0,7,6,0,1,Minor,29.1,0.0,15000,5397
1,2025-06-30,0,7,6,0,0,None,29.0,0.0,15000,3758
1,2025-06-30,0,8,6,0,0,None,23.3,0.1,15000,5456
1,2025-06-30,0,9,6,0,0,None,25.1,0.0,15000,6603
1,2025-06-30,0,10,6,0,0,None,27.4,0.0,15000,6850
1,2025-06-30,0,10,6,0,0,None,28.1,1.0,15000,7222
1,2025-06-30,0,11,6,0,0,None,26.3,0.7,15000,6248
1,2025-06-30,0,12,6,0,0,None,34.6,3.5,15000,5044
1,2025-06-30,0,13,6,0,0,None,25.8,1.2,15000,4491
1,2025-06-30,0,13,6,0,0,None,32.3,0.0,15000,4356
1,2025-06-30,0,14,6,0,0,None,23.4,0.4,15000,3855
1,2025-06-30,0,15,6,0,0,None,23.5,3.7,15000,4222
1,2025-06-30,0,15,6,0,0,None,27.9,0.9,15000,4135
1,2025-06-30,0,16,6,0,0,None,33.8,2.4,15000,5505
1,2025-06-30,0,17,6,0,0,None,26.3,0.0,15000,7298
1,2025-06-30,0,18,6,0,0,None,21.6,0.2,15000,8671
1,2025-06-30,0,18,6,0,0,None,22.7,0.6,15000,9355
1,2025-06-30,0,19,6,0,0,None,33.1,0.4,15000,9716
1,2025-06-30,0,20,6,0,0,None,33.8,0.3,15000,9348
1,2025-06-30,0,21,6,0,0,None,21.4,0.2,15000,7322
1,2025-06-30,0,21,6,0,0,None,26.7,0.7,15000,7119
1,2025-06-30,0,22,6,0,0,None,25.1,0.4,15000,4815
1,2025-06-30,0,23,6,0,1,Minor,30.9,0.0,15000,3494
1,2025-07-01,1,0,7,0,0,None,29.3,1.3,15000,862
1,2025-07-01,1,0,7,0,1,Minor,15.0,0.0,15000,1310
1,2025-07-01,1,1,7,0,0,None,23.5,0.0,15000,589
1,2025-07-01,1,2,7,0,0,None,28.5,0.6,15000,645
1,2025-07-01,1,2,7,0,0,None,33.2,0.6,15000,632
1,2025-07-01,1,3,7,0,0,None,29.5,0.2,15000,535
1,2025-07-01,1,4,7,0,0,None,25.3,0.0,15000,912
1,2025-07-01,1,5,7,0,0,None,23.3,0.4,15000,1334
1,2025-07-01,1,5,7,0,0,None,30.2,0.9,15000,1227
1,2025-07-01,1,6,7,0,0,None,33.0,0.0,15000,2252
1,2025-07-01,1,7,7,0,0,None,28.1,0.9,15000,3684
1,2025-07-01,1,8,7,0,0,None,31.7,0.0,15000,4824
1,2025-07-01,1,8,7,0,0,None,36.5,0.8,15000,4800
1,2025-07-01,1,9,7,0,0,None,31.1,0.6,15000,6558
1,2025-07-01,1,10,7,0,0,None,17.8,1.5,15000,7452
1,2025-07-01,1,10,7,0,0,None,25.4,0.9,15000,7008
1,2025-07-01,1,11,7,0,0,None,31.0,4.3,15000,5701
1,2025-07-01,1,12,7,0,0,None,15.0,0.5,15000,5397
1,2025-07-01,1,13,7,0,0,None,19.8,2.4,15000,4302
1,2025-07-01,1,13,7,0,0,None,28.6,0.0,15000,4323
1,2025-07-01,1,14,7,0,1,Minor,23.7,1.4,15000,5530
1,2025-07-01,1,15,7,0,1,Minor,18.2,2.6,15000,6436
1,2025-07-01,1,16,7,0,0,None,25.5,0.2,15000,5708
1,2025-07-01,1,16,7,0,0,None,28.8,0.2,15000,5358
1,2025-07-01,1,17,7,0,0,None,26.1,1.0,15000,7210
1,2025-07-01,1,18,7,0,0,None,27.7,0.4,15000,9046
1,2025-07-01,1,18,7,0,1,Major,30.6,0.0,15000,15000
1,2025-07-01,1,19,7,0,0,None,25.5,0.0,15000,10028
1,2025-07-01,1,20,7,0,0,None,24.5,1.8,15000,9378
1,2025-07-01,1,21,7,0,0,None,28.0,3.6,15000,6826
1,2025-07-01,1,21,7,0,0,None,38.8,0.0,15000,6334
1,2025-07-01,1,22,7,0,1,Minor,24.9,0.0,15000,6804
1,2025-07-01,1,23,7,0,0,None,30.1,0.2,15000,2473
1,2025-07-02,2,0,7,0,0,None,25.9,1.4,15000,606
1,2025-07-02,2,0,7,0,1,Major,24.4,0.0,15000,1642
1,2025-07-02,2,1,7,0,0,None,27.5,0.1,15000,508
1,2025-07-02,2,2,7,0,0,None,28.7,0.7,15000,407
1,2025-07-02,2,3,7,0,0,None,28.7,1.4,15000,286
1,2025-07-02,2,3,7,0,0,None,26.1,0.2,15000,424
1,2025-07-02,2,4,7,0,0,None,33.1,0.5,15000,625
1,2025-07-02,2,5,7,0,1,Minor,31.8,0.0,15000,1784
1,2025-07-02,2,5,7,0,0,None,22.2,1.0,15000,1373
1,2025-07-02,2,6,7,0,0,None,31.0,0.0,15000,2280
1,2025-07-02,2,7,7,0,1,Minor,29.2,0.4,15000,5244
1,2025-07-02,2,8,7,0,0,None,29.8,0.0,15000,5365
1,2025-07-02,2,8,7,0,0,None,20.7,1.5,15000,5397
1,2025-07-02,2,9,7,0,0,None,33.4,0.0,15000,6314
1,2025-07-02,2,10,7,0,0,None,25.1,4.1,15000,6400
1,2025-07-02,2,11,7,0,1,Minor,31.2,3.1,15000,9582
1,2025-07-02,2,11,7,0,0,None,29.2,0.0,15000,6473
1,2025-07-02,2,12,7,0,0,None,28.4,0.0,15000,5450
1,2025-07-02,2,13,7,0,0,None,28.0,1.1,15000,4426
1,2025-07-02,2,13,7,0,0,None,24.0,0.5,15000,4163
1,2025-07-02,2,14,7,0,0,None,36.1,1.2,15000,3866
1,2025-07-02,2,15,7,0,0,None,31.0,0.0,15000,4608
1,2025-07-02,2,16,7,0,1,Minor,20.8,0.0,15000,8399
1,2025-07-02,2,16,7,0,1,Minor,28.1,3.0,15000,8435
1,2025-07-02,2,17,7,0,0,None,22.3,0.7,15000,7577
1,2025-07-02,2,18,7,0,0,None,24.8,0.0,15000,9084
1,2025-07-02,2,19,7,0,1,Minor,32.4,0.2,15000,14436
1,2025-07-02,2,19,7,0,0,None,27.7,0.0,15000,10386
1,2025-07-02,2,20,7,0,0,None,27.7,0.8,15000,9240
1,2025-07-02,2,21,7,0,0,None,25.0,2.1,15000,6925
1,2025-07-02,2,21,7,0,0,None,26.2,0.2,15000,7264
1,2025-07-02,2,22,7,0,1,Major,26.2,0.2,15000,9476
1,2025-07-02,2,23,7,0,0,None,39.9,0.0,15000,2387
1,2025-07-03,3,0,7,0,0,None,27.6,0.0,15000,946
1,2025-07-03,3,0,7,0,1,Major,31.1,0.0,15000,1266
1,2025-07-03,3,1,7,0,0,None,34.5,0.0,15000,622
1,2025-07-03,3,2,7,0,0,None,15.6,3.6,15000,566
1,2025-07-03,3,3,7,0,0,None,17.3,0.5,15000,581
1,2025-07-03,3,3,7,0,0,None,28.3,0.8,15000,381
1,2025-07-03,3,4,7,0,0,None,25.7,0.9,15000,603
1,2025-07-03,3,5,7,0,0,None,24.9,0.1,15000,1230
1,2025-07-03,3,6,7,0,0,None,30.2,2.1,15000,2420
1,2025-07-03,3,6,7,0,0,None,29.0,1.0,15000,2202
1,2025-07-03,3,7,7,0,0,None,31.3,0.0,15000,3565
1,2025-07-03,3,8,7,0,1,Major,26.2,0.1,15000,10376
1,2025-07-03,3,8,7,0,0,None,21.9,1.5,15000,5284
1,2025-07-03,3,9,7,0,0,None,15.7,2.0,15000,6537
1,2025-07-03,3,10,7,0,0,None,25.6,1.1,15000,7096
1,2025-07-03,3,11,7,0,0,None,26.5,0.9,15000,6585
1,2025-07-03,3,11,7,0,0,None,32.2,4.2,15000,5735
1,2025-07-03,3,12,7,0,0,None,23.7,0.0,15000,5494
1,2025-07-03,3,13,7,0,0,None,26.5,0.0,15000,4315
1,2025-07-03,3,14,7,0,0,None,33.2,0.5,15000,3895
1,2025-07-03,3,14,7,0,0,None,27.7,0.7,15000,4055
1,2025-07-03,3,15,7,0,0,None,25.4,0.0,15000,4481
1,2025-07-03,3,16,7,0,1,Minor,25.3,0.1,15000,8342
1,2025-07-03,3,16,7,0,0,None,28.0,0.0,15000,5157
1,2025-07-03,3,17,7,0,0,None,24.8,0.1,15000,7607
1,2025-07-03,3,18,7,0,0,None,18.7,2.3,15000,9030
1,2025-07-03,3,19,7,0,1,Minor,18.6,2.2,15000,14210
1,2025-07-03,3,19,7,0,0,None,22.4,3.3,15000,10064
1,2025-07-03,3,20,7,0,0,None,21.8,0.1,15000,9657
1,2025-07-03,3,21,7,0,0,None,29.6,0.1,15000,7221
1,2025-07-03,3,22,7,0,0,None,20.9,0.3,15000,4425
1,2025-07-03,3,22,7,0,0,None,26.2,0.5,15000,5024
1,2025-07-03,3,23,7,0,1,Major,21.8,0.6,15000,4763
1,2025-07-04,4,0,7,0,0,None,32.1,0.0,15000,977
1,2025-07-04,4,0,7,0,0,None,28.5,0.5,15000,709
1,2025-07-04,4,1,7,0,0,None,29.8,1.9,15000,362
1,2025-07-04,4,2,7,0,0,None,27.7,0.8,15000,194
1,2025-07-04,4,3,7,0,0,None,27.3,0.0,15000,690
1,2025-07-04,4,3,7,0,0,None,36.2,0.0,15000,417
1,2025-07-04,4,4,7,0,0,None,28.8,0.0,15000,346
1,2025-07-04,4,5,7,0,0,None,24.0,2.8,15000,1303
1,2025-07-04,4,6,7,0,0,None,31.6,1.2,15000,2300
1,2025-07-04,4,6,7,0,0,None,24.2,0.8,15000,2033
1,2025-07-04,4,7,7,0,0,None,23.1,1.8,15000,3611
1,2025-07-04,4,8,7,0,0,None,20.0,0.0,15000,5113
1,2025-07-04,4,9,7,0,0,None,29.7,0.0,15000,6546
1,2025-07-04,4,9,7,0,0,None,21.6,0.6,15000,6670
1,2025-07-04,4,10,7,0,0,None,26.1,1.3,15000,7420
1,2025-07-04,4,11,7,0,0,None,24.0,0.1,15000,6501
1,2025-07-04,4,11,7,0,1,Minor,31.6,0.9,15000,9335
1,2025-07-04,4,12,7,0,1,Minor,29.8,0.1,15000,7233
1,2025-07-04,4,13,7,0,0,None,23.5,0.0,15000,4221
1,2025-07-04,4,14,7,0,0,None,29.5,1.2,15000,3387
1,2025-07-04,4,14,7,0,1,Minor,30.3,2.0,15000,5418
1,2025-07-04,4,15,7,0,0,None,33.7,0.0,15000,4282
1,2025-07-04,4,16,7,0,1,Minor,23.7,0.0,15000,7861
1,2025-07-04,4,17,7,0,0,None,27.5,0.0,15000,7707
1,2025-07-04,4,17,7,0,0,None,25.6,0.0,15000,7423
1,2025-07-04,4,18,7,0,0,None,18.7,1.1,15000,9214
1,2025-07-04,4,19,7,0,0,None,25.2,0.8,15000,9907
1,2025-07-04,4,19,7,0,1,Minor,22.7,0.0,15000,14378
1,2025-07-04,4,20,7,0,0,None,29.7,0.8,15000,9448
1,2025-07-04,4,21,7,0,0,None,18.0,0.2,15000,6982
1,2025-07-04,4,22,7,0,0,None,27.2,2.8,15000,4485
1,2025-07-04,4,22,7,0,0,None,22.0,0.1,15000,4552
1,2025-07-04,4,23,7,0,0,None,28.7,0.1,15000,2723
1,2025-07-05,5,0,7,1,0,None,25.8,0.9,15000,1036
1,2025-07-05,5,1,7,1,0,None,29.7,0.4,15000,623
1,2025-07-05,5,1,7,1,0,None,29.2,0.0,15000,1099
1,2025-07-05,5,2,7,1,0,None,22.1,0.1,15000,706
1,2025-07-05,5,3,7,1,0,None,27.4,0.8,15000,456
1,2025-07-05,5,4,7,1,0,None,31.4,0.0,15000,786
1,2025-07-05,5,4,7,1,0,None,21.4,0.0,15000,798
1,2025-07-05,5,5,7,1,0,None,29.3,0.9,15000,1435
1,2025-07-05,5,6,7,1,0,None,16.3,0.0,15000,3137
1,2025-07-05,5,6,7,1,0,None,32.0,1.7,15000,2848
1,2025-07-05,5,7,7,1,1,Minor,24.8,1.7,15000,6615
1,2025-07-05,5,8,7,1,0,None,22.2,0.0,15000,6668
1,2025-07-05,5,9,7,1,0,None,38.2,0.2,15000,7297
1,2025-07-05,5,9,7,1,0,None,30.5,1.0,15000,8189
1,2025-07-05,5,10,7,1,0,None,27.8,0.5,15000,9107
1,2025-07-05,5,11,7,1,0,None,27.1,0.2,15000,8682
1,2025-07-05,5,12,7,1,0,None,28.5,0.0,15000,6882
1,2025-07-05,5,12,7,1,0,None,33.5,2.6,15000,6599
1,2025-07-05,5,13,7,1,0,None,34.8,0.4,15000,5570
1,2025-07-05,5,14,7,1,0,None,28.5,1.7,15000,4752
1,2025-07-05,5,14,7,1,0,None,32.2,1.0,15000,4944
1,2025-07-05,5,15,7,1,1,Minor,23.6,0.0,15000,8265
1,2025-07-05,5,16,7,1,0,None,21.3,0.0,15000,6956
1,2025-07-05,5,17,7,1,0,None,26.9,1.4,15000,9401
1,2025-07-05,5,17,7,1,0,None,25.4,1.2,15000,9695
1,2025-07-05,5,18,7,1,0,None,27.8,0.9,15000,11577
1,2025-07-05,5,19,7,1,0,None,21.6,1.9,15000,12865
1,2025-07-05,5,20,7,1,0,None,29.9,0.0,15000,12022
1,2025-07-05,5,20,7,1,1,Minor,25.7,2.4,15000,15000
1,2025-07-05,5,21,7,1,0,None,33.4,0.0,15000,9014
1,2025-07-05,5,22,7,1,0,None,25.8,1.1,15000,6137
1,2025-07-05,5,22,7,1,0,None,29.3,1.1,15000,5876
1,2025-07-05,5,23,7,1,0,None,37.1,1.4,15000,2768
1,2025-07-06,6,0,7,1,0,None,28.0,1.0,15000,1069
1,2025-07-06,6,1,7,1,0,None,29.4,0.7,15000,860
1,2025-07-06,6,1,7,1,0,None,24.6,2.8,15000,289
1,2025-07-06,6,2,7,1,1,Minor,15.6,5.1,15000,875
1,2025-07-06,6,3,7,1,0,None,20.6,0.6,15000,649
1,2025-07-06,6,4,7,1,0,None,29.8,1.5,15000,927
1,2025-07-06,6,4,7,1,0,None,25.0,0.0,15000,862
1,2025-07-06,6,5,7,1,1,Minor,36.4,1.3,15000,2226
1,2025-07-06,6,6,7,1,1,Minor,20.7,0.0,15000,3910
1,2025-07-06,6,7,7,1,0,None,31.7,2.2,15000,4352
1,2025-07-06,6,7,7,1,0,None,23.8,2.3,15000,4687
1,2025-07-06,6,8,7,1,0,None,26.8,0.0,15000,6650
1,2025-07-06,6,9,7,1,0,None,33.0,0.8,15000,7978
1,2025-07-06,6,9,7,1,0,None,29.4,0.9,15000,8610
1,2025-07-06,6,10,7,1,0,None,25.5,1.0,15000,9151
1,2025-07-06,6,11,7,1,0,None,28.5,0.0,15000,8437
1,2025-07-06,6,12,7,1,0,None,30.2,0.0,15000,6623
1,2025-07-06,6,12,7,1,0,None,27.5,1.9,15000,6410
1,2025-07-06,6,13,7,1,0,None,27.3,0.0,15000,5485
1,2025-07-06,6,14,7,1,0,None,34.9,0.2,15000,5004
1,2025-07-06,6,15,7,1,1,Minor,28.2,0.0,15000,8245
1,2025-07-06,6,15,7,1,0,None,26.8,0.5,15000,5615
1,2025-07-06,6,16,7,1,0,None,30.2,0.0,15000,7046
1,2025-07-06,6,17,7,1,0,None,24.3,0.0,15000,9179
1,2025-07-06,6,17,7,1,0,None,25.6,0.0,15000,9464
1,2025-07-06,6,18,7,1,0,None,28.7,0.2,15000,11422
1,2025-07-06,6,19,7,1,0,None,27.2,1.5,15000,12912
1,2025-07-06,6,20,7,1,0,None,19.0,3.2,15000,11738
1,2025-07-06,6,20,7,1,0,None,33.3,0.0,15000,11811
1,2025-07-06,6,21,7,1,0,None,38.3,1.7,15000,8380
1,2025-07-06,6,22,7,1,0,None,24.1,0.6,15000,6187
1,2025-07-06,6,23,7,1,0,None,32.1,0.0,15000,3141
1,2025-07-06,6,23,7,1,0,None,28.5,0.0,15000,3113
1,2025-07-07,0,0,7,0,0,None,21.9,0.4,15000,1035
1,2025-07-07,0,1,7,0,0,None,26.3,0.0,15000,663
1,2025-07-07,0,2,7,0,0,None,33.1,2.7,15000,689
1,2025-07-07,0,2,7,0,0,None,25.1,1.3,15000,177
1,2025-07-07,0,3,7,0,0,None,23.7,2.4,15000,148
1,2025-07-07,0,4,7,0,0,None,31.6,1.5,15000,692
1,2025-07-07,0,4,7,0,0,None,21.3,2.5,15000,456
1,2025-07-07,0,5,7,0,0,None,26.6,0.0,15000,1478
1,2025-07-07,0,6,7,0,0,None,34.9,0.7,15000,1962
1,2025-07-07,0,7,7,0,0,None,23.6,1.1,15000,3891
1,2025-07-07,0,7,7,0,0,None,24.8,1.2,15000,3525
1,2025-07-07,0,8,7,0,0,None,18.8,0.6,15000,5170
1,2025-07-07,0,9,7,0,0,None,32.0,1.7,15000,6204
1,2025-07-07,0,10,7,0,1,Minor,22.0,0.0,15000,10653
1,2025-07-07,0,10,7,0,0,None,30.1,0.0,15000,7103
1,2025-07-07,0,11,7,0,1,Minor,39.7,1.2,15000,8529
1,2025-07-07,0,12,7,0,0,None,35.1,0.5,15000,5198
1,2025-07-07,0,12,7,0,1,Minor,23.9,5.0,15000,6588
1,2025-07-07,0,13,7,0,0,None,20.1,0.9,15000,4457
1,2025-07-07,0,14,7,0,0,None,25.5,2.3,15000,3840
1,2025-07-07,0,15,7,0,0,None,24.6,0.0,15000,4435
1,2025-07-07,0,15,7,0,0,None,18.4,0.0,15000,4460
1,2025-07-07,0,16,7,0,0,None,22.1,0.5,15000,5537
1,2025-07-07,0,17,7,0,0,None,24.6,0.8,15000,7451
1,2025-07-07,0,18,7,0,0,None,19.9,0.0,15000,9010
1,2025-07-07,0,18,7,0,0,None,33.0,3.1,15000,8893
1,2025-07-07,0,19,7,0,0,None,19.5,2.9,15000,9879
1,2025-07-07,0,20,7,0,0,None,22.9,1.8,15000,9631
1,2025-07-07,0,20,7,0,0,None,30.6,0.3,15000,9018
1,2025-07-07,0,21,7,0,1,Major,25.7,0.5,15000,14437
1,2025-07-07,0,22,7,0,0,None,25.5,6.6,15000,3755
1,2025-07-07,0,23,7,0,0,None,29.1,0.0,15000,2287
1,2025-07-07,0,23,7,0,1,Minor,17.8,0.0,15000,3312
1,2025-07-08,1,0,7,0,0,None,25.0,3.6,15000,813
1,2025-07-08,1,1,7,0,0,None,18.2,1.2,15000,526
1,2025-07-08,1,2,7,0,0,None,22.4,0.0,15000,641
1,2025-07-08,1,2,7,0,0,None,23.8,0.0,15000,655
1,2025-07-08,1,3,7,0,0,None,28.7,3.3,15000,313
1,2025-07-08,1,4,7,0,0,None,26.1,0.0,15000,622
1,2025-07-08,1,5,7,0,0,None,31.7,0.0,15000,1283
1,2025-07-08,1,5,7,0,0,None,26.9,2.4,15000,1170
1,2025-07-08,1,6,7,0,0,None,25.6,0.2,15000,2136
1,2025-07-08,1,7,7,0,0,None,28.5,0.7,15000,4036
1,2025-07-08,1,7,7,0,1,Minor,28.2,0.0,15000,5218
1,2025-07-08,1,8,7,0,0,None,28.8,0.6,15000,4869
1,2025-07-08,1,9,7,0,0,None,25.4,0.5,15000,6689
1,2025-07-08,1,10,7,0,1,Major,23.6,1.6,15000,14547
1,2025-07-08,1,10,7,0,0,None,26.8,0.5,15000,7196
1,2025-07-08,1,11,7,0,0,None,21.3,0.3,15000,6611
1,2025-07-08,1,12,7,0,0,None,26.3,0.0,15000,5085
1,2025-07-08,1,13,7,0,0,None,34.4,0.8,15000,4612
1,2025-07-08,1,13,7,0,0,None,22.4,0.5,15000,4177
1,2025-07-08,1,14,7,0,0,None,32.5,0.0,15000,3682
1,2025-07-08,1,15,7,0,0,None,28.4,0.2,15000,4328
1,2025-07-08,1,15,7,0,0,None,26.0,0.1,15000,4280
1,2025-07-08,1,16,7,0,0,None,30.0,0.0,15000,5997
1,2025-07-08,1,17,7,0,0,None,26.9,0.0,15000,7446
1,2025-07-08,1,18,7,0,0,None,27.4,0.1,15000,8784
1,2025-07-08,1,18,7,0,0,None,24.5,0.0,15000,8929
1,2025-07-08,1,19,7,0,0,None,30.1,0.1,15000,9867
1,2025-07-08,1,20,7,0,0,None,32.1,1.8,15000,9104
1,2025-07-08,1,21,7,0,0,None,30.9,0.0,15000,7000
1,2025-07-08,1,21,7,0,0,None,28.2,0.5,15000,7058
1,2025-07-08,1,22,7,0,1,Minor,23.4,0.0,15000,7178
1,2025-07-08,1,23,7,0,0,None,22.5,3.4,15000,2496
1,2025-07-08,1,23,7,0,0,None,31.6,0.0,15000,2199
1,2025-07-09,2,0,7,0,0,None,29.0,0.0,15000,1109
1,2025-07-09,2,1,7,0,0,None,21.9,0.1,15000,539
1,2025-07-09,2,2,7,0,0,None,24.5,0.0,15000,675
1,2025-07-09,2,2,7,0,0,None,25.9,0.0,15000,664
1,2025-07-09,2,3,7,0,0,None,34.9,0.2,15000,806
1,2025-07-09,2,4,7,0,0,None,36.1,0.5,15000,567
1,2025-07-09,2,5,7,0,0,None,34.4,4.0,15000,1175
1,2025-07-09,2,5,7,0,0,None,29.7,0.0,15000,1226
1,2025-07-09,2,6,7,0,0,None,27.6,2.1,15000,2177
1,2025-07-09,2,7,7,0,0,None,25.8,0.7,15000,3562
1,2025-07-09,2,8,7,0,0,None,21.5,0.2,15000,5396
1,2025-07-09,2,8,7,0,1,Major,20.4,2.6,15000,10738
1,2025-07-09,2,9,7,0,0,None,19.5,2.4,15000,6384
1,2025-07-09,2,10,7,0,1,Major,29.1,0.9,15000,14371
1,2025-07-09,2,10,7,0,0,None,29.5,0.0,15000,7119
1,2025-07-09,2,11,7,0,0,None,24.9,3.3,15000,6530
1,2025-07-09,2,12,7,0,0,None,29.2,0.0,15000,5223
1,2025-07-09,2,13,7,0,1,Major,28.0,0.4,15000,9056
1,2025-07-09,2,13,7,0,1,Minor,18.1,0.0,15000,6166
1,2025-07-09,2,14,7,0,0,None,21.1,0.0,15000,3556
1,2025-07-09,2,15,7,0,0,None,27.6,4.4,15000,3999
1,2025-07-09,2,16,7,0,0,None,23.1,3.4,15000,5235
1,2025-07-09,2,16,7,0,0,None,30.4,0.0,15000,5416
1,2025-07-09,2,17,7,0,0,None,23.3,0.0,15000,7257
1,2025-07-09,2,18,7,0,0,None,24.5,0.0,15000,9054
1,2025-07-09,2,18,7,0,0,None,26.3,0.6,15000,8936
1,2025-07-09,2,19,7,0,0,None,23.7,0.1,15000,9688
1,2025-07-09,2,20,7,0,0,None,29.3,0.0,15000,9375
1,2025-07-09,2,21,7,0,0,None,21.5,0.3,15000,7367
1,2025-07-09,2,21,7,0,0,None,24.7,0.6,15000,7060
1,2025-07-09,2,22,7,0,0,None,20.0,0.4,15000,4472
1,2025-07-09,2,23,7,0,0,None,23.0,0.7,15000,2708
1,2025-07-10,3,0,7,0,0,None,23.0,0.0,15000,892
1,2025-07-10,3,0,7,0,0,None,27.9,3.6,15000,970
1,2025-07-10,3,1,7,0,1,Minor,15.3,0.7,15000,661
1,2025-07-10,3,2,7,0,0,None,29.3,0.8,15000,667
1,2025-07-10,3,2,7,0,0,None,32.6,2.7,15000,429
1,2025-07-10,3,3,7,0,0,None,23.2,0.0,15000,756
1,2025-07-10,3,4,7,0,0,None,26.0,2.1,15000,450
1,2025-07-10,3,5,7,0,1,Minor,27.4,0.1,15000,1671
1,2025-07-10,3,5,7,0,0,None,23.0,0.0,15000,1167
1,2025-07-10,3,6,7,0,0,None,25.1,3.9,15000,1944
1,2025-07-10,3,7,7,0,0,None,27.1,1.2,15000,3422
1,2025-07-10,3,8,7,0,0,None,25.7,0.0,15000,5483
1,2025-07-10,3,8,7,0,0,None,32.9,0.0,15000,5490
1,2025-07-10,3,9,7,0,1,Minor,32.0,0.2,15000,9287
1,2025-07-10,3,10,7,0,0,None,39.4,0.3,15000,6124
1,2025-07-10,3,11,7,0,0,None,31.7,0.0,15000,6373
1,2025-07-10,3,11,7,0,0,None,22.8,0.7,15000,6732
1,2025-07-10,3,12,7,0,0,None,27.3,0.9,15000,5028
1,2025-07-10,3,13,7,0,1,Minor,26.9,0.0,15000,6241
1,2025-07-10,3,13,7,0,0,None,26.9,0.2,15000,4559
1,2025-07-10,3,14,7,0,0,None,21.6,0.0,15000,3724
1,2025-07-10,3,15,7,0,0,None,17.6,0.5,15000,4397
1,2025-07-10,3,16,7,0,0,None,30.6,0.0,15000,5772
1,2025-07-10,3,16,7,0,1,Minor,20.0,0.0,15000,8155
1,2025-07-10,3,17,7,0,0,None,32.7,0.1,15000,7260
1,2025-07-10,3,18,7,0,0,None,41.2,1.0,15000,8080
1,2025-07-10,3,19,7,0,0,None,15.6,0.0,15000,9948
1,2025-07-10,3,19,7,0,0,None,24.8,0.0,15000,9967
1,2025-07-10,3,20,7,0,0,None,34.0,1.6,15000,9378
1,2025-07-10,3,21,7,0,0,None,20.6,0.0,15000,7236
1,2025-07-10,3,21,7,0,0,None,31.4,0.4,15000,6833
1,2025-07-10,3,22,7,0,0,None,22.7,0.9,15000,4811
1,2025-07-10,3,23,7,0,0,None,35.9,0.0,15000,2260
1,2025-07-11,4,0,7,0,0,None,30.7,0.4,15000,1054
1,2025-07-11,4,0,7,0,0,None,23.8,1.7,15000,951
1,2025-07-11,4,1,7,0,0,None,24.9,0.0,15000,579
1,2025-07-11,4,2,7,0,0,None,28.5,0.4,15000,728
1,2025-07-11,4,3,7,0,0,None,37.7,0.0,15000,349
1,2025-07-11,4,3,7,0,0,None,21.9,1.7,15000,720
1,2025-07-11,4,4,7,0,0,None,30.8,1.6,15000,774
1,2025-07-11,4,5,7,0,0,None,31.6,3.5,15000,1127
1,2025-07-11,4,6,7,0,0,None,29.1,0.0,15000,2470
1,2025-07-11,4,6,7,0,0,None,23.9,2.3,15000,2352
1,2025-07-11,4,7,7,0,0,None,25.6,1.5,15000,3811
1,2025-07-11,4,8,7,0,0,None,34.0,0.3,15000,5184
1,2025-07-11,4,8,7,0,0,None,28.3,1.1,15000,5059
1,2025-07-11,4,9,7,0,0,None,29.6,0.3,15000,6255
1,2025-07-11,4,10,7,0,0,None,29.5,0.2,15000,7321
1,2025-07-11,4,11,7,0,0,None,28.0,2.0,15000,6473
1,2025-07-11,4,11,7,0,0,None,33.8,0.3,15000,6472
1,2025-07-11,4,12,7,0,0,None,34.9,0.0,15000,5232
1,2025-07-11,4,13,7,0,0,None,37.8,1.0,15000,3962
1,2025-07-11,4,14,7,0,0,None,23.7,1.7,15000,3921
1,2025-07-11,4,14,7,0,1,Minor,31.5,0.0,15000,5561
1,2025-07-11,4,15,7,0,0,None,27.1,0.0,15000,4658
1,2025-07-11,4,16,7,0,0,None,23.0,0.0,15000,5627
1,2025-07-11,4,16,7,0,0,None,42.0,0.0,15000,4960
1,2025-07-11,4,17,7,0,0,None,27.8,0.2,15000,7167
1,2025-07-11,4,18,7,0,0,None,33.9,0.0,15000,9318
1,2025-07-11,4,19,7,0,0,None,25.6,0.0,15000,10255
1,2025-07-11,4,19,7,0,0,None,25.1,0.2,15000,9947
1,2025-07-11,4,20,7,0,0,None,27.8,5.6,15000,8058
1,2025-07-11,4,21,7,0,0,None,24.3,0.0,15000,7335
1,2025-07-11,4,22,7,0,0,None,20.5,1.8,15000,4732
1,2025-07-11,4,22,7,0,0,None,30.5,0.0,15000,4802
1,2025-07-11,4,23,7,0,0,None,33.8,0.0,15000,2286
1,2025-07-12,5,0,7,1,0,None,18.4,1.6,15000,921
1,2025-07-12,5,0,7,1,0,None,36.1,0.1,15000,1000
1,2025-07-12,5,1,7,1,0,None,30.9,0.0,15000,895
1,2025-07-12,5,2,7,1,0,None,24.0,0.0,15000,428
1,2025-07-12,5,3,7,1,0,None,24.8,0.6,15000,725
1,2025-07-12,5,3,7,1,0,None,38.9,2.3,15000,583
1,2025-07-12,5,4,7,1,0,None,28.1,0.2,15000,764
1,2025-07-12,5,5,7,1,0,None,27.8,0.0,15000,1356
1,2025-07-12,5,6,7,1,0,None,20.3,0.8,15000,2736
1,2025-07-12,5,6,7,1,0,None,15.0,0.3,15000,2605
1,2025-07-12,5,7,7,1,0,None,27.9,1.5,15000,4584
1,2025-07-12,5,8,7,1,0,None,24.1,0.1,15000,6506
1,2025-07-12,5,9,7,1,0,None,25.6,0.0,15000,8226
1,2025-07-12,5,9,7,1,0,None,28.9,0.0,15000,8517
1,2025-07-12,5,10,7,1,0,None,30.2,1.9,15000,9350
1,2025-07-12,5,11,7,1,0,None,15.3,0.0,15000,8452
1,2025-07-12,5,11,7,1,0,None,28.1,2.6,15000,8612
1,2025-07-12,5,12,7,1,0,None,32.1,0.9,15000,6897
1,2025-07-12,5,13,7,1,0,None,24.5,4.2,15000,4773
1,2025-07-12,5,14,7,1,1,Minor,15.0,0.1,15000,6861
1,2025-07-12,5,14,7,1,0,None,29.0,0.2,15000,4907
1,2025-07-12,5,15,7,1,0,None,28.8,1.2,15000,5692
1,2025-07-12,5,16,7,1,0,None,20.0,0.3,15000,7359
1,2025-07-12,5,17,7,1,0,None,26.3,0.6,15000,9511
1,2025-07-12,5,17,7,1,0,None,30.8,2.7,15000,9814
1,2025-07-12,5,18,7,1,1,Minor,30.5,0.2,15000,15000
1,2025-07-12,5,19,7,1,0,None,37.9,0.0,15000,11272
1,2025-07-12,5,19,7,1,0,None,27.5,0.0,15000,13048
1,2025-07-12,5,20,7,1,0,None,21.2,1.7,15000,12001
1,2025-07-12,5,21,7,1,0,None,31.3,0.2,15000,9205
1,2025-07-12,5,22,7,1,0,None,31.2,0.1,15000,6349
1,2025-07-12,5,22,7,1,0,None,19.1,1.1,15000,5877
1,2025-07-12,5,23,7,1,0,None,16.6,0.1,15000,2983
1,2025-07-13,6,0,7,1,0,None,25.9,0.1,15000,952
1,2025-07-13,6,1,7,1,0,None,24.4,3.1,15000,1013
1,2025-07-13,6,1,7,1,0,None,34.0,0.0,15000,1067
1,2025-07-13,6,2,7,1,0,None,27.9,1.0,15000,1094
1,2025-07-13,6,3,7,1,0,None,15.0,1.1,15000,742
1,2025-07-13,6,4,7,1,0,None,29.2,0.0,15000,990
1,2025-07-13,6,4,7,1,0,None,29.8,0.0,15000,836
1,2025-07-13,6,5,7,1,0,None,30.7,0.2,15000,1770
1,2025-07-13,6,6,7,1,0,None,18.4,0.8,15000,2883
1,2025-07-13,6,6,7,1,0,None,16.0,0.0,15000,3011
1,2025-07-13,6,7,7,1,0,None,28.5,1.7,15000,4625
1,2025-07-13,6,8,7,1,0,None,15.0,0.0,15000,6571
1,2025-07-13,6,9,7,1,0,None,25.2,0.3,15000,8509
1,2025-07-13,6,9,7,1,0,None,25.9,0.7,15000,8300
1,2025-07-13,6,10,7,1,0,None,31.9,1.5,15000,9614
1,2025-07-13,6,11,7,1,0,None,27.0,0.1,15000,8729
1,2025-07-13,6,12,7,1,0,None,36.2,0.0,15000,6421
1,2025-07-13,6,12,7,1,0,None,23.3,0.3,15000,7161
1,2025-07-13,6,13,7,1,0,None,32.1,0.7,15000,5319
1,2025-07-13,6,14,7,1,0,None,35.3,0.0,15000,5223
1,2025-07-13,6,14,7,1,1,Minor,28.1,1.0,15000,7209
1,2025-07-13,6,15,7,1,0,None,29.5,0.0,15000,5900
1,2025-07-13,6,16,7,1,0,None,23.1,0.0,15000,7092
1,2025-07-13,6,17,7,1,0,None,32.2,2.6,15000,9664
1,2025-07-13,6,17,7,1,0,None,37.2,4.3,15000,7523
1,2025-07-13,6,18,7,1,0,None,30.3,1.6,15000,11881
1,2025-07-13,6,19,7,1,1,Major,35.4,2.4,15000,15000
1,2025-07-13,6,20,7,1,0,None,25.5,0.0,15000,11894
1,2025-07-13,6,20,7,1,0,None,28.8,0.9,15000,11779
1,2025-07-13,6,21,7,1,0,None,25.7,2.7,15000,9255
1,2025-07-13,6,22,7,1,0,None,25.8,0.0,15000,5905
1,2025-07-13,6,22,7,1,0,None,26.5,0.9,15000,6372
1,2025-07-13,6,23,7,1,0,None,37.4,0.0,15000,2674
1,2025-07-14,0,0,7,0,0,None,19.8,0.0,15000,830
1,2025-07-14,0,1,7,0,0,None,21.3,1.2,15000,458
1,2025-07-14,0,1,7,0,0,None,30.2,1.0,15000,530
1,2025-07-14,0,2,7,0,0,None,35.2,0.0,15000,405
1,2025-07-14,0,3,7,0,0,None,29.7,0.7,15000,873
1,2025-07-14,0,4,7,0,0,None,25.0,0.5,15000,464
1,2025-07-14,0,4,7,0,0,None,22.5,4.0,15000,953
1,2025-07-14,0,5,7,0,1,Minor,24.0,0.0,15000,1538
1,2025-07-14,0,6,7,0,0,None,32.1,2.1,15000,1992
1,2025-07-14,0,7,7,0,0,None,28.3,0.0,15000,3368
1,2025-07-14,0,7,7,0,0,None,26.0,0.0,15000,3847
1,2025-07-14,0,8,7,0,0,None,24.8,0.4,15000,4973
1,2025-07-14,0,9,7,0,0,None,27.5,1.8,15000,6625
1,2025-07-14,0,9,7,0,0,None,26.8,0.0,15000,6882
1,2025-07-14,0,10,7,0,0,None,22.8,0.3,15000,7142
1,2025-07-14,0,11,7,0,0,None,26.4,0.5,15000,6672
1,2025-07-14,0,12,7,0,0,None,22.6,0.0,15000,5126
1,2025-07-14,0,12,7,0,0,None,24.7,0.3,15000,5032
1,2025-07-14,0,13,7,0,0,None,26.4,2.8,15000,4422
1,2025-07-14,0,14,7,0,0,None,20.2,0.4,15000,3807
1,2025-07-14,0,15,7,0,0,None,28.1,0.6,15000,4435
1,2025-07-14,0,15,7,0,0,None,39.3,1.3,15000,3913
1,2025-07-14,0,16,7,0,0,None,25.9,0.8,15000,5492
1,2025-07-14,0,17,7,0,0,None,24.7,0.0,15000,7260
1,2025-07-14,0,17,7,0,0,None,24.2,1.0,15000,7334
1,2025-07-14,0,18,7,0,0,None,26.3,2.9,15000,9200
1,2025-07-14,0,19,7,0,0,None,23.7,0.0,15000,9881
1,2025-07-14,0,20,7,0,0,None,27.8,0.9,15000,9327
1,2025-07-14,0,20,7,0,0,None,24.5,0.8,15000,9069
1,2025-07-14,0,21,7,0,0,None,31.8,0.4,15000,7282
1,2025-07-14,0,22,7,0,0,None,27.2,0.8,15000,4842
1,2025-07-14,0,23,7,0,0,None,19.0,0.5,15000,2181
1,2025-07-14,0,23,7,0,1,Major,17.7,2.8,15000,4994
1,2025-07-15,1,0,7,0,1,Minor,30.3,2.4,15000,1149
1,2025-07-15,1,1,7,0,0,None,19.0,0.1,15000,717
1,2025-07-15,1,1,7,0,1,Minor,23.7,0.9,15000,1063
1,2025-07-15,1,2,7,0,0,None,39.0,1.5,15000,160
1,2025-07-15,1,3,7,0,0,None,22.0,0.0,15000,451
1,2025-07-15,1,4,7,0,0,None,27.4,0.0,15000,870
1,2025-07-15,1,4,7,0,1,Minor,26.6,0.9,15000,828
1,2025-07-15,1,5,7,0,0,None,28.8,0.2,15000,1023
1,2025-07-15,1,6,7,0,0,None,24.0,0.0,15000,2391
1,2025-07-15,1,7,7,0,0,None,23.6,1.1,15000,3427
1,2025-07-15,1,7,7,0,0,None,24.3,0.1,15000,3691
1,2025-07-15,1,8,7,0,1,Minor,17.9,1.0,15000,7604
1,2025-07-15,1,9,7,0,1,Major,26.5,3.4,15000,12879
1,2025-07-15,1,10,7,0,0,None,26.5,1.0,15000,7161
1,2025-07-15,1,10,7,0,0,None,25.5,0.4,15000,7175
1,2025-07-15,1,11,7,0,0,None,26.1,0.1,15000,6451
1,2025-07-15,1,12,7,0,0,None,24.6,1.5,15000,5255
1,2025-07-15,1,12,7,0,1,Major,37.5,3.4,15000,8906
1,2025-07-15,1,13,7,0,0,None,27.3,0.2,15000,4078
1,2025-07-15,1,14,7,0,0,None,27.0,0.0,15000,3545
1,2025-07-15,1,15,7,0,0,None,23.3,2.2,15000,4429
1,2025-07-15,1,15,7,0,0,None,25.7,0.8,15000,4380
1,2025-07-15,1,16,7,0,0,None,22.3,1.1,15000,5730
1,2025-07-15,1,17,7,0,0,None,25.8,0.0,15000,7334
1,2025-07-15,1,18,7,0,1,Minor,26.7,1.5,15000,12852
1,2025-07-15,1,18,7,0,0,None,25.9,0.6,15000,9094
1,2025-07-15,1,19,7,0,1,Minor,23.1,0.9,15000,14652
1,2025-07-15,1,20,7,0,0,None,19.8,0.0,15000,9430
1,2025-07-15,1,20,7,0,0,None,33.0,0.1,15000,9374
1,2025-07-15,1,21,7,0,0,None,23.4,0.8,15000,7216
1,2025-07-15,1,22,7,0,0,None,22.3,0.0,15000,5019
1,2025-07-15,1,23,7,0,0,None,25.5,0.0,15000,2335
1,2025-07-15,1,23,7,0,0,None,15.8,0.6,15000,2479
1,2025-07-16,2,0,7,0,0,None,31.9,0.0,15000,867
1,2025-07-16,2,1,7,0,0,None,31.2,0.1,15000,950
1,2025-07-16,2,2,7,0,0,None,26.6,0.5,15000,449
1,2025-07-16,2,2,7,0,1,Major,37.8,1.3,15000,899
1,2025-07-16,2,3,7,0,1,Minor,20.4,0.6,15000,596
1,2025-07-16,2,4,7,0,0,None,37.5,0.1,15000,664
1,2025-07-16,2,4,7,0,0,None,32.0,0.1,15000,512
1,2025-07-16,2,5,7,0,0,None,32.0,1.2,15000,1133
1,2025-07-16,2,6,7,0,0,None,32.2,0.9,15000,2500
1,2025-07-16,2,7,7,0,0,None,23.2,0.8,15000,3718
1,2025-07-16,2,7,7,0,0,None,27.9,1.2,15000,3511
1,2025-07-16,2,8,7,0,0,None,23.7,3.5,15000,5219
1,2025-07-16,2,9,7,0,1,Minor,22.6,1.2,15000,9396
1,2025-07-16,2,10,7,0,0,None,30.7,0.0,15000,6952
1,2025-07-16,2,10,7,0,0,None,22.1,0.8,15000,7065
1,2025-07-16,2,11,7,0,0,None,29.0,1.1,15000,6757
1,2025-07-16,2,12,7,0,0,None,27.4,0.4,15000,5321
1,2025-07-16,2,13,7,0,0,None,28.6,2.8,15000,4622
1,2025-07-16,2,13,7,0,0,None,21.4,1.6,15000,4093
1,2025-07-16,2,14,7,0,1,Minor,15.6,0.0,15000,5259
1,2025-07-16,2,15,7,0,0,None,23.3,0.5,15000,4404
1,2025-07-16,2,15,7,0,0,None,27.1,0.5,15000,4472
1,2025-07-16,2,16,7,0,0,None,26.6,0.1,15000,5598
1,2025-07-16,2,17,7,0,1,Minor,29.0,0.6,15000,11019
1,2025-07-16,2,18,7,0,0,None,33.1,2.5,15000,8871
1,2025-07-16,2,18,7,0,0,None,37.0,2.1,15000,8399
1,2025-07-16,2,19,7,0,1,Minor,20.6,0.0,15000,14445
1,2025-07-16,2,20,7,0,0,None,28.0,0.0,15000,9400
1,2025-07-16,2,21,7,0,0,None,22.0,0.3,15000,6922
1,2025-07-16,2,21,7,0,0,None,32.8,0.1,15000,7327
1,2025-07-16,2,22,7,0,0,None,26.8,0.7,15000,4651
1,2025-07-16,2,23,7,0,0,None,31.3,0.7,15000,2292
1,2025-07-16,2,23,7,0,0,None,28.7,0.1,15000,2631
1,2025-07-17,3,0,7,0,0,None,26.6,0.0,15000,619
1,2025-07-17,3,1,7,0,1,Minor,22.4,0.8,15000,792
1,2025-07-17,3,2,7,0,0,None,26.6,1.6,15000,111
1,2025-07-17,3,2,7,0,0,None,22.3,1.1,15000,649
1,2025-07-17,3,3,7,0,0,None,28.2,1.0,15000,237
1,2025-07-17,3,4,7,0,1,Minor,28.5,0.3,15000,1200
1,2025-07-17,3,5,7,0,0,None,29.8,0.1,15000,1489
1,2025-07-17,3,5,7,0,0,None,18.7,0.1,15000,1086
1,2025-07-17,3,6,7,0,0,None,29.2,0.0,15000,2114
1,2025-07-17,3,7,7,0,0,None,26.5,0.1,15000,3902
1,2025-07-17,3,8,7,0,0,None,33.1,0.0,15000,5297
1,2025-07-17,3,8,7,0,0,None,27.5,1.3,15000,5302
1,2025-07-17,3,9,7,0,0,None,30.8,0.7,15000,6417
1,2025-07-17,3,10,7,0,0,None,31.6,1.2,15000,7273
1,2025-07-17,3,10,7,0,0,None,28.9,0.6,15000,7195
1,2025-07-17,3,11,7,0,0,None,29.7,0.1,15000,6786
1,2025-07-17,3,12,7,0,0,None,22.4,1.5,15000,5549
1,2025-07-17,3,13,7,0,0,None,32.6,0.4,15000,4111
1,2025-07-17,3,13,7,0,0,None,31.5,0.1,15000,4264
1,2025-07-17,3,14,7,0,0,None,21.1,0.5,15000,3689
1,2025-07-17,3,15,7,0,0,None,24.3,0.7,15000,4514
1,2025-07-17,3,16,7,0,1,Minor,26.8,1.7,15000,8191
1,2025-07-17,3,16,7,0,0,None,31.2,0.0,15000,5697
1,2025-07-17,3,17,7,0,0,None,31.3,3.4,15000,7274
1,2025-07-17,3,18,7,0,0,None,25.5,0.1,15000,8944
1,2025-07-17,3,18,7,0,1,Minor,25.8,5.4,15000,11465
1,2025-07-17,3,19,7,0,0,None,24.3,0.9,15000,10412
1,2025-07-17,3,20,7,0,0,None,23.6,0.4,15000,9324
1,2025-07-17,3,21,7,0,0,None,34.1,0.0,15000,6893
1,2025-07-17,3,21,7,0,0,None,25.1,0.0,15000,7328
1,2025-07-17,3,22,7,0,0,None,24.4,1.9,15000,4887
1,2025-07-17,3,23,7,0,0,None,22.6,0.0,15000,2435
1,2025-07-18,4,0,7,0,0,None,24.8,0.0,15000,682
1,2025-07-18,4,0,7,0,0,None,25.7,0.7,15000,991
1,2025-07-18,4,1,7,0,0,None,27.7,0.5,15000,898
1,2025-07-18,4,2,7,0,0,None,22.0,0.1,15000,736
1,2025-07-18,4,2,7,0,0,None,16.6,0.5,15000,630
1,2025-07-18,4,3,7,0,0,None,36.0,0.2,15000,810
1,2025-07-18,4,4,7,0,0,None,23.8,2.1,15000,858
1,2025-07-18,4,5,7,0,0,None,33.0,0.7,15000,1319
1,2025-07-18,4,5,7,0,0,None,24.6,0.7,15000,1059
1,2025-07-18,4,6,7,0,0,None,26.1,1.9,15000,2348
1,2025-07-18,4,7,7,0,0,None,25.1,0.0,15000,3570
1,2025-07-18,4,8,7,0,0,None,26.3,0.8,15000,5301
1,2025-07-18,4,8,7,0,0,None,27.0,0.0,15000,5087
1,2025-07-18,4,9,7,0,0,None,23.7,0.8,15000,6746
1,2025-07-18,4,10,7,0,1,Minor,31.4,1.7,15000,10539
1,2025-07-18,4,11,7,0,0,None,27.8,3.7,15000,6290
1,2025-07-18,4,11,7,0,0,None,33.1,2.7,15000,6489
1,2025-07-18,4,12,7,0,0,None,24.3,0.1,15000,5336
1,2025-07-18,4,13,7,0,0,None,33.1,0.5,15000,4304
1,2025-07-18,4,13,7,0,1,Minor,29.0,0.7,15000,5949
1,2025-07-18,4,14,7,0,0,None,27.6,2.5,15000,3763
1,2025-07-18,4,15,7,0,0,None,29.3,0.8,15000,4443
1,2025-07-18,4,16,7,0,0,None,22.2,0.6,15000,5759
1,2025-07-18,4,16,7,0,0,None,30.0,0.8,15000,5544
1,2025-07-18,4,17,7,0,0,None,20.3,1.8,15000,7702
1,2025-07-18,4,18,7,0,0,None,27.1,0.9,15000,9268
1,2025-07-18,4,19,7,0,0,None,29.2,0.0,15000,9879
1,2025-07-18,4,19,7,0,0,None,30.2,2.0,15000,10025
1,2025-07-18,4,20,7,0,1,Minor,28.4,0.5,15000,13300
1,2025-07-18,4,21,7,0,0,None,27.9,0.0,15000,7010
1,2025-07-18,4,21,7,0,0,None,29.9,0.0,15000,7310
1,2025-07-18,4,22,7,0,1,Minor,27.8,0.1,15000,6817
1,2025-07-18,4,23,7,0,0,None,29.0,0.8,15000,2350
1,2025-07-19,5,0,7,1,1,Minor,37.2,0.4,15000,1235
1,2025-07-19,5,0,7,1,0,None,29.8,0.7,15000,1196
1,2025-07-19,5,1,7,1,0,None,25.9,0.0,15000,917
1,2025-07-19,5,2,7,1,0,None,34.0,0.2,15000,722
1,2025-07-19,5,3,7,1,0,None,23.3,0.0,15000,484
1,2025-07-19,5,3,7,1,0,None,36.8,1.0,15000,551
1,2025-07-19,5,4,7,1,0,None,30.6,1.1,15000,1240
1,2025-07-19,5,5,7,1,0,None,26.0,0.4,15000,1416
1,2025-07-19,5,6,7,1,0,None,26.5,1.3,15000,2867
1,2025-07-19,5,6,7,1,0,None,29.7,3.7,15000,2580
1,2025-07-19,5,7,7,1,1,Minor,23.7,0.1,15000,6683
1,2025-07-19,5,8,7,1,0,None,29.5,0.3,15000,6787
1,2025-07-19,5,8,7,1,0,None,32.2,0.4,15000,6509
1,2025-07-19,5,9,7,1,0,None,27.2,0.0,15000,8325
1,2025-07-19,5,10,7,1,0,None,31.4,0.4,15000,9372
1,2025-07-19,5,11,7,1,1,Major,22.7,1.9,15000,15000
1,2025-07-19,5,11,7,1,0,None,25.3,0.0,15000,8223
1,2025-07-19,5,12,7,1,0,None,23.3,1.0,15000,6885
1,2025-07-19,5,13,7,1,0,None,19.5,0.0,15000,5245
1,2025-07-19,5,14,7,1,0,None,21.2,0.0,15000,5034
1,2025-07-19,5,14,7,1,1,Major,28.9,0.0,15000,9344
1,2025-07-19,5,15,7,1,0,None,18.5,3.0,15000,5484
1,2025-07-19,5,16,7,1,0,None,18.8,0.0,15000,6913
1,2025-07-19,5,16,7,1,0,None,30.8,1.3,15000,7093
1,2025-07-19,5,17,7,1,0,None,29.8,0.0,15000,8918
1,2025-07-19,5,18,7,1,1,Minor,26.7,0.0,15000,15000
1,2025-07-19,5,19,7,1,1,Minor,23.2,0.2,15000,15000
1,2025-07-19,5,19,7,1,1,Minor,23.3,0.0,15000,15000
1,2025-07-19,5,20,7,1,0,None,28.0,0.2,15000,11828
1,2025-07-19,5,21,7,1,0,None,25.4,0.0,15000,9135
1,2025-07-19,5,22,7,1,0,None,19.9,0.0,15000,6137
1,2025-07-19,5,22,7,1,0,None,26.2,0.8,15000,5823
1,2025-07-19,5,23,7,1,0,None,23.8,0.0,15000,3420
1,2025-07-20,6,0,7,1,0,None,22.7,0.4,15000,928
1,2025-07-20,6,0,7,1,0,None,30.4,0.5,15000,975
1,2025-07-20,6,1,7,1,0,None,25.9,1.4,15000,796
1,2025-07-20,6,2,7,1,0,None,30.5,2.4,15000,359
1,2025-07-20,6,3,7,1,0,None,33.0,0.0,15000,756
1,2025-07-20,6,3,7,1,0,None,20.9,0.1,15000,584
1,2025-07-20,6,4,7,1,0,None,23.2,0.0,15000,726
1,2025-07-20,6,5,7,1,0,None,36.2,0.1,15000,1714
1,2025-07-20,6,6,7,1,0,None,28.0,0.0,15000,2628
1,2025-07-20,6,6,7,1,0,None,32.3,2.3,15000,2699
1,2025-07-20,6,7,7,1,0,None,24.2,2.6,15000,4464
1,2025-07-20,6,8,7,1,0,None,26.3,3.2,15000,6764
1,2025-07-20,6,9,7,1,0,None,31.0,2.2,15000,8285
1,2025-07-20,6,9,7,1,0,None,32.7,0.6,15000,8258
1,2025-07-20,6,10,7,1,0,None,23.3,0.1,15000,9208
1,2025-07-20,6,11,7,1,0,None,30.0,1.0,15000,8591
1,2025-07-20,6,11,7,1,1,Major,26.8,0.8,15000,15000
1,2025-07-20,6,12,7,1,1,Minor,36.9,0.0,15000,9832
1,2025-07-20,6,13,7,1,0,None,25.1,1.8,15000,5250
1,2025-07-20,6,14,7,1,0,None,22.3,1.0,15000,4813
1,2025-07-20,6,14,7,1,0,None,20.6,0.2,15000,4970
1,2025-07-20,6,15,7,1,0,None,23.6,0.7,15000,5717
1,2025-07-20,6,16,7,1,0,None,26.6,0.0,15000,7009
1,2025-07-20,6,17,7,1,0,None,24.2,0.0,15000,9553
1,2025-07-20,6,17,7,1,0,None,26.7,0.0,15000,9423
1,2025-07-20,6,18,7,1,0,None,29.6,0.0,15000,11639
1,2025-07-20,6,19,7,1,0,None,31.4,0.2,15000,12897
1,2025-07-20,6,19,7,1,0,None,24.1,2.3,15000,12478
1,2025-07-20,6,20,7,1,0,None,22.9,1.7,15000,12162
1,2025-07-20,6,21,7,1,1,Major,28.5,0.0,15000,15000
1,2025-07-20,6,22,7,1,0,None,17.5,1.0,15000,5704
1,2025-07-20,6,22,7,1,0,None,19.6,1.4,15000,5993
1,2025-07-20,6,23,7,1,0,None,29.2,0.0,15000,3001
1,2025-07-21,0,0,7,0,0,None,27.6,0.0,15000,792
1,2025-07-21,0,1,7,0,1,Minor,26.8,0.0,15000,778
1,2025-07-21,0,1,7,0,0,None,21.1,0.8,15000,375
1,2025-07-21,0,2,7,0,0,None,29.2,2.6,15000,762
1,2025-07-21,0,3,7,0,0,None,27.2,4.0,15000,493
1,2025-07-21,0,3,7,0,1,Major,31.0,0.0,15000,1104
1,2025-07-21,0,4,7,0,0,None,28.4,0.0,15000,945
1,2025-07-21,0,5,7,0,0,None,31.1,4.1,15000,806
1,2025-07-21,0,6,7,0,1,Minor,25.2,1.8,15000,3013
1,2025-07-21,0,6,7,0,0,None,30.2,0.0,15000,1863
1,2025-07-21,0,7,7,0,0,None,32.3,2.7,15000,3495
1,2025-07-21,0,8,7,0,0,None,28.0,0.0,15000,4679
1,2025-07-21,0,9,7,0,0,None,31.2,0.0,15000,6536
1,2025-07-21,0,9,7,0,0,None,21.4,0.9,15000,6660
1,2025-07-21,0,10,7,0,0,None,28.1,0.0,15000,7275
1,2025-07-21,0,11,7,0,0,None,20.5,0.0,15000,6793
1,2025-07-21,0,12,7,0,1,Minor,24.9,0.0,15000,7095
1,2025-07-21,0,12,7,0,1,Minor,29.9,0.0,15000,7360
1,2025-07-21,0,13,7,0,0,None,25.3,0.2,15000,4228
1,2025-07-21,0,14,7,0,1,Minor,24.6,0.1,15000,5322
1,2025-07-21,0,14,7,0,0,None,29.8,0.0,15000,3920
1,2025-07-21,0,15,7,0,0,None,26.0,0.0,15000,4369
1,2025-07-21,0,16,7,0,0,None,29.6,0.0,15000,5556
1,2025-07-21,0,17,7,0,0,None,32.6,3.2,15000,7397
1,2025-07-21,0,17,7,0,0,None,35.2,0.0,15000,7291
1,2025-07-21,0,18,7,0,0,None,27.2,0.0,15000,8956
1,2025-07-21,0,19,7,0,0,None,30.5,0.0,15000,9910
1,2025-07-21,0,20,7,0,0,None,27.0,0.0,15000,9562
1,2025-07-21,0,20,7,0,0,None,25.8,0.5,15000,9296
1,2025-07-21,0,21,7,0,0,None,28.2,3.5,15000,6992
1,2025-07-21,0,22,7,0,0,None,28.5,0.0,15000,4759
1,2025-07-21,0,22,7,0,0,None,27.0,0.1,15000,4827
1,2025-07-21,0,23,7,0,0,None,21.5,0.8,15000,2384
1,2025-07-22,1,0,7,0,0,None,22.5,1.5,15000,784
1,2025-07-22,1,1,7,0,0,None,28.4,0.2,15000,442
1,2025-07-22,1,1,7,0,1,Minor,33.2,0.7,15000,752
1,2025-07-22,1,2,7,0,0,None,29.5,2.2,15000,290
1,2025-07-22,1,3,7,0,0,None,27.5,1.1,15000,745
1,2025-07-22,1,4,7,0,0,None,28.0,0.3,15000,724
1,2025-07-22,1,4,7,0,0,None,31.7,0.0,15000,756
1,2025-07-22,1,5,7,0,0,None,25.5,0.9,15000,1257
1,2025-07-22,1,6,7,0,0,None,23.4,0.6,15000,1912
1,2025-07-22,1,6,7,0,0,None,25.6,0.0,15000,2116
1,2025-07-22,1,7,7,0,0,None,34.5,0.0,15000,3674
1,2025-07-22,1,8,7,0,0,None,31.4,1.1,15000,5120
1,2025-07-22,1,9,7,0,0,None,33.5,0.4,15000,6528
1,2025-07-22,1,9,7,0,0,None,27.7,0.0,15000,6429
1,2025-07-22,1,10,7,0,1,Major,31.4,3.5,15000,14334
1,2025-07-22,1,11,7,0,0,None,23.1,0.8,15000,6515
1,2025-07-22,1,12,7,0,0,None,28.5,0.6,15000,5081
1,2025-07-22,1,12,7,0,0,None,33.5,0.3,15000,5544
1,2025-07-22,1,13,7,0,0,None,37.0,0.3,15000,3660
1,2025-07-22,1,14,7,0,0,None,22.2,0.1,15000,3660
1,2025-07-22,1,15,7,0,0,None,18.9,0.2,15000,4405
1,2025-07-22,1,15,7,0,1,Minor,26.0,4.3,15000,5766
1,2025-07-22,1,16,7,0,0,None,24.5,0.0,15000,5725
1,2025-07-22,1,17,7,0,1,Major,19.0,0.3,15000,14961
1,2025-07-22,1,17,7,0,0,None,22.9,1.8,15000,7206
1,2025-07-22,1,18,7,0,0,None,24.9,0.2,15000,9300
1,2025-07-22,1,19,7,0,0,None,26.8,1.6,15000,10038
1,2025-07-22,1,20,7,0,0,None,33.3,0.0,15000,9268
1,2025-07-22,1,20,7,0,0,None,32.2,0.2,15000,9180
1,2025-07-22,1,21,7,0,0,None,30.3,1.5,15000,6954
1,2025-07-22,1,22,7,0,1,Minor,25.0,0.5,15000,6833
1,2025-07-22,1,23,7,0,0,None,25.4,2.7,15000,2156
1,2025-07-22,1,23,7,0,0,None,27.9,0.0,15000,2590
1,2025-07-23,2,0,7,0,0,None,28.3,4.4,15000,835
1,2025-07-23,2,1,7,0,0,None,22.3,0.1,15000,348
1,2025-07-23,2,1,7,0,0,None,37.1,0.0,15000,383
1,2025-07-23,2,2,7,0,1,Minor,25.2,0.6,15000,1051
1,2025-07-23,2,3,7,0,0,None,27.7,2.7,15000,673
1,2025-07-23,2,4,7,0,0,None,22.3,0.5,15000,456
1,2025-07-23,2,4,7,0,0,None,21.7,0.9,15000,828
1,2025-07-23,2,5,7,0,0,None,26.0,5.3,15000,1420
1,2025-07-23,2,6,7,0,0,None,30.4,0.0,15000,2032
1,2025-07-23,2,7,7,0,1,Major,25.1,0.0,15000,7007
1,2025-07-23,2,7,7,0,0,None,30.8,1.6,15000,3733
1,2025-07-23,2,8,7,0,0,None,32.2,0.5,15000,5159
1,2025-07-23,2,9,7,0,0,None,22.4,1.5,15000,6625
1,2025-07-23,2,10,7,0,0,None,22.2,1.7,15000,7072
1,2025-07-23,2,10,7,0,0,None,28.1,2.3,15000,7301
1,2025-07-23,2,11,7,0,0,None,31.7,1.7,15000,6872
1,2025-07-23,2,12,7,0,0,None,35.8,2.7,15000,5415
1,2025-07-23,2,12,7,0,0,None,29.6,0.6,15000,4948
1,2025-07-23,2,13,7,0,0,None,30.3,2.9,15000,4169
1,2025-07-23,2,14,7,0,1,Minor,28.8,1.6,15000,5345
1,2025-07-23,2,15,7,0,0,None,30.0,0.0,15000,4460
1,2025-07-23,2,15,7,0,1,Minor,32.8,0.6,15000,6454
1,2025-07-23,2,16,7,0,0,None,30.3,0.0,15000,5772
1,2025-07-23,2,17,7,0,1,Minor,23.9,0.0,15000,10836
1,2025-07-23,2,18,7,0,0,None,25.9,1.4,15000,9156
1,2025-07-23,2,18,7,0,1,Minor,31.2,1.3,15000,12933
1,2025-07-23,2,19,7,0,1,Major,21.6,7.7,15000,15000
1,2025-07-23,2,20,7,0,0,None,23.3,0.7,15000,9270
1,2025-07-23,2,20,7,0,0,None,24.1,4.4,15000,8340
1,2025-07-23,2,21,7,0,0,None,22.1,0.5,15000,6962
1,2025-07-23,2,22,7,0,0,None,29.6,0.0,15000,4986
1,2025-07-23,2,23,7,0,0,None,35.8,1.3,15000,2503
1,2025-07-23,2,23,7,0,0,None,25.8,2.6,15000,2351
1,2025-07-24,3,0,7,0,0,None,21.2,0.0,15000,587
1,2025-07-24,3,1,7,0,0,None,20.6,1.0,15000,601
1,2025-07-24,3,2,7,0,0,None,26.5,0.6,15000,730
1,2025-07-24,3,2,7,0,0,None,25.2,0.5,15000,781
1,2025-07-24,3,3,7,0,0,None,33.1,0.3,15000,359
1,2025-07-24,3,4,7,0,0,None,28.0,1.4,15000,686
1,2025-07-24,3,4,7,0,1,Major,31.8,0.8,15000,1132
1,2025-07-24,3,5,7,0,0,None,19.8,0.0,15000,1151
1,2025-07-24,3,6,7,0,0,None,29.9,3.1,15000,1828
1,2025-07-24,3,7,7,0,0,None,36.2,0.6,15000,3540
1,2025-07-24,3,7,7,0,0,None,20.2,0.2,15000,3411
1,2025-07-24,3,8,7,0,0,None,29.5,0.6,15000,5090
1,2025-07-24,3,9,7,0,0,None,29.8,0.0,15000,6500
1,2025-07-24,3,10,7,0,0,None,37.3,0.0,15000,6197
1,2025-07-24,3,10,7,0,0,None,31.3,0.1,15000,7258
1,2025-07-24,3,11,7,0,0,None,20.1,2.5,15000,6477
1,2025-07-24,3,12,7,0,1,Minor,26.7,5.5,15000,6757
1,2025-07-24,3,13,7,0,0,None,35.6,1.4,15000,4295
1,2025-07-24,3,13,7,0,0,None,18.4,0.0,15000,3990
1,2025-07-24,3,14,7,0,0,None,24.0,0.3,15000,3968
1,2025-07-24,3,15,7,0,0,None,27.4,1.2,15000,4323
1,2025-07-24,3,15,7,0,0,None,32.0,0.0,15000,4570
1,2025-07-24,3,16,7,0,0,None,26.2,0.0,15000,5620
1,2025-07-24,3,17,7,0,0,None,23.6,3.0,15000,7693
1,2025-07-24,3,18,7,0,0,None,35.2,0.9,15000,9078
1,2025-07-24,3,18,7,0,0,None,24.5,0.0,15000,9174
1,2025-07-24,3,19,7,0,0,None,29.4,0.4,15000,10087
1,2025-07-24,3,20,7,0,0,None,24.4,0.0,15000,9466
1,2025-07-24,3,21,7,0,0,None,24.1,0.8,15000,7167
1,2025-07-24,3,21,7,0,0,None,22.8,0.0,15000,7530
1,2025-07-24,3,22,7,0,0,None,22.5,1.6,15000,4567
1,2025-07-24,3,23,7,0,0,None,32.8,0.1,15000,2769
1,2025-07-24,3,23,7,0,1,Major,28.8,0.0,15000,4767
1,2025-07-25,4,0,7,0,0,None,27.5,0.5,15000,553
1,2025-07-25,4,1,7,0,0,None,31.0,0.3,15000,533
1,2025-07-25,4,2,7,0,0,None,22.7,0.8,15000,554
1,2025-07-25,4,2,7,0,0,None,35.1,0.0,15000,715
1,2025-07-25,4,3,7,0,0,None,22.6,0.0,15000,472
1,2025-07-25,4,4,7,0,1,Minor,17.4,0.0,15000,1260
1,2025-07-25,4,5,7,0,0,None,25.0,0.0,15000,958
1,2025-07-25,4,5,7,0,0,None,29.5,2.5,15000,1366
1,2025-07-25,4,6,7,0,0,None,24.3,0.0,15000,2070
1,2025-07-25,4,7,7,0,0,None,24.9,0.2,15000,3612
1,2025-07-25,4,8,7,0,0,None,27.8,0.5,15000,5206
1,2025-07-25,4,8,7,0,0,None,33.2,0.0,15000,5096
1,2025-07-25,4,9,7,0,0,None,18.3,4.0,15000,5582
1,2025-07-25,4,10,7,0,0,None,23.0,0.2,15000,7415
1,2025-07-25,4,10,7,0,0,None,35.4,0.0,15000,7228
1,2025-07-25,4,11,7,0,0,None,31.9,3.3,15000,6672
1,2025-07-25,4,12,7,0,0,None,36.3,0.3,15000,5553
1,2025-07-25,4,13,7,0,0,None,27.8,0.0,15000,4198
1,2025-07-25,4,13,7,0,0,None,23.4,0.2,15000,4441
1,2025-07-25,4,14,7,0,0,None,29.1,0.0,15000,4071
1,2025-07-25,4,15,7,0,0,None,30.1,0.0,15000,4496
1,2025-07-25,4,16,7,0,0,None,19.5,0.0,15000,5647
1,2025-07-25,4,16,7,0,0,None,34.2,0.9,15000,5598
1,2025-07-25,4,17,7,0,0,None,21.6,0.7,15000,7240
1,2025-07-25,4,18,7,0,0,None,27.5,0.0,15000,9343
1,2025-07-25,4,18,7,0,0,None,24.7,0.6,15000,8720
1,2025-07-25,4,19,7,0,0,None,27.7,4.5,15000,8836
1,2025-07-25,4,20,7,0,0,None,26.2,0.0,15000,9411
1,2025-07-25,4,21,7,0,0,None,20.5,0.9,15000,7194
1,2025-07-25,4,21,7,0,0,None,24.8,0.5,15000,6845
1,2025-07-25,4,22,7,0,0,None,30.3,0.0,15000,4763
1,2025-07-25,4,23,7,0,0,None,23.6,0.0,15000,2601
1,2025-07-26,5,0,7,1,0,None,23.7,4.4,15000,806
1,2025-07-26,5,0,7,1,0,None,27.0,0.0,15000,1265
1,2025-07-26,5,1,7,1,0,None,24.9,1.3,15000,1074
1,2025-07-26,5,2,7,1,0,None,30.7,0.1,15000,631
1,2025-07-26,5,2,7,1,0,None,34.8,2.4,15000,773
1,2025-07-26,5,3,7,1,0,None,29.4,1.1,15000,503
1,2025-07-26,5,4,7,1,0,None,23.5,0.9,15000,774
1,2025-07-26,5,5,7,1,0,None,26.5,0.2,15000,1918
1,2025-07-26,5,5,7,1,0,None,27.1,0.6,15000,1655
1,2025-07-26,5,6,7,1,0,None,28.8,0.0,15000,2837
1,2025-07-26,5,7,7,1,0,None,32.2,1.9,15000,4507
1,2025-07-26,5,8,7,1,0,None,34.9,0.0,15000,6541
1,2025-07-26,5,8,7,1,0,None,29.8,0.0,15000,6360
1,2025-07-26,5,9,7,1,0,None,25.3,0.0,15000,7863
1,2025-07-26,5,10,7,1,0,None,37.1,0.0,15000,7661
1,2025-07-26,5,11,7,1,0,None,20.8,0.0,15000,8472
1,2025-07-26,5,11,7,1,1,Minor,30.5,0.1,15000,12056
1,2025-07-26,5,12,7,1,0,None,28.1,0.1,15000,6467
1,2025-07-26,5,13,7,1,0,None,29.7,0.0,15000,5782
1,2025-07-26,5,13,7,1,0,None,29.0,1.3,15000,5459
1,2025-07-26,5,14,7,1,0,None,27.3,0.1,15000,4956
1,2025-07-26,5,15,7,1,1,Minor,32.6,2.0,15000,8190
1,2025-07-26,5,16,7,1,0,None,35.2,1.3,15000,6959
1,2025-07-26,5,16,7,1,0,None,37.0,2.1,15000,6260
1,2025-07-26,5,17,7,1,0,None,28.2,0.2,15000,9516
1,2025-07-26,5,18,7,1,0,None,23.7,1.2,15000,11762
1,2025-07-26,5,19,7,1,1,Minor,32.4,1.4,15000,15000
1,2025-07-26,5,19,7,1,0,None,27.7,0.2,15000,12745
1,2025-07-26,5,20,7,1,0,None,27.0,1.1,15000,11908
1,2025-07-26,5,21,7,1,0,None,30.8,0.9,15000,9360
1,2025-07-26,5,21,7,1,0,None,36.1,1.5,15000,9151
1,2025-07-26,5,22,7,1,0,None,29.4,0.0,15000,6008
1,2025-07-26,5,23,7,1,0,None,26.5,2.4,15000,3199
1,2025-07-27,6,0,7,1,0,None,30.7,0.0,15000,922
1,2025-07-27,6,0,7,1,0,None,29.5,1.4,15000,1123
1,2025-07-27,6,1,7,1,1,Minor,25.8,0.0,15000,1022
1,2025-07-27,6,2,7,1,0,None,32.7,0.0,15000,261
1,2025-07-27,6,3,7,1,0,None,21.7,0.9,15000,536
1,2025-07-27,6,3,7,1,0,None,27.4,1.1,15000,651
1,2025-07-27,6,4,7,1,0,None,24.1,0.1,15000,1017
1,2025-07-27,6,5,7,1,0,None,30.0,0.0,15000,1417
1,2025-07-27,6,5,7,1,0,None,29.3,1.2,15000,1377
1,2025-07-27,6,6,7,1,0,None,23.6,1.0,15000,2951
1,2025-07-27,6,7,7,1,0,None,25.8,0.0,15000,4531
1,2025-07-27,6,8,7,1,0,None,22.4,2.4,15000,6338
1,2025-07-27,6,8,7,1,0,None,30.9,0.3,15000,6777
1,2025-07-27,6,9,7,1,0,None,26.1,0.0,15000,8433
1,2025-07-27,6,10,7,1,0,None,33.4,0.0,15000,9269
1,2025-07-27,6,11,7,1,0,None,28.9,0.0,15000,8405
1,2025-07-27,6,11,7,1,0,None,23.4,0.8,15000,8239
1,2025-07-27,6,12,7,1,0,None,20.1,1.9,15000,6603
1,2025-07-27,6,13,7,1,1,Minor,33.5,2.5,15000,7722
1,2025-07-27,6,14,7,1,0,None,29.2,2.4,15000,4962
1,2025-07-27,6,14,7,1,0,None,26.1,0.8,15000,5007
1,2025-07-27,6,15,7,1,0,None,34.2,0.1,15000,5230
1,2025-07-27,6,16,7,1,0,None,34.2,0.0,15000,7349
1,2025-07-27,6,16,7,1,0,None,21.6,1.3,15000,7271
1,2025-07-27,6,17,7,1,0,None,27.2,0.6,15000,9340
1,2025-07-27,6,18,7,1,0,None,29.3,0.0,15000,11619
1,2025-07-27,6,19,7,1,0,None,21.5,0.6,15000,12932
1,2025-07-27,6,19,7,1,0,None,26.6,0.7,15000,12893
1,2025-07-27,6,20,7,1,0,None,25.0,0.7,15000,12103
1,2025-07-27,6,21,7,1,0,None,21.4,0.6,15000,9157
1,2025-07-27,6,22,7,1,0,None,27.9,3.9,15000,5772
1,2025-07-27,6,22,7,1,0,None,31.3,0.6,15000,6008
1,2025-07-27,6,23,7,1,0,None,20.5,1.4,15000,3235
1,2025-07-28,0,0,7,0,0,None,22.4,0.3,15000,445
1,2025-07-28,0,0,7,0,0,None,29.5,0.0,15000,1025
1,2025-07-28,0,1,7,0,0,None,34.1,0.0,15000,327
1,2025-07-28,0,2,7,0,0,None,26.5,2.4,15000,753
1,2025-07-28,0,3,7,0,0,None,38.1,1.8,15000,158
1,2025-07-28,0,3,7,0,0,None,28.3,1.2,15000,688
1,2025-07-28,0,4,7,0,1,Minor,23.2,1.6,15000,1206
1,2025-07-28,0,5,7,0,0,None,34.1,0.7,15000,969
1,2025-07-28,0,6,7,0,0,None,26.2,3.5,15000,2351
1,2025-07-28,0,6,7,0,0,None,24.5,2.5,15000,2444
1,2025-07-28,0,7,7,0,0,None,23.8,0.8,15000,3650
1,2025-07-28,0,8,7,0,0,None,29.8,0.0,15000,5063
1,2025-07-28,0,8,7,0,0,None,28.5,0.0,15000,5064
1,2025-07-28,0,9,7,0,0,None,26.0,0.0,15000,6184
1,2025-07-28,0,10,7,0,1,Minor,27.1,0.6,15000,10420
1,2025-07-28,0,11,7,0,0,None,31.1,0.0,15000,6656
1,2025-07-28,0,11,7,0,0,None,25.9,0.2,15000,6613
1,2025-07-28,0,12,7,0,0,None,22.4,4.5,15000,4756
1,2025-07-28,0,13,7,0,0,None,23.1,0.0,15000,4255
1,2025-07-28,0,14,7,0,0,None,34.9,1.2,15000,3794
1,2025-07-28,0,14,7,0,0,None,25.5,0.2,15000,3810
1,2025-07-28,0,15,7,0,0,None,32.7,4.1,15000,3810
1,2025-07-28,0,16,7,0,0,None,25.3,0.0,15000,5416
1,2025-07-28,0,17,7,0,0,None,29.3,1.5,15000,7601
1,2025-07-28,0,17,7,0,0,None,24.7,2.1,15000,7523
1,2025-07-28,0,18,7,0,0,None,27.5,1.8,15000,9207
1,2025-07-28,0,19,7,0,0,None,20.7,0.5,15000,9939
1,2025-07-28,0,19,7,0,0,None,30.3,0.0,15000,9804
1,2025-07-28,0,20,7,0,1,Minor,20.2,0.1,15000,13170
1,2025-07-28,0,21,7,0,0,None,22.1,0.2,15000,7115
1,2025-07-28,0,22,7,0,0,None,30.6,0.0,15000,4508
1,2025-07-28,0,22,7,0,0,None,29.2,0.3,15000,4667
1,2025-07-28,0,23,7,0,0,None,21.8,3.0,15000,2553
1,2025-07-29,1,0,7,0,0,None,26.7,0.1,15000,774
1,2025-07-29,1,1,7,0,1,Minor,19.4,0.8,15000,1085
1,2025-07-29,1,1,7,0,1,Major,33.3,0.0,15000,1368
1,2025-07-29,1,2,7,0,1,Minor,24.7,0.0,15000,611
1,2025-07-29,1,3,7,0,0,None,32.7,0.0,15000,71
1,2025-07-29,1,3,7,0,0,None,24.7,0.0,15000,308
1,2025-07-29,1,4,7,0,0,None,33.2,1.0,15000,893
1,2025-07-29,1,5,7,0,0,None,27.1,0.3,15000,1313
1,2025-07-29,1,6,7,0,0,None,27.6,0.1,15000,2034
1,2025-07-29,1,6,7,0,0,None,29.5,9.3,15000,1857
1,2025-07-29,1,7,7,0,0,None,23.1,0.8,15000,3733
1,2025-07-29,1,8,7,0,0,None,22.9,1.9,15000,5320
1,2025-07-29,1,9,7,0,0,None,28.1,2.0,15000,6234
1,2025-07-29,1,9,7,0,0,None,25.8,0.1,15000,6351
1,2025-07-29,1,10,7,0,1,Minor,28.4,1.5,15000,10603
1,2025-07-29,1,11,7,0,0,None,18.5,0.3,15000,6449
1,2025-07-29,1,12,7,0,0,None,33.3,2.4,15000,5195
1,2025-07-29,1,12,7,0,0,None,31.0,1.2,15000,5440
1,2025-07-29,1,13,7,0,1,Minor,25.7,0.0,15000,6034
1,2025-07-29,1,14,7,0,0,None,17.6,0.0,15000,3999
1,2025-07-29,1,14,7,0,0,None,28.7,1.5,15000,3705
1,2025-07-29,1,15,7,0,0,None,29.0,0.0,15000,4312
1,2025-07-29,1,16,7,0,0,None,31.1,0.0,15000,5589
1,2025-07-29,1,17,7,0,0,None,22.3,0.1,15000,7507
1,2025-07-29,1,17,7,0,0,None,20.9,1.2,15000,7231
1,2025-07-29,1,18,7,0,0,None,32.5,2.2,15000,9297
1,2025-07-29,1,19,7,0,0,None,32.3,0.0,15000,9842
1,2025-07-29,1,20,7,0,0,None,17.6,1.4,15000,9358
1,2025-07-29,1,20,7,0,0,None,23.2,0.0,15000,9359
1,2025-07-29,1,21,7,0,0,None,25.4,0.0,15000,7264
1,2025-07-29,1,22,7,0,1,Minor,32.1,0.0,15000,6818
1,2025-07-29,1,22,7,0,0,None,31.5,1.6,15000,4796
1,2025-07-29,1,23,7,0,0,None,25.6,4.6,15000,2021
1,2025-07-30,2,0,7,0,0,None,34.8,3.2,15000,938
1,2025-07-30,2,1,7,0,0,None,29.0,3.5,15000,446
1,2025-07-30,2,1,7,0,0,None,25.3,0.0,15000,838
1,2025-07-30,2,2,7,0,0,None,27.0,0.0,15000,567
1,2025-07-30,2,3,7,0,0,None,33.3,0.6,15000,498
1,2025-07-30,2,4,7,0,1,Minor,24.2,0.2,15000,764
1,2025-07-30,2,4,7,0,0,None,15.0,1.6,15000,745
1,2025-07-30,2,5,7,0,1,Minor,28.3,2.1,15000,2091
1,2025-07-30,2,6,7,0,0,None,30.2,0.0,15000,2093
1,2025-07-30,2,6,7,0,0,None,23.6,0.4,15000,2107
1,2025-07-30,2,7,7,0,1,Minor,27.0,0.0,15000,5121
1,2025-07-30,2,8,7,0,1,Major,26.0,0.2,15000,10062
1,2025-07-30,2,9,7,0,0,None,35.4,1.0,15000,6613
1,2025-07-30,2,9,7,0,0,None,27.0,2.3,15000,6295
1,2025-07-30,2,10,7,0,0,None,21.3,2.3,15000,7013
1,2025-07-30,2,11,7,0,0,None,36.0,0.2,15000,6653
1,2025-07-30,2,12,7,0,1,Minor,28.4,0.5,15000,7505
1,2025-07-30,2,12,7,0,0,None,30.3,2.5,15000,5214
1,2025-07-30,2,13,7,0,0,None,31.6,0.9,15000,4005
1,2025-07-30,2,14,7,0,0,None,24.8,0.1,15000,3881
1,2025-07-30,2,15,7,0,0,None,25.1,3.6,15000,4117
1,2025-07-30,2,15,7,0,0,None,30.2,0.0,15000,4683
1,2025-07-30,2,16,7,0,0,None,22.6,0.8,15000,5462
1,2025-07-30,2,17,7,0,0,None,26.6,0.0,15000,7647
1,2025-07-30,2,17,7,0,0,None,22.9,3.4,15000,7268
1,2025-07-30,2,18,7,0,0,None,23.7,0.2,15000,9242
1,2025-07-30,2,19,7,0,0,None,31.6,0.5,15000,9650
1,2025-07-30,2,20,7,0,0,None,24.9,0.0,15000,9696
1,2025-07-30,2,20,7,0,0,None,26.5,0.6,15000,9119
1,2025-07-30,2,21,7,0,0,None,34.7,0.0,15000,7094
1,2025-07-30,2,22,7,0,0,None,18.3,0.0,15000,4833
1,2025-07-30,2,23,7,0,0,None,20.1,3.3,15000,2532
1,2025-07-30,2,23,7,0,0,None,27.3,1.5,15000,2412
1,2025-07-31,3,0,7,0,0,None,15.0,0.0,15000,913
1,2025-07-31,3,1,7,0,0,None,17.3,2.1,15000,705
1,2025-07-31,3,1,7,0,0,None,21.1,0.5,15000,883
1,2025-07-31,3,2,7,0,0,None,26.5,0.3,15000,460
1,2025-07-31,3,3,7,0,0,None,24.7,0.9,15000,385
1,2025-07-31,3,4,7,0,0,None,30.9,0.4,15000,620
1,2025-07-31,3,4,7,0,0,None,30.0,0.3,15000,686
1,2025-07-31,3,5,7,0,0,None,30.1,0.8,15000,1354
1,2025-07-31,3,6,7,0,0,None,27.1,2.0,15000,2177
1,2025-07-31,3,7,7,0,0,None,27.7,1.3,15000,3618
1,2025-07-31,3,7,7,0,0,None,28.7,1.1,15000,3321
1,2025-07-31,3,8,7,0,0,None,25.6,1.4,15000,5092
1,2025-07-31,3,9,7,0,0,None,25.9,0.2,15000,6633
1,2025-07-31,3,10,7,0,0,None,34.5,0.1,15000,6997
1,2025-07-31,3,10,7,0,1,Major,19.6,0.0,15000,14341
1,2025-07-31,3,11,7,0,0,None,25.9,0.0,15000,6344
1,2025-07-31,3,12,7,0,0,None,27.1,0.8,15000,5242
1,2025-07-31,3,12,7,0,0,None,21.6,0.0,15000,5125
1,2025-07-31,3,13,7,0,0,None,29.2,0.0,15000,4163
1,2025-07-31,3,14,7,0,0,None,21.3,2.6,15000,3583
1,2025-07-31,3,15,7,0,1,Major,25.3,1.0,15000,8563
1,2025-07-31,3,15,7,0,0,None,30.9,0.0,15000,4462
1,2025-07-31,3,16,7,0,0,None,31.1,0.3,15000,5846
1,2025-07-31,3,17,7,0,1,Major,23.0,0.3,15000,14740
1,2025-07-31,3,18,7,0,0,None,29.2,0.2,15000,9158
1,2025-07-31,3,18,7,0,0,None,27.2,6.0,15000,8118
1,2025-07-31,3,19,7,0,0,None,27.0,0.0,15000,10204
1,2025-07-31,3,20,7,0,0,None,26.5,3.3,15000,9371
1,2025-07-31,3,20,7,0,0,None,22.0,0.0,15000,9405
1,2025-07-31,3,21,7,0,0,None,19.9,1.0,15000,7118
1,2025-07-31,3,22,7,0,0,None,24.6,0.2,15000,4829
1,2025-07-31,3,23,7,0,0,None,23.2,0.4,15000,2549
1,2025-07-31,3,23,7,0,0,None,25.2,0.0,15000,2565
1,2025-08-01,4,0,8,0,0,None,27.3,4.9,15000,532
1,2025-08-01,4,1,8,0,1,Major,15.7,0.1,15000,1061
1,2025-08-01,4,2,8,0,0,None,23.3,0.2,15000,647
1,2025-08-01,4,2,8,0,0,None,24.1,0.0,15000,449
1,2025-08-01,4,3,8,0,0,None,25.8,1.2,15000,538
1,2025-08-01,4,4,8,0,0,None,26.1,0.0,15000,876
1,2025-08-01,4,4,8,0,0,None,28.3,0.6,15000,473
1,2025-08-01,4,5,8,0,0,None,22.4,1.3,15000,1182
1,2025-08-01,4,6,8,0,0,None,26.6,2.7,15000,1951
1,2025-08-01,4,7,8,0,0,None,25.7,0.0,15000,3802
1,2025-08-01,4,7,8,0,0,None,22.6,1.6,15000,3318
1,2025-08-01,4,8,8,0,1,Major,30.7,0.2,15000,10223
1,2025-08-01,4,9,8,0,0,None,28.1,0.0,15000,6569
1,2025-08-01,4,10,8,0,0,None,31.2,0.0,15000,7323
1,2025-08-01,4,10,8,0,0,None,23.7,0.0,15000,7250
1,2025-08-01,4,11,8,0,0,None,35.6,0.0,15000,6569
1,2025-08-01,4,12,8,0,0,None,27.9,3.4,15000,4966
1,2025-08-01,4,13,8,0,0,None,29.4,0.5,15000,4161
1,2025-08-01,4,13,8,0,0,None,24.9,1.9,15000,4222
1,2025-08-01,4,14,8,0,0,None,22.2,2.2,15000,3784
1,2025-08-01,4,15,8,0,0,None,16.8,0.1,15000,4156
1,2025-08-01,4,15,8,0,0,None,23.2,2.3,15000,4822
1,2025-08-01,4,16,8,0,0,None,18.4,1.3,15000,5720
1,2025-08-01,4,17,8,0,1,Minor,29.6,0.0,15000,10631
1,2025-08-01,4,18,8,0,0,None,27.1,0.0,15000,9188
1,2025-08-01,4,18,8,0,0,None,24.6,1.1,15000,9290
1,2025-08-01,4,19,8,0,0,None,34.5,0.1,15000,10001
1,2025-08-01,4,20,8,0,0,None,22.4,0.0,15000,9392
1,2025-08-01,4,21,8,0,0,None,26.5,1.5,15000,7588
1,2025-08-01,4,21,8,0,0,None,28.7,0.1,15000,7301
1,2025-08-01,4,22,8,0,0,None,30.6,0.0,15000,4755
1,2025-08-01,4,23,8,0,0,None,25.2,1.0,15000,2388
1,2025-08-01,4,23,8,0,1,Minor,30.5,3.8,15000,3676
1,2025-08-02,5,0,8,1,0,None,28.0,0.0,15000,1044
1,2025-08-02,5,1,8,1,0,None,27.2,0.0,15000,902
1,2025-08-02,5,2,8,1,0,None,21.0,0.5,15000,468
1,2025-08-02,5,2,8,1,0,None,22.6,1.5,15000,633
1,2025-08-02,5,3,8,1,0,None,29.1,0.1,15000,716
1,2025-08-02,5,4,8,1,1,Major,27.9,0.0,15000,1841
1,2025-08-02,5,5,8,1,0,None,22.4,3.6,15000,1546
1,2025-08-02,5,5,8,1,0,None,24.3,0.1,15000,1569
1,2025-08-02,5,6,8,1,0,None,20.6,0.6,15000,2802
1,2025-08-02,5,7,8,1,0,None,36.8,0.0,15000,4767
1,2025-08-02,5,7,8,1,0,None,28.5,0.0,15000,4715
1,2025-08-02,5,8,8,1,0,None,26.1,0.0,15000,6751
1,2025-08-02,5,9,8,1,0,None,15.2,0.0,15000,8121
1,2025-08-02,5,10,8,1,0,None,25.4,0.0,15000,9415
1,2025-08-02,5,10,8,1,0,None,25.5,0.2,15000,9166
1,2025-08-02,5,11,8,1,1,Minor,21.3,1.0,15000,12189
1,2025-08-02,5,12,8,1,1,Minor,34.6,3.2,15000,9697
1,2025-08-02,5,13,8,1,0,None,22.7,0.3,15000,5630
1,2025-08-02,5,13,8,1,0,None,28.8,2.0,15000,5562
1,2025-08-02,5,14,8,1,0,None,23.2,7.4,15000,4516
1,2025-08-02,5,15,8,1,0,None,19.0,0.0,15000,5751
1,2025-08-02,5,16,8,1,0,None,32.1,0.6,15000,6841
1,2025-08-02,5,16,8,1,0,None,26.2,1.6,15000,6983
1,2025-08-02,5,17,8,1,0,None,25.4,2.0,15000,8943
1,2025-08-02,5,18,8,1,0,None,29.6,0.4,15000,11769
1,2025-08-02,5,18,8,1,0,None,35.6,2.1,15000,11620
1,2025-08-02,5,19,8,1,0,None,32.6,0.0,15000,12774
1,2025-08-02,5,20,8,1,1,Minor,37.2,0.0,15000,15000
1,2025-08-02,5,21,8,1,0,None,28.0,1.9,15000,9068
1,2025-08-02,5,21,8,1,0,None,32.2,0.9,15000,9312
1,2025-08-02,5,22,8,1,0,None,27.4,0.1,15000,6254
1,2025-08-02,5,23,8,1,0,None,35.8,0.1,15000,3421
1,2025-08-03,6,0,8,1,0,None,33.0,1.3,15000,1061
1,2025-08-03,6,0,8,1,1,Minor,32.9,1.1,15000,1119
1,2025-08-03,6,1,8,1,0,None,34.5,0.0,15000,917
1,2025-08-03,6,2,8,1,0,None,30.3,3.2,15000,552
1,2025-08-03,6,2,8,1,0,None,27.4,0.2,15000,696
1,2025-08-03,6,3,8,1,0,None,21.8,0.9,15000,476
1,2025-08-03,6,4,8,1,0,None,30.3,0.2,15000,1088
1,2025-08-03,6,5,8,1,0,None,35.1,2.5,15000,1411
1,2025-08-03,6,5,8,1,0,None,37.1,0.2,15000,1373
1,2025-08-03,6,6,8,1,0,None,24.8,0.0,15000,2527
1,2025-08-03,6,7,8,1,1,Minor,32.2,0.0,15000,6727
1,2025-08-03,6,8,8,1,0,None,37.1,0.0,15000,5770
1,2025-08-03,6,8,8,1,1,Minor,33.7,0.0,15000,9665
1,2025-08-03,6,9,8,1,0,None,22.8,0.0,15000,8387
1,2025-08-03,6,10,8,1,0,None,15.0,2.3,15000,9159
1,2025-08-03,6,10,8,1,1,Minor,32.8,4.9,15000,11799
1,2025-08-03,6,11,8,1,0,None,20.5,0.1,15000,8128
1,2025-08-03,6,12,8,1,0,None,30.8,0.2,15000,6758
1,2025-08-03,6,13,8,1,0,None,31.7,0.5,15000,5755
1,2025-08-03,6,13,8,1,0,None,26.8,0.0,15000,5312
1,2025-08-03,6,14,8,1,0,None,28.9,0.0,15000,5255
1,2025-08-03,6,15,8,1,1,Minor,26.0,0.8,15000,8149
1,2025-08-03,6,16,8,1,0,None,23.9,0.4,15000,7291
1,2025-08-03,6,16,8,1,0,None,32.3,0.0,15000,7076
1,2025-08-03,6,17,8,1,0,None,21.6,2.0,15000,9022
1,2025-08-03,6,18,8,1,0,None,28.2,0.0,15000,11498
1,2025-08-03,6,19,8,1,1,Minor,19.9,0.1,15000,15000
1,2025-08-03,6,19,8,1,0,None,27.6,0.0,15000,12643
1,2025-08-03,6,20,8,1,0,None,33.4,1.6,15000,11715
1,2025-08-03,6,21,8,1,0,None,30.5,0.0,15000,9308
1,2025-08-03,6,21,8,1,0,None,23.8,1.0,15000,9321
1,2025-08-03,6,22,8,1,0,None,26.8,3.9,15000,6119
1,2025-08-03,6,23,8,1,0,None,27.4,0.9,15000,2928
1,2025-08-04,0,0,8,0,0,None,17.3,0.5,15000,1079
1,2025-08-04,0,0,8,0,0,None,18.6,1.3,15000,799
1,2025-08-04,0,1,8,0,0,None,23.7,0.0,15000,550
1,2025-08-04,0,2,8,0,0,None,31.8,0.5,15000,446
1,2025-08-04,0,3,8,0,0,None,31.0,1.5,15000,758
1,2025-08-04,0,3,8,0,0,None,29.5,0.2,15000,327
1,2025-08-04,0,4,8,0,0,None,25.9,0.7,15000,817
1,2025-08-04,0,5,8,0,0,None,26.5,0.7,15000,1038
1,2025-08-04,0,5,8,0,0,None,32.9,0.0,15000,1127
1,2025-08-04,0,6,8,0,0,None,31.6,0.0,15000,2162
1,2025-08-04,0,7,8,0,0,None,25.8,1.3,15000,3528
1,2025-08-04,0,8,8,0,0,None,38.4,2.3,15000,4359
1,2025-08-04,0,8,8,0,1,Minor,29.3,0.0,15000,7577
1,2025-08-04,0,9,8,0,0,None,29.7,0.4,15000,6251
1,2025-08-04,0,10,8,0,0,None,30.7,0.0,15000,6998
1,2025-08-04,0,11,8,0,0,None,34.3,0.0,15000,6400
1,2025-08-04,0,11,8,0,0,None,26.1,0.0,15000,6574
1,2025-08-04,0,12,8,0,0,None,31.3,0.4,15000,5424
1,2025-08-04,0,13,8,0,1,Minor,30.1,1.0,15000,6281
1,2025-08-04,0,14,8,0,0,None,34.6,1.2,15000,4071
1,2025-08-04,0,14,8,0,1,Major,29.9,0.0,15000,7737
1,2025-08-04,0,15,8,0,0,None,26.7,0.0,15000,4807
1,2025-08-04,0,16,8,0,1,Minor,24.3,0.0,15000,8198
1,2025-08-04,0,16,8,0,0,None,34.4,0.4,15000,5885
1,2025-08-04,0,17,8,0,0,None,29.0,0.0,15000,7415
1,2025-08-04,0,18,8,0,0,None,27.8,0.6,15000,9015
1,2025-08-04,0,19,8,0,1,Minor,21.5,0.1,15000,14416
1,2025-08-04,0,19,8,0,0,None,25.7,5.7,15000,9125
1,2025-08-04,0,20,8,0,0,None,34.0,1.1,15000,9314
1,2025-08-04,0,21,8,0,0,None,39.6,0.3,15000,6581
1,2025-08-04,0,22,8,0,0,None,23.3,0.0,15000,4533
1,2025-08-04,0,22,8,0,0,None,32.7,0.6,15000,4900
1,2025-08-04,0,23,8,0,0,None,26.8,1.1,15000,2533
1,2025-08-05,1,0,8,0,0,None,23.3,0.3,15000,726
1,2025-08-05,1,0,8,0,0,None,31.3,0.0,15000,629
1,2025-08-05,1,1,8,0,0,None,24.7,0.8,15000,400
1,2025-08-05,1,2,8,0,0,None,32.0,2.0,15000,547
1,2025-08-05,1,3,8,0,0,None,26.4,0.0,15000,737
1,2025-08-05,1,3,8,0,0,None,22.2,0.1,15000,676
1,2025-08-05,1,4,8,0,0,None,22.8,0.0,15000,691
1,2025-08-05,1,5,8,0,0,None,27.5,1.3,15000,828
1,2025-08-05,1,6,8,0,0,None,34.6,0.0,15000,2303
1,2025-08-05,1,6,8,0,0,None,22.9,0.0,15000,2184
1,2025-08-05,1,7,8,0,0,None,26.8,0.7,15000,3309
1,2025-08-05,1,8,8,0,1,Minor,28.3,0.7,15000,7695
1,2025-08-05,1,8,8,0,0,None,30.2,0.0,15000,5234
1,2025-08-05,1,9,8,0,0,None,35.4,0.0,15000,7079
1,2025-08-05,1,10,8,0,0,None,36.5,0.4,15000,7122
1,2025-08-05,1,11,8,0,0,None,27.9,0.3,15000,6520
1,2025-08-05,1,11,8,0,0,None,30.1,0.0,15000,6706
1,2025-08-05,1,12,8,0,0,None,26.4,1.2,15000,4929
1,2025-08-05,1,13,8,0,0,None,28.5,4.6,15000,3637
1,2025-08-05,1,14,8,0,0,None,29.9,1.4,15000,4127
1,2025-08-05,1,14,8,0,0,None,15.6,2.0,15000,4017
1,2025-08-05,1,15,8,0,0,None,28.1,1.5,15000,4214
1,2025-08-05,1,16,8,0,0,None,35.7,0.0,15000,5416
1,2025-08-05,1,17,8,0,0,None,28.2,0.9,15000,7450
1,2025-08-05,1,17,8,0,0,None,31.5,0.7,15000,7150
1,2025-08-05,1,18,8,0,0,None,24.4,0.0,15000,8958
1,2025-08-05,1,19,8,0,0,None,23.3,0.0,15000,9815
1,2025-08-05,1,19,8,0,0,None,23.1,0.0,15000,9840
1,2025-08-05,1,20,8,0,0,None,29.7,1.4,15000,9502
1,2025-08-05,1,21,8,0,0,None,22.8,0.0,15000,7065
1,2025-08-05,1,22,8,0,0,None,29.2,0.0,15000,4803
1,2025-08-05,1,22,8,0,0,None,21.7,1.6,15000,4221
1,2025-08-05,1,23,8,0,0,None,24.8,0.0,15000,2400
1,2025-08-06,2,0,8,0,1,Minor,32.0,0.0,15000,991
1,2025-08-06,2,1,8,0,0,None,17.0,0.2,15000,538
1,2025-08-06,2,1,8,0,0,None,25.8,2.7,15000,601
1,2025-08-06,2,2,8,0,1,Minor,28.0,0.4,15000,1002
1,2025-08-06,2,3,8,0,1,Minor,30.8,2.3,15000,596
1,2025-08-06,2,3,8,0,0,None,24.4,1.0,15000,468
1,2025-08-06,2,4,8,0,0,None,27.8,0.4,15000,623
1,2025-08-06,2,5,8,0,1,Major,28.7,0.0,15000,2282
1,2025-08-06,2,6,8,0,0,None,24.1,1.3,15000,2152
1,2025-08-06,2,6,8,0,0,None,23.0,0.0,15000,1902
1,2025-08-06,2,7,8,0,0,None,34.0,0.8,15000,3441
1,2025-08-06,2,8,8,0,0,None,29.7,0.3,15000,5418
1,2025-08-06,2,9,8,0,0,None,28.4,1.3,15000,6430
1,2025-08-06,2,9,8,0,0,None,28.3,0.4,15000,6688
1,2025-08-06,2,10,8,0,1,Major,34.7,0.0,15000,14168
1,2025-08-06,2,11,8,0,0,None,35.5,0.0,15000,7033
1,2025-08-06,2,12,8,0,0,None,28.0,0.0,15000,5288
1,2025-08-06,2,12,8,0,0,None,27.4,0.0,15000,4957
1,2025-08-06,2,13,8,0,0,None,25.2,1.2,15000,4305
1,2025-08-06,2,14,8,0,0,None,24.6,0.1,15000,3991
1,2025-08-06,2,14,8,0,1,Major,22.6,1.0,15000,7569
1,2025-08-06,2,15,8,0,0,None,25.4,0.0,15000,4299
1,2025-08-06,2,16,8,0,1,Minor,29.0,0.2,15000,8217
1,2025-08-06,2,17,8,0,1,Major,15.0,0.7,15000,14718
1,2025-08-06,2,17,8,0,0,None,21.6,1.5,15000,7330
1,2025-08-06,2,18,8,0,0,None,31.8,2.9,15000,8959
1,2025-08-06,2,19,8,0,0,None,27.0,0.0,15000,9795
1,2025-08-06,2,20,8,0,0,None,23.9,2.2,15000,9193
1,2025-08-06,2,20,8,0,0,None,23.5,0.4,15000,9365
1,2025-08-06,2,21,8,0,0,None,21.7,0.0,15000,7237
1,2025-08-06,2,22,8,0,0,None,36.3,0.2,15000,4743
1,2025-08-06,2,22,8,0,0,None,22.2,0.0,15000,4792
1,2025-08-06,2,23,8,0,0,None,29.3,0.0,15000,2666
1,2025-08-07,3,0,8,0,0,None,25.7,1.7,15000,889
1,2025-08-07,3,1,8,0,0,None,24.6,0.3,15000,499
1,2025-08-07,3,1,8,0,0,None,30.9,0.0,15000,274
1,2025-08-07,3,2,8,0,1,Major,30.3,1.0,15000,1484
1,2025-08-07,3,3,8,0,0,None,26.5,0.0,15000,669
1,2025-08-07,3,4,8,0,0,None,28.2,1.0,15000,1064
1,2025-08-07,3,4,8,0,0,None,29.1,0.0,15000,535
1,2025-08-07,3,5,8,0,0,None,15.0,0.7,15000,984
1,2025-08-07,3,6,8,0,1,Major,20.5,0.0,15000,4343
1,2025-08-07,3,6,8,0,0,None,21.6,0.2,15000,2068
1,2025-08-07,3,7,8,0,0,None,32.8,2.0,15000,3845
1,2025-08-07,3,8,8,0,0,None,23.1,0.6,15000,5248
1,2025-08-07,3,9,8,0,0,None,24.5,1.7,15000,6262
1,2025-08-07,3,9,8,0,0,None,30.6,0.4,15000,6480
1,2025-08-07,3,10,8,0,0,None,24.6,0.0,15000,7294
1,2025-08-07,3,11,8,0,0,None,22.3,1.7,15000,6304
1,2025-08-07,3,12,8,0,0,None,30.3,0.2,15000,5402
1,2025-08-07,3,12,8,0,1,Minor,17.5,0.1,15000,7721
1,2025-08-07,3,13,8,0,0,None,35.1,0.2,15000,4257
1,2025-08-07,3,14,8,0,0,None,30.1,1.5,15000,3790
1,2025-08-07,3,15,8,0,0,None,30.4,0.0,15000,4368
1,2025-08-07,3,15,8,0,0,None,29.4,0.2,15000,4111
1,2025-08-07,3,16,8,0,1,Minor,23.1,0.7,15000,8165
1,2025-08-07,3,17,8,0,0,None,23.2,0.8,15000,7397
1,2025-08-07,3,17,8,0,0,None,35.5,0.7,15000,7117
1,2025-08-07,3,18,8,0,1,Major,25.3,1.0,15000,15000
1,2025-08-07,3,19,8,0,0,None,31.0,1.9,15000,10155
1,2025-08-07,3,20,8,0,0,None,32.1,0.0,15000,9214
1,2025-08-07,3,20,8,0,0,None,20.2,1.0,15000,9221
1,2025-08-07,3,21,8,0,0,None,26.2,0.9,15000,7295
1,2025-08-07,3,22,8,0,0,None,29.4,0.0,15000,4772
1,2025-08-07,3,23,8,0,0,None,31.7,1.0,15000,2557
1,2025-08-07,3,23,8,0,0,None,23.1,1.0,15000,2537
1,2025-08-08,4,0,8,0,0,None,30.3,0.9,15000,981
1,2025-08-08,4,1,8,0,1,Minor,28.0,0.6,15000,889
1,2025-08-08,4,1,8,0,0,None,26.8,0.8,15000,690
1,2025-08-08,4,2,8,0,0,None,33.9,0.8,15000,653
1,2025-08-08,4,3,8,0,0,None,31.9,2.5,15000,254
1,2025-08-08,4,4,8,0,1,Major,28.1,3.2,15000,1505
1,2025-08-08,4,4,8,0,0,None,34.2,0.0,15000,666
1,2025-08-08,4,5,8,0,0,None,17.7,0.2,15000,1143
1,2025-08-08,4,6,8,0,1,Minor,24.1,1.5,15000,2996
1,2025-08-08,4,7,8,0,0,None,24.3,0.6,15000,3566
1,2025-08-08,4,7,8,0,0,None,28.1,0.0,15000,3646
1,2025-08-08,4,8,8,0,0,None,25.6,0.0,15000,5218
1,2025-08-08,4,9,8,0,0,None,30.0,0.6,15000,6396
1,2025-08-08,4,9,8,0,0,None,18.7,0.7,15000,6454
1,2025-08-08,4,10,8,0,0,None,27.4,1.8,15000,6781
1,2025-08-08,4,11,8,0,0,None,16.7,1.1,15000,6710
1,2025-08-08,4,12,8,0,1,Major,23.5,0.0,15000,10454
1,2025-08-08,4,12,8,0,0,None,31.0,0.5,15000,5250
1,2025-08-08,4,13,8,0,0,None,21.9,0.0,15000,4513
1,2025-08-08,4,14,8,0,0,None,23.3,3.0,15000,3588
1,2025-08-08,4,15,8,0,0,None,19.6,0.6,15000,4335
1,2025-08-08,4,15,8,0,0,None,29.5,0.0,15000,3819
1,2025-08-08,4,16,8,0,0,None,19.1,2.2,15000,5383
1,2025-08-08,4,17,8,0,1,Minor,27.4,1.1,15000,10848
1,2025-08-08,4,18,8,0,0,None,31.1,0.0,15000,9159
1,2025-08-08,4,18,8,0,1,Minor,22.7,0.0,15000,13105
1,2025-08-08,4,19,8,0,0,None,30.2,2.0,15000,9800
1,2025-08-08,4,20,8,0,0,None,28.0,0.2,15000,9121
1,2025-08-08,4,20,8,0,0,None,29.4,1.2,15000,9262
1,2025-08-08,4,21,8,0,0,None,17.1,4.2,15000,6288
1,2025-08-08,4,22,8,0,0,None,21.5,0.7,15000,4456
1,2025-08-08,4,23,8,0,0,None,30.2,0.1,15000,2296
1,2025-08-08,4,23,8,0,0,None,34.6,0.9,15000,2341
1,2025-08-09,5,0,8,1,0,None,25.2,0.0,15000,1354
1,2025-08-09,5,1,8,1,0,None,22.6,0.0,15000,1022
1,2025-08-09,5,2,8,1,0,None,24.5,0.0,15000,982
1,2025-08-09,5,2,8,1,0,None,32.0,0.0,15000,620
1,2025-08-09,5,3,8,1,0,None,27.6,0.3,15000,706
1,2025-08-09,5,4,8,1,0,None,28.7,2.1,15000,1113
1,2025-08-09,5,4,8,1,0,None,39.5,0.7,15000,793
1,2025-08-09,5,5,8,1,0,None,31.3,1.0,15000,1662
1,2025-08-09,5,6,8,1,0,None,26.6,1.6,15000,2715
1,2025-08-09,5,7,8,1,0,None,29.1,1.6,15000,4346
1,2025-08-09,5,7,8,1,0,None,26.1,1.1,15000,4615
1,2025-08-09,5,8,8,1,0,None,31.6,0.3,15000,6795
1,2025-08-09,5,9,8,1,0,None,29.1,2.9,15000,8581
1,2025-08-09,5,10,8,1,0,None,28.3,0.5,15000,9450
1,2025-08-09,5,10,8,1,0,None,27.4,0.6,15000,8916
1,2025-08-09,5,11,8,1,0,None,27.5,0.5,15000,8590
1,2025-08-09,5,12,8,1,0,None,32.4,0.7,15000,6407
1,2025-08-09,5,12,8,1,0,None,20.3,0.0,15000,6675
1,2025-08-09,5,13,8,1,0,None,25.3,0.0,15000,5756
1,2025-08-09,5,14,8,1,1,Minor,22.7,0.0,15000,7381
1,2025-08-09,5,15,8,1,0,None,27.2,0.0,15000,5368
1,2025-08-09,5,15,8,1,0,None,24.9,3.4,15000,5371
1,2025-08-09,5,16,8,1,0,None,20.1,0.0,15000,7362
1,2025-08-09,5,17,8,1,0,None,26.5,0.8,15000,9622
1,2025-08-09,5,18,8,1,0,None,36.0,0.0,15000,11408
1,2025-08-09,5,18,8,1,0,None,32.5,0.1,15000,11616
1,2025-08-09,5,19,8,1,0,None,23.6,0.9,15000,12656
1,2025-08-09,5,20,8,1,0,None,16.9,2.5,15000,11820
1,2025-08-09,5,21,8,1,0,None,31.8,1.0,15000,9416
1,2025-08-09,5,21,8,1,0,None,22.3,0.1,15000,9408
1,2025-08-09,5,22,8,1,0,None,28.0,1.2,15000,5936
1,2025-08-09,5,23,8,1,0,None,35.5,0.0,15000,3272
1,2025-08-09,5,23,8,1,0,None,30.6,0.0,15000,3150
1,2025-08-10,6,0,8,1,0,None,34.7,1.3,15000,1022
1,2025-08-10,6,1,8,1,0,None,24.8,0.4,15000,624
1,2025-08-10,6,2,8,1,0,None,36.3,0.3,15000,494
1,2025-08-10,6,2,8,1,0,None,30.7,0.7,15000,391
1,2025-08-10,6,3,8,1,0,None,18.1,0.0,15000,429
1,2025-08-10,6,4,8,1,0,None,21.2,0.3,15000,822
1,2025-08-10,6,5,8,1,0,None,33.7,3.0,15000,1708
1,2025-08-10,6,5,8,1,1,Minor,38.3,0.2,15000,2066
1,2025-08-10,6,6,8,1,0,None,26.1,0.6,15000,2890
1,2025-08-10,6,7,8,1,0,None,23.9,0.1,15000,4525
1,2025-08-10,6,7,8,1,0,None,27.3,0.5,15000,4688
1,2025-08-10,6,8,8,1,1,Minor,27.4,0.0,15000,9812
1,2025-08-10,6,9,8,1,0,None,24.1,0.7,15000,8257
1,2025-08-10,6,10,8,1,1,Minor,27.7,2.8,15000,13379
1,2025-08-10,6,10,8,1,1,Minor,22.5,0.6,15000,13386
1,2025-08-10,6,11,8,1,0,None,32.4,1.5,15000,8467
1,2025-08-10,6,12,8,1,0,None,20.0,2.9,15000,6555
1,2025-08-10,6,13,8,1,0,None,33.4,1.4,15000,5656
1,2025-08-10,6,13,8,1,0,None,32.0,0.6,15000,5299
1,2025-08-10,6,14,8,1,0,None,26.1,0.3,15000,4930
1,2025-08-10,6,15,8,1,0,None,25.3,0.6,15000,5555
1,2025-08-10,6,16,8,1,0,None,21.0,0.6,15000,6956
1,2025-08-10,6,16,8,1,0,None,25.9,0.4,15000,7303
1,2025-08-10,6,17,8,1,0,None,28.6,0.0,15000,9731
1,2025-08-10,6,18,8,1,1,Minor,29.7,0.0,15000,15000
1,2025-08-10,6,18,8,1,0,None,30.2,0.0,15000,11496
1,2025-08-10,6,19,8,1,0,None,23.4,0.4,15000,12712
1,2025-08-10,6,20,8,1,0,None,27.0,0.6,15000,11912
1,2025-08-10,6,21,8,1,0,None,22.1,1.3,15000,9172
1,2025-08-10,6,21,8,1,0,None,23.6,5.0,15000,8352
1,2025-08-10,6,22,8,1,0,None,27.7,0.0,15000,6091
1,2025-08-10,6,23,8,1,0,None,29.0,2.3,15000,3122
1,2025-08-11,0,0,8,0,0,None,36.5,1.1,15000,884
1,2025-08-11,0,0,8,0,0,None,25.9,0.0,15000,922
1,2025-08-11,0,1,8,0,0,None,21.6,1.6,15000,717
1,2025-08-11,0,2,8,0,0,None,27.0,1.2,15000,448
1,2025-08-11,0,2,8,0,0,None,25.0,0.0,15000,785
1,2025-08-11,0,3,8,0,1,Minor,22.9,2.5,15000,996
1,2025-08-11,0,4,8,0,0,None,20.5,0.0,15000,465
1,2025-08-11,0,5,8,0,0,None,33.6,0.0,15000,1265
1,2025-08-11,0,5,8,0,0,None,25.6,0.3,15000,1097
1,2025-08-11,0,6,8,0,0,None,32.8,0.1,15000,2313
1,2025-08-11,0,7,8,0,0,None,22.7,0.6,15000,3444
1,2025-08-11,0,8,8,0,0,None,33.5,0.9,15000,5022
1,2025-08-11,0,8,8,0,0,None,22.9,0.1,15000,5429
1,2025-08-11,0,9,8,0,0,None,26.3,0.0,15000,6393
1,2025-08-11,0,10,8,0,0,None,29.9,1.2,15000,7276
1,2025-08-11,0,10,8,0,0,None,27.0,5.7,15000,6084
1,2025-08-11,0,11,8,0,0,None,28.9,0.0,15000,6731
1,2025-08-11,0,12,8,0,1,Major,28.7,0.9,15000,10363
1,2025-08-11,0,13,8,0,0,None,30.6,0.3,15000,4284
1,2025-08-11,0,13,8,0,0,None,22.3,0.0,15000,4216
1,2025-08-11,0,14,8,0,0,None,27.4,0.8,15000,3978
1,2025-08-11,0,15,8,0,0,None,33.2,0.1,15000,4408
1,2025-08-11,0,16,8,0,0,None,28.0,0.9,15000,5531
1,2025-08-11,0,16,8,0,0,None,19.2,0.0,15000,5432
1,2025-08-11,0,17,8,0,0,None,27.1,0.5,15000,7426
1,2025-08-11,0,18,8,0,1,Minor,27.2,4.7,15000,11406
1,2025-08-11,0,19,8,0,0,None,29.7,0.6,15000,9634
1,2025-08-11,0,19,8,0,0,None,32.1,0.0,15000,10119
1,2025-08-11,0,20,8,0,0,None,26.8,2.6,15000,9161
1,2025-08-11,0,21,8,0,0,None,22.9,0.3,15000,7228
1,2025-08-11,0,21,8,0,0,None,22.7,0.7,15000,7502
1,2025-08-11,0,22,8,0,0,None,35.0,0.0,15000,4880
1,2025-08-11,0,23,8,0,0,None,34.6,0.0,15000,2800
1,2025-08-12,1,0,8,0,0,None,27.3,2.8,15000,885
1,2025-08-12,1,0,8,0,0,None,29.1,0.0,15000,1109
1,2025-08-12,1,1,8,0,0,None,30.0,0.0,15000,731
1,2025-08-12,1,2,8,0,0,None,31.8,0.0,15000,404
1,2025-08-12,1,3,8,0,0,None,28.2,0.0,15000,698
1,2025-08-12,1,3,8,0,0,None,33.7,1.1,15000,656
1,2025-08-12,1,4,8,0,0,None,24.4,1.8,15000,534
1,2025-08-12,1,5,8,0,0,None,25.3,0.1,15000,1378
1,2025-08-12,1,5,8,0,0,None,17.9,0.6,15000,973
1,2025-08-12,1,6,8,0,1,Minor,21.2,0.0,15000,3309
1,2025-08-12,1,7,8,0,1,Minor,27.2,5.6,15000,4225
1,2025-08-12,1,8,8,0,0,None,36.6,0.0,15000,5243
1,2025-08-12,1,8,8,0,0,None,18.2,2.9,15000,5241
1,2025-08-12,1,9,8,0,0,None,40.2,1.3,15000,5623
1,2025-08-12,1,10,8,0,0,None,36.1,2.0,15000,7320
1,2025-08-12,1,11,8,0,0,None,36.0,0.5,15000,6461
1,2025-08-12,1,11,8,0,1,Minor,28.5,1.5,15000,9819
1,2025-08-12,1,12,8,0,0,None,34.8,4.9,15000,4616
1,2025-08-12,1,13,8,0,0,None,25.0,1.8,15000,4402
1,2025-08-12,1,14,8,0,0,None,26.1,1.9,15000,3774
1,2025-08-12,1,14,8,0,1,Minor,25.0,0.6,15000,5406
1,2025-08-12,1,15,8,0,0,None,33.4,0.0,15000,3994
1,2025-08-12,1,16,8,0,0,None,25.7,0.7,15000,5414
1,2025-08-12,1,16,8,0,0,None,24.0,0.1,15000,5700
1,2025-08-12,1,17,8,0,0,None,28.2,0.0,15000,7513
1,2025-08-12,1,18,8,0,1,Major,23.9,0.4,15000,15000
1,2025-08-12,1,19,8,0,0,None,22.0,0.1,15000,9730
1,2025-08-12,1,19,8,0,1,Major,23.6,0.4,15000,15000
1,2025-08-12,1,20,8,0,0,None,26.3,0.0,15000,9135
1,2025-08-12,1,21,8,0,0,None,33.9,0.4,15000,7375
1,2025-08-12,1,22,8,0,0,None,29.0,1.0,15000,4236
1,2025-08-12,1,22,8,0,0,None,24.1,0.0,15000,4522
1,2025-08-12,1,23,8,0,0,None,22.4,0.8,15000,2547
1,2025-08-13,2,0,8,0,0,None,21.3,2.3,15000,679
1,2025-08-13,2,0,8,0,0,None,26.0,0.9,15000,639
1,2025-08-13,2,1,8,0,0,None,32.6,1.5,15000,957
1,2025-08-13,2,2,8,0,0,None,33.4,0.0,15000,412
1,2025-08-13,2,3,8,0,0,None,26.5,0.2,15000,228
1,2025-08-13,2,3,8,0,0,None,29.1,0.6,15000,92
1,2025-08-13,2,4,8,0,0,None,19.0,1.3,15000,754
1,2025-08-13,2,5,8,0,1,Minor,30.2,0.0,15000,1595
1,2025-08-13,2,6,8,0,0,None,27.4,0.1,15000,1829
1,2025-08-13,2,6,8,0,0,None,33.5,2.2,15000,1936
1,2025-08-13,2,7,8,0,0,None,36.3,0.4,15000,3919
1,2025-08-13,2,8,8,0,0,None,32.6,0.0,15000,5249
1,2025-08-13,2,8,8,0,0,None,28.8,0.2,15000,5088
1,2025-08-13,2,9,8,0,0,None,21.6,0.5,15000,6573
1,2025-08-13,2,10,8,0,0,None,35.2,0.0,15000,7274
1,2025-08-13,2,11,8,0,0,None,19.5,3.3,15000,6755
1,2025-08-13,2,11,8,0,0,None,16.0,0.0,15000,6731
1,2025-08-13,2,12,8,0,1,Major,36.9,0.0,15000,10641
1,2025-08-13,2,13,8,0,0,None,27.6,0.0,15000,4327
1,2025-08-13,2,14,8,0,0,None,37.5,1.9,15000,3170
1,2025-08-13,2,14,8,0,0,None,37.9,0.3,15000,3289
1,2025-08-13,2,15,8,0,0,None,39.6,0.0,15000,3528
1,2025-08-13,2,16,8,0,0,None,23.1,0.0,15000,5483
1,2025-08-13,2,17,8,0,1,Major,17.2,2.3,15000,15000
1,2025-08-13,2,17,8,0,1,Minor,29.2,1.5,15000,10653
1,2025-08-13,2,18,8,0,0,None,27.4,2.4,15000,9475
1,2025-08-13,2,19,8,0,1,Minor,24.8,0.2,15000,14576
1,2025-08-13,2,19,8,0,0,None,32.2,0.6,15000,10212
1,2025-08-13,2,20,8,0,0,None,33.2,0.0,15000,9412
1,2025-08-13,2,21,8,0,0,None,25.8,1.1,15000,6993
1,2025-08-13,2,22,8,0,0,None,21.9,0.9,15000,4900
1,2025-08-13,2,22,8,0,0,None,26.2,0.7,15000,4782
1,2025-08-13,2,23,8,0,0,None,26.3,0.1,15000,2657
1,2025-08-14,3,0,8,0,0,None,32.7,2.8,15000,563
1,2025-08-14,3,1,8,0,1,Minor,31.6,0.0,15000,895
1,2025-08-14,3,1,8,0,0,None,24.7,0.0,15000,602
1,2025-08-14,3,2,8,0,0,None,30.7,1.8,15000,645
1,2025-08-14,3,3,8,0,1,Minor,29.4,1.1,15000,646
1,2025-08-14,3,3,8,0,0,None,17.2,0.6,15000,538
1,2025-08-14,3,4,8,0,0,None,32.8,0.0,15000,573
1,2025-08-14,3,5,8,0,0,None,27.0,2.0,15000,1107
1,2025-08-14,3,6,8,0,1,Minor,20.8,2.3,15000,3201
1,2025-08-14,3,6,8,0,0,None,23.1,0.0,15000,2305
1,2025-08-14,3,7,8,0,0,None,33.9,0.0,15000,3678
1,2025-08-14,3,8,8,0,1,Minor,20.9,1.0,15000,7528
1,2025-08-14,3,9,8,0,0,None,26.6,3.6,15000,6508
1,2025-08-14,3,9,8,0,1,Major,33.0,0.0,15000,12791
1,2025-08-14,3,10,8,0,1,Minor,27.7,2.3,15000,10303
1,2025-08-14,3,11,8,0,0,None,18.7,0.0,15000,6800
1,2025-08-14,3,11,8,0,1,Major,28.8,0.1,15000,13225
1,2025-08-14,3,12,8,0,0,None,20.3,0.0,15000,5015
1,2025-08-14,3,13,8,0,0,None,22.6,7.9,15000,3608
1,2025-08-14,3,14,8,0,0,None,27.9,0.2,15000,3795
1,2025-08-14,3,14,8,0,0,None,24.4,0.0,15000,3965
1,2025-08-14,3,15,8,0,0,None,26.6,0.2,15000,4406
1,2025-08-14,3,16,8,0,0,None,30.7,0.0,15000,5378
1,2025-08-14,3,17,8,0,0,None,19.5,0.0,15000,7404
1,2025-08-14,3,17,8,0,0,None,27.8,0.9,15000,7298
1,2025-08-14,3,18,8,0,0,None,27.9,0.0,15000,9107
1,2025-08-14,3,19,8,0,0,None,21.9,0.4,15000,9937
1,2025-08-14,3,20,8,0,1,Minor,25.0,1.2,15000,13488
1,2025-08-14,3,20,8,0,0,None,20.1,0.1,15000,9266
1,2025-08-14,3,21,8,0,0,None,22.9,0.8,15000,7315
1,2025-08-14,3,22,8,0,0,None,29.6,0.3,15000,5069
1,2025-08-14,3,22,8,0,0,None,33.2,1.2,15000,4641
1,2025-08-14,3,23,8,0,0,None,23.2,0.6,15000,2510
1,2025-08-15,4,0,8,0,0,None,37.5,0.8,15000,807
1,2025-08-15,4,1,8,0,0,None,23.5,0.0,15000,658
1,2025-08-15,4,1,8,0,0,None,34.2,0.0,15000,509
1,2025-08-15,4,2,8,0,0,None,27.2,0.0,15000,1027
1,2025-08-15,4,3,8,0,0,None,27.8,2.0,15000,344
1,2025-08-15,4,4,8,0,0,None,21.6,0.0,15000,634
1,2025-08-15,4,4,8,0,0,None,26.8,2.3,15000,752
1,2025-08-15,4,5,8,0,0,None,28.8,0.2,15000,1078
1,2025-08-15,4,6,8,0,0,None,21.0,0.6,15000,2421
1,2025-08-15,4,6,8,0,0,None,23.6,0.5,15000,2386
1,2025-08-15,4,7,8,0,1,Major,29.6,0.0,15000,7425
1,2025-08-15,4,8,8,0,0,None,29.6,0.6,15000,4914
1,2025-08-15,4,9,8,0,0,None,30.3,0.0,15000,6560
1,2025-08-15,4,9,8,0,0,None,34.9,0.0,15000,6809
1,2025-08-15,4,10,8,0,0,None,27.5,0.8,15000,7076
1,2025-08-15,4,11,8,0,0,None,20.9,1.7,15000,6383
1,2025-08-15,4,12,8,0,0,None,34.3,1.7,15000,5245
1,2025-08-15,4,12,8,0,0,None,31.4,1.2,15000,5100
1,2025-08-15,4,13,8,0,0,None,28.6,1.4,15000,4324
1,2025-08-15,4,14,8,0,0,None,17.7,1.0,15000,3877
1,2025-08-15,4,14,8,0,0,None,28.9,0.1,15000,3826
1,2025-08-15,4,15,8,0,1,Minor,30.6,0.0,15000,6449
1,2025-08-15,4,16,8,0,0,None,32.4,0.0,15000,5488
1,2025-08-15,4,17,8,0,0,None,26.5,1.0,15000,7766
1,2025-08-15,4,17,8,0,0,None,34.1,0.0,15000,6938
1,2025-08-15,4,18,8,0,0,None,26.2,0.0,15000,9010
1,2025-08-15,4,19,8,0,0,None,25.9,2.6,15000,10124
1,2025-08-15,4,20,8,0,0,None,27.4,0.0,15000,9509
1,2025-08-15,4,20,8,0,0,None,19.1,0.0,15000,9210
1,2025-08-15,4,21,8,0,0,None,32.7,0.2,15000,6929
1,2025-08-15,4,22,8,0,0,None,20.8,0.2,15000,4675
1,2025-08-15,4,23,8,0,0,None,24.0,0.2,15000,2403
1,2025-08-15,4,23,8,0,0,None,29.2,2.4,15000,2521
1,2025-08-16,5,0,8,1,0,None,26.5,0.5,15000,934
1,2025-08-16,5,1,8,1,0,None,22.6,0.1,15000,575
1,2025-08-16,5,1,8,1,0,None,27.2,3.2,15000,1129
1,2025-08-16,5,2,8,1,1,Minor,24.0,0.2,15000,1122
1,2025-08-16,5,3,8,1,0,None,27.9,1.4,15000,703
1,2025-08-16,5,4,8,1,0,None,32.6,1.4,15000,755
1,2025-08-16,5,4,8,1,0,None,35.0,1.6,15000,936
1,2025-08-16,5,5,8,1,0,None,29.7,0.0,15000,1628
1,2025-08-16,5,6,8,1,0,None,31.2,0.0,15000,2843
1,2025-08-16,5,7,8,1,0,None,32.7,1.8,15000,4611
1,2025-08-16,5,7,8,1,0,None,29.9,0.0,15000,4690
1,2025-08-16,5,8,8,1,0,None,31.0,0.0,15000,6501
1,2025-08-16,5,9,8,1,0,None,28.8,2.1,15000,8441
1,2025-08-16,5,9,8,1,0,None,19.2,0.0,15000,8189
1,2025-08-16,5,10,8,1,0,None,23.1,0.6,15000,9174
1,2025-08-16,5,11,8,1,0,None,27.3,1.2,15000,8423
1,2025-08-16,5,12,8,1,0,None,29.5,2.5,15000,6653
1,2025-08-16,5,12,8,1,0,None,29.7,2.9,15000,6967
1,2025-08-16,5,13,8,1,0,None,26.4,0.0,15000,5562
1,2025-08-16,5,14,8,1,0,None,23.8,1.3,15000,4979
1,2025-08-16,5,15,8,1,0,None,27.0,2.8,15000,5453
1,2025-08-16,5,15,8,1,0,None,16.4,0.8,15000,5630
1,2025-08-16,5,16,8,1,0,None,25.2,0.0,15000,6951
1,2025-08-16,5,17,8,1,0,None,30.4,0.2,15000,9483
1,2025-08-16,5,18,8,1,0,None,25.3,0.9,15000,11780
1,2025-08-16,5,18,8,1,0,None,22.2,0.4,15000,11561
1,2025-08-16,5,19,8,1,0,None,32.8,0.0,15000,12801
1,2025-08-16,5,20,8,1,0,None,29.9,0.2,15000,12003
1,2025-08-16,5,20,8,1,0,None,33.7,1.9,15000,11981
1,2025-08-16,5,21,8,1,1,Minor,20.7,1.6,15000,13429
1,2025-08-16,5,22,8,1,0,None,29.4,0.0,15000,6101
1,2025-08-16,5,23,8,1,0,None,30.4,0.0,15000,3195
1,2025-08-16,5,23,8,1,0,None,21.3,0.6,15000,3390
1,2025-08-17,6,0,8,1,0,None,28.9,0.0,15000,1012
1,2025-08-17,6,1,8,1,0,None,36.7,0.2,15000,581
1,2025-08-17,6,2,8,1,1,Minor,26.4,0.1,15000,1036
1,2025-08-17,6,2,8,1,0,None,25.8,0.0,15000,610
1,2025-08-17,6,3,8,1,0,None,25.2,0.8,15000,401
1,2025-08-17,6,4,8,1,0,None,34.0,0.0,15000,682
1,2025-08-17,6,4,8,1,0,None,24.6,0.4,15000,728
1,2025-08-17,6,5,8,1,0,None,22.4,0.3,15000,1560
1,2025-08-17,6,6,8,1,0,None,28.2,0.6,15000,2996
1,2025-08-17,6,7,8,1,1,Minor,23.8,0.4,15000,6542
1,2025-08-17,6,7,8,1,0,None,21.7,0.3,15000,4587
1,2025-08-17,6,8,8,1,0,None,23.6,0.4,15000,6747
1,2025-08-17,6,9,8,1,0,None,23.8,0.7,15000,8336
1,2025-08-17,6,10,8,1,0,None,26.3,2.8,15000,8844
1,2025-08-17,6,10,8,1,0,None,31.8,2.1,15000,9451
1,2025-08-17,6,11,8,1,1,Minor,23.6,2.8,15000,12177
1,2025-08-17,6,12,8,1,0,None,25.7,0.0,15000,6750
1,2025-08-17,6,12,8,1,0,None,32.5,0.2,15000,6712
1,2025-08-17,6,13,8,1,0,None,31.0,1.2,15000,5312
1,2025-08-17,6,14,8,1,0,None,26.6,0.0,15000,4819
1,2025-08-17,6,15,8,1,0,None,22.4,0.0,15000,5776
1,2025-08-17,6,15,8,1,0,None,36.3,1.4,15000,5741
1,2025-08-17,6,16,8,1,0,None,28.8,0.3,15000,7090
1,2025-08-17,6,17,8,1,0,None,19.8,0.0,15000,9414
1,2025-08-17,6,18,8,1,0,None,17.6,0.4,15000,11912
1,2025-08-17,6,18,8,1,0,None,23.9,0.0,15000,11405
1,2025-08-17,6,19,8,1,0,None,20.5,0.2,15000,12800
1,2025-08-17,6,20,8,1,0,None,28.0,0.0,15000,11792
1,2025-08-17,6,21,8,1,0,None,26.1,1.7,15000,9356
1,2025-08-17,6,21,8,1,0,None,24.9,0.1,15000,9068
1,2025-08-17,6,22,8,1,0,None,20.8,1.1,15000,5696
1,2025-08-17,6,23,8,1,0,None,27.0,0.3,15000,3130
1,2025-08-17,6,23,8,1,1,Minor,27.2,0.0,15000,4439
1,2025-08-18,0,0,8,0,0,None,28.5,0.8,15000,794
1,2025-08-18,0,1,8,0,0,None,26.9,0.0,15000,533
1,2025-08-18,0,2,8,0,0,None,19.1,0.0,15000,600
1,2025-08-18,0,2,8,0,0,None,32.7,0.0,15000,551
1,2025-08-18,0,3,8,0,0,None,25.2,0.9,15000,381
1,2025-08-18,0,4,8,0,0,None,32.2,1.0,15000,588
1,2025-08-18,0,5,8,0,0,None,27.1,0.9,15000,1391
1,2025-08-18,0,5,8,0,0,None,32.9,0.0,15000,1171
1,2025-08-18,0,6,8,0,1,Minor,27.1,0.1,15000,3194
1,2025-08-18,0,7,8,0,0,None,24.2,0.3,15000,3641
1,2025-08-18,0,7,8,0,1,Minor,25.2,0.8,15000,5233
1,2025-08-18,0,8,8,0,0,None,20.4,0.0,15000,5190
1,2025-08-18,0,9,8,0,0,None,37.8,0.0,15000,5625
1,2025-08-18,0,10,8,0,0,None,24.7,0.1,15000,7515
1,2025-08-18,0,10,8,0,0,None,30.8,0.0,15000,7156
1,2025-08-18,0,11,8,0,0,None,15.0,0.8,15000,6343
1,2025-08-18,0,12,8,0,0,None,27.8,2.4,15000,5395
1,2025-08-18,0,13,8,0,1,Major,21.0,0.4,15000,8921
1,2025-08-18,0,13,8,0,0,None,23.6,1.1,15000,4185
1,2025-08-18,0,14,8,0,0,None,26.5,0.3,15000,3515
1,2025-08-18,0,15,8,0,0,None,34.3,2.2,15000,4512
1,2025-08-18,0,16,8,0,0,None,23.3,0.1,15000,5547
1,2025-08-18,0,16,8,0,1,Minor,29.7,0.2,15000,8217
1,2025-08-18,0,17,8,0,0,None,25.2,0.8,15000,7505
1,2025-08-18,0,18,8,0,0,None,21.4,0.0,15000,9144
1,2025-08-18,0,18,8,0,1,Minor,32.6,0.0,15000,12974
1,2025-08-18,0,19,8,0,0,None,22.1,0.0,15000,9779
1,2025-08-18,0,20,8,0,0,None,26.0,2.0,15000,9223
1,2025-08-18,0,21,8,0,0,None,19.4,1.1,15000,7154
1,2025-08-18,0,21,8,0,0,None,22.3,0.2,15000,7004
1,2025-08-18,0,22,8,0,0,None,24.4,0.0,15000,4770
1,2025-08-18,0,23,8,0,0,None,21.2,1.9,15000,2543
1,2025-08-19,1,0,8,0,0,None,21.4,0.1,15000,465
1,2025-08-19,1,0,8,0,0,None,19.8,2.4,15000,679
1,2025-08-19,1,1,8,0,0,None,21.9,0.3,15000,837
1,2025-08-19,1,2,8,0,0,None,31.2,0.0,15000,658
1,2025-08-19,1,2,8,0,1,Minor,15.0,1.6,15000,1212
1,2025-08-19,1,3,8,0,0,None,25.3,1.2,15000,884
1,2025-08-19,1,4,8,0,1,Major,33.4,1.8,15000,1779
1,2025-08-19,1,5,8,0,0,None,21.8,0.8,15000,1152
1,2025-08-19,1,5,8,0,0,None,27.5,0.0,15000,1060
1,2025-08-19,1,6,8,0,1,Major,32.8,0.7,15000,4607
1,2025-08-19,1,7,8,0,0,None,27.1,0.0,15000,3802
1,2025-08-19,1,8,8,0,0,None,28.6,1.5,15000,5318
1,2025-08-19,1,8,8,0,0,None,30.6,0.7,15000,5125
1,2025-08-19,1,9,8,0,0,None,36.8,0.0,15000,6545
1,2025-08-19,1,10,8,0,0,None,26.8,0.9,15000,7179
1,2025-08-19,1,10,8,0,0,None,29.0,0.9,15000,7147
1,2025-08-19,1,11,8,0,0,None,23.9,0.6,15000,6396
1,2025-08-19,1,12,8,0,0,None,15.0,0.4,15000,5108
1,2025-08-19,1,13,8,0,1,Minor,26.7,1.5,15000,6297
1,2025-08-19,1,13,8,0,0,None,25.2,0.1,15000,4180
1,2025-08-19,1,14,8,0,0,None,30.8,1.5,15000,3825
1,2025-08-19,1,15,8,0,0,None,27.7,0.1,15000,4431
1,2025-08-19,1,16,8,0,0,None,35.9,0.2,15000,5721
1,2025-08-19,1,16,8,0,0,None,27.4,0.3,15000,5694
1,2025-08-19,1,17,8,0,0,None,29.4,0.2,15000,7527
1,2025-08-19,1,18,8,0,0,None,33.4,0.8,15000,8843
1,2025-08-19,1,19,8,0,0,None,29.3,0.0,15000,9957
1,2025-08-19,1,19,8,0,0,None,22.5,2.3,15000,9991
1,2025-08-19,1,20,8,0,1,Minor,19.2,1.6,15000,13688
1,2025-08-19,1,21,8,0,0,None,27.8,0.0,15000,7193
1,2025-08-19,1,21,8,0,0,None,20.8,0.0,15000,7022
1,2025-08-19,1,22,8,0,0,None,33.7,2.0,15000,4573
1,2025-08-19,1,23,8,0,0,None,33.2,1.2,15000,2622
1,2025-08-20,2,0,8,0,0,None,20.8,1.0,15000,630
1,2025-08-20,2,0,8,0,0,None,31.1,0.0,15000,828
1,2025-08-20,2,1,8,0,0,None,28.8,2.9,15000,779
1,2025-08-20,2,2,8,0,0,None,23.2,0.6,15000,375
1,2025-08-20,2,3,8,0,0,None,27.8,1.4,15000,375
1,2025-08-20,2,3,8,0,1,Minor,25.5,0.0,15000,569
1,2025-08-20,2,4,8,0,0,None,25.3,0.7,15000,650
1,2025-08-20,2,5,8,0,0,None,28.5,3.3,15000,1535
1,2025-08-20,2,5,8,0,0,None,26.4,2.1,15000,1285
1,2025-08-20,2,6,8,0,0,None,23.3,1.0,15000,2145
1,2025-08-20,2,7,8,0,0,None,27.0,1.0,15000,3261
1,2025-08-20,2,8,8,0,0,None,35.5,0.0,15000,5366
1,2025-08-20,2,8,8,0,0,None,32.6,0.2,15000,5164
1,2025-08-20,2,9,8,0,0,None,33.6,3.3,15000,6448
1,2025-08-20,2,10,8,0,0,None,36.3,2.3,15000,7159
1,2025-08-20,2,11,8,0,0,None,25.6,0.6,15000,6450
1,2025-08-20,2,11,8,0,0,None,28.2,1.8,15000,6698
1,2025-08-20,2,12,8,0,0,None,24.1,1.1,15000,5229
1,2025-08-20,2,13,8,0,0,None,27.5,1.5,15000,4503
1,2025-08-20,2,13,8,0,0,None,30.2,0.0,15000,4187
1,2025-08-20,2,14,8,0,0,None,22.9,0.0,15000,3899
1,2025-08-20,2,15,8,0,0,None,24.4,1.8,15000,4534
1,2025-08-20,2,16,8,0,0,None,36.2,0.0,15000,5779
1,2025-08-20,2,16,8,0,0,None,23.6,0.2,15000,5517
1,2025-08-20,2,17,8,0,0,None,30.3,2.5,15000,7676
1,2025-08-20,2,18,8,0,0,None,27.3,0.0,15000,8973
1,2025-08-20,2,19,8,0,0,None,15.0,0.1,15000,10306
1,2025-08-20,2,19,8,0,0,None,25.5,0.0,15000,9992
1,2025-08-20,2,20,8,0,0,None,29.1,0.0,15000,9206
1,2025-08-20,2,21,8,0,1,Minor,23.6,0.0,15000,10214
1,2025-08-20,2,22,8,0,0,None,21.1,1.5,15000,4501
1,2025-08-20,2,22,8,0,0,None,25.7,0.8,15000,4660
1,2025-08-20,2,23,8,0,0,None,34.8,1.7,15000,2396
1,2025-08-21,3,0,8,0,1,Minor,21.2,0.0,15000,1339
1,2025-08-21,3,0,8,0,0,None,29.4,1.2,15000,673
1,2025-08-21,3,1,8,0,0,None,25.9,1.0,15000,296
1,2025-08-21,3,2,8,0,0,None,35.7,0.0,15000,966
1,2025-08-21,3,3,8,0,0,None,33.7,1.0,15000,452
1,2025-08-21,3,3,8,0,1,Minor,36.5,0.0,15000,706
1,2025-08-21,3,4,8,0,0,None,27.1,3.0,15000,424
1,2025-08-21,3,5,8,0,0,None,26.6,0.0,15000,1197
1,2025-08-21,3,6,8,0,0,None,15.6,2.7,15000,2181
1,2025-08-21,3,6,8,0,0,None,39.0,0.5,15000,2169
1,2025-08-21,3,7,8,0,0,None,30.3,0.3,15000,3552
1,2025-08-21,3,8,8,0,0,None,24.3,1.4,15000,5235
1,2025-08-21,3,8,8,0,0,None,32.9,2.1,15000,5322
1,2025-08-21,3,9,8,0,0,None,24.0,0.9,15000,6639
1,2025-08-21,3,10,8,0,1,Minor,19.7,1.2,15000,10626
1,2025-08-21,3,11,8,0,1,Minor,24.8,0.2,15000,9323
1,2025-08-21,3,11,8,0,0,None,22.4,2.1,15000,6729
1,2025-08-21,3,12,8,0,0,None,25.6,0.0,15000,5329
1,2025-08-21,3,13,8,0,0,None,21.8,0.0,15000,4312
1,2025-08-21,3,14,8,0,0,None,26.9,0.5,15000,3700
1,2025-08-21,3,14,8,0,0,None,27.4,0.0,15000,3712
1,2025-08-21,3,15,8,0,0,None,31.4,0.0,15000,4399
1,2025-08-21,3,16,8,0,0,None,21.5,0.8,15000,5869
1,2025-08-21,3,16,8,0,0,None,31.6,0.0,15000,5601
1,2025-08-21,3,17,8,0,0,None,19.6,5.8,15000,6353
1,2025-08-21,3,18,8,0,0,None,32.7,0.4,15000,9030
1,2025-08-21,3,19,8,0,0,None,22.7,0.0,15000,9867
1,2025-08-21,3,19,8,0,0,None,23.2,5.9,15000,8718
1,2025-08-21,3,20,8,0,0,None,31.1,2.9,15000,9350
1,2025-08-21,3,21,8,0,0,None,32.2,0.6,15000,7209
1,2025-08-21,3,22,8,0,1,Minor,22.8,2.9,15000,6442
1,2025-08-21,3,22,8,0,0,None,28.7,0.0,15000,4790
1,2025-08-21,3,23,8,0,0,None,25.1,1.6,15000,2268
1,2025-08-22,4,0,8,0,0,None,24.3,1.3,15000,930
1,2025-08-22,4,1,8,0,0,None,15.8,0.6,15000,874
1,2025-08-22,4,1,8,0,0,None,34.0,0.6,15000,389
1,2025-08-22,4,2,8,0,0,None,30.4,2.9,15000,503
1,2025-08-22,4,3,8,0,0,None,30.7,0.0,15000,137
1,2025-08-22,4,3,8,0,0,None,23.4,0.8,15000,372
1,2025-08-22,4,4,8,0,0,None,24.1,0.0,15000,673
1,2025-08-22,4,5,8,0,0,None,29.1,4.8,15000,999
1,2025-08-22,4,6,8,0,0,None,30.0,1.4,15000,2482
1,2025-08-22,4,6,8,0,0,None,21.5,0.0,15000,2258
1,2025-08-22,4,7,8,0,0,None,30.2,0.7,15000,3552
1,2025-08-22,4,8,8,0,0,None,27.0,0.3,15000,5161
1,2025-08-22,4,9,8,0,0,None,28.3,0.9,15000,6488
1,2025-08-22,4,9,8,0,0,None,29.7,0.0,15000,6404
1,2025-08-22,4,10,8,0,0,None,28.2,0.4,15000,7054
1,2025-08-22,4,11,8,0,0,None,32.1,0.0,15000,6875
1,2025-08-22,4,11,8,0,0,None,24.1,4.8,15000,6337
1,2025-08-22,4,12,8,0,0,None,36.9,0.0,15000,5254
1,2025-08-22,4,13,8,0,0,None,23.9,0.4,15000,4427
1,2025-08-22,4,14,8,0,0,None,33.0,2.0,15000,3961
1,2025-08-22,4,14,8,0,0,None,32.2,0.0,15000,3965
1,2025-08-22,4,15,8,0,0,None,24.9,0.9,15000,4529
1,2025-08-22,4,16,8,0,0,None,32.4,1.0,15000,5563
1,2025-08-22,4,17,8,0,0,None,24.7,0.3,15000,7150
1,2025-08-22,4,17,8,0,0,None,23.3,0.0,15000,7438
1,2025-08-22,4,18,8,0,0,None,31.5,0.4,15000,9256
1,2025-08-22,4,19,8,0,1,Minor,21.9,1.4,15000,14345
1,2025-08-22,4,20,8,0,0,None,37.1,3.6,15000,8109
1,2025-08-22,4,20,8,0,0,None,31.2,2.0,15000,9443
1,2025-08-22,4,21,8,0,0,None,16.4,0.3,15000,6950
1,2025-08-22,4,22,8,0,0,None,29.3,0.3,15000,4760
1,2025-08-22,4,22,8,0,0,None,30.6,0.0,15000,4531
1,2025-08-22,4,23,8,0,0,None,22.8,0.6,15000,2405
1,2025-08-23,5,0,8,1,0,None,20.1,1.4,15000,992
1,2025-08-23,5,1,8,1,0,None,20.8,0.3,15000,627
1,2025-08-23,5,1,8,1,0,None,29.5,2.4,15000,773
1,2025-08-23,5,2,8,1,0,None,27.5,0.0,15000,560
1,2025-08-23,5,3,8,1,0,None,32.6,3.0,15000,574
1,2025-08-23,5,4,8,1,0,None,38.7,0.0,15000,604
1,2025-08-23,5,4,8,1,0,None,20.9,1.3,15000,851
1,2025-08-23,5,5,8,1,0,None,28.0,0.9,15000,1334
1,2025-08-23,5,6,8,1,0,None,23.0,0.4,15000,2874
1,2025-08-23,5,6,8,1,0,None,28.5,4.5,15000,2452
1,2025-08-23,5,7,8,1,0,None,27.6,0.2,15000,4467
1,2025-08-23,5,8,8,1,0,None,20.9,1.0,15000,6649
1,2025-08-23,5,9,8,1,0,None,24.4,2.1,15000,8639
1,2025-08-23,5,9,8,1,0,None,26.6,0.0,15000,8011
1,2025-08-23,5,10,8,1,1,Minor,30.0,2.5,15000,13338
1,2025-08-23,5,11,8,1,0,None,25.7,0.2,15000,8395
1,2025-08-23,5,12,8,1,0,None,28.2,0.6,15000,6550
1,2025-08-23,5,12,8,1,0,None,30.5,0.4,15000,6782
1,2025-08-23,5,13,8,1,1,Minor,28.2,0.0,15000,8087
1,2025-08-23,5,14,8,1,0,None,35.6,0.4,15000,4646
1,2025-08-23,5,14,8,1,0,None,30.5,0.0,15000,5124
1,2025-08-23,5,15,8,1,1,Minor,23.8,0.0,15000,7848
1,2025-08-23,5,16,8,1,0,None,30.1,1.4,15000,7001
1,2025-08-23,5,17,8,1,1,Minor,28.6,0.0,15000,13753
1,2025-08-23,5,17,8,1,0,None,34.4,0.0,15000,9780
1,2025-08-23,5,18,8,1,0,None,36.0,1.6,15000,11616
1,2025-08-23,5,19,8,1,0,None,23.7,0.0,15000,12722
1,2025-08-23,5,20,8,1,0,None,25.6,0.1,15000,11735
1,2025-08-23,5,20,8,1,0,None,27.8,1.2,15000,11902
1,2025-08-23,5,21,8,1,0,None,25.7,0.0,15000,9141
1,2025-08-23,5,22,8,1,0,None,23.0,0.0,15000,6111
1,2025-08-23,5,23,8,1,0,None,26.4,0.0,15000,2918
1,2025-08-23,5,23,8,1,0,None,37.5,0.0,15000,2921
1,2025-08-24,6,0,8,1,0,None,30.2,0.6,15000,1182
1,2025-08-24,6,1,8,1,0,None,29.4,2.6,15000,1024
1,2025-08-24,6,1,8,1,0,None,27.4,0.0,15000,773
1,2025-08-24,6,2,8,1,1,Major,20.9,0.0,15000,1551
1,2025-08-24,6,3,8,1,0,None,23.0,0.0,15000,860
1,2025-08-24,6,4,8,1,0,None,29.6,0.8,15000,1039
1,2025-08-24,6,4,8,1,0,None,29.2,0.5,15000,1008
1,2025-08-24,6,5,8,1,0,None,33.2,1.2,15000,1582
1,2025-08-24,6,6,8,1,0,None,38.8,1.9,15000,2502
1,2025-08-24,6,7,8,1,0,None,37.4,2.6,15000,3880
1,2025-08-24,6,7,8,1,1,Major,23.6,0.1,15000,9085
1,2025-08-24,6,8,8,1,0,None,31.7,0.8,15000,6695
1,2025-08-24,6,9,8,1,0,None,28.7,0.0,15000,8491
1,2025-08-24,6,9,8,1,0,None,30.4,0.6,15000,8468
1,2025-08-24,6,10,8,1,0,None,23.9,1.4,15000,9390
1,2025-08-24,6,11,8,1,0,None,22.8,0.0,15000,8323
1,2025-08-24,6,12,8,1,0,None,28.8,0.7,15000,6462
1,2025-08-24,6,12,8,1,0,None,32.5,2.5,15000,6746
1,2025-08-24,6,13,8,1,0,None,23.2,0.0,15000,5532
1,2025-08-24,6,14,8,1,0,None,35.1,0.3,15000,4848
1,2025-08-24,6,15,8,1,1,Minor,24.0,6.0,15000,7035
1,2025-08-24,6,15,8,1,0,None,34.9,0.8,15000,5633
1,2025-08-24,6,16,8,1,0,None,29.4,1.5,15000,7165
1,2025-08-24,6,17,8,1,0,None,30.3,1.0,15000,9439
1,2025-08-24,6,18,8,1,0,None,28.8,0.0,15000,11927
1,2025-08-24,6,18,8,1,0,None,25.3,0.3,15000,11655
1,2025-08-24,6,19,8,1,0,None,28.9,0.0,15000,12998
1,2025-08-24,6,20,8,1,0,None,20.6,0.2,15000,12123
1,2025-08-24,6,20,8,1,0,None,27.2,0.6,15000,12131
1,2025-08-24,6,21,8,1,0,None,33.1,0.0,15000,9473
1,2025-08-24,6,22,8,1,0,None,30.7,0.1,15000,6321
1,2025-08-24,6,23,8,1,0,None,30.2,0.7,15000,3445
1,2025-08-24,6,23,8,1,0,None,22.8,0.6,15000,3066
1,2025-08-25,0,0,8,0,1,Minor,27.6,2.6,15000,1021
1,2025-08-25,0,1,8,0,0,None,32.6,3.3,15000,648
1,2025-08-25,0,2,8,0,0,None,21.8,0.0,15000,610
1,2025-08-25,0,2,8,0,1,Minor,24.9,1.2,15000,743
1,2025-08-25,0,3,8,0,0,None,31.6,2.4,15000,508
1,2025-08-25,0,4,8,0,0,None,22.1,1.4,15000,642
1,2025-08-25,0,4,8,0,0,None,24.4,0.7,15000,736
1,2025-08-25,0,5,8,0,0,None,26.8,0.0,15000,1176
1,2025-08-25,0,6,8,0,0,None,34.0,0.0,15000,2063
1,2025-08-25,0,7,8,0,1,Major,33.8,4.7,15000,6048
1,2025-08-25,0,7,8,0,0,None,28.5,1.5,15000,3709
1,2025-08-25,0,8,8,0,1,Minor,25.2,0.8,15000,7620
1,2025-08-25,0,9,8,0,0,None,20.1,0.8,15000,6536
1,2025-08-25,0,10,8,0,1,Minor,26.3,1.7,15000,10377
1,2025-08-25,0,10,8,0,0,None,25.1,0.0,15000,7196
1,2025-08-25,0,11,8,0,0,None,30.0,1.4,15000,6427
1,2025-08-25,0,12,8,0,0,None,26.3,3.1,15000,5002
1,2025-08-25,0,12,8,0,0,None,27.0,2.7,15000,5014
1,2025-08-25,0,13,8,0,0,None,26.9,0.0,15000,4525
1,2025-08-25,0,14,8,0,0,None,28.5,1.2,15000,3939
1,2025-08-25,0,15,8,0,0,None,20.5,2.7,15000,4305
1,2025-08-25,0,15,8,0,0,None,27.8,0.2,15000,4398
1,2025-08-25,0,16,8,0,0,None,25.1,0.0,15000,5693
1,2025-08-25,0,17,8,0,0,None,39.0,1.4,15000,6508
1,2025-08-25,0,18,8,0,0,None,23.8,1.5,15000,8997
1,2025-08-25,0,18,8,0,0,None,25.2,0.0,15000,9154
1,2025-08-25,0,19,8,0,0,None,25.4,3.0,15000,9554
1,2025-08-25,0,20,8,0,0,None,22.8,0.3,15000,9202
1,2025-08-25,0,21,8,0,0,None,19.5,1.4,15000,7317
1,2025-08-25,0,21,8,0,1,Minor,37.2,0.0,15000,9366
1,2025-08-25,0,22,8,0,0,None,34.8,0.4,15000,4922
1,2025-08-25,0,23,8,0,0,None,22.4,0.0,15000,2773
1,2025-08-25,0,23,8,0,1,Minor,31.4,0.0,15000,3588
1,2025-08-26,1,0,8,0,0,None,30.8,3.2,15000,830
1,2025-08-26,1,1,8,0,0,None,29.0,0.0,15000,767
1,2025-08-26,1,2,8,0,0,None,27.1,0.0,15000,574
1,2025-08-26,1,2,8,0,0,None,22.0,1.1,15000,618
1,2025-08-26,1,3,8,0,0,None,19.2,0.0,15000,661
1,2025-08-26,1,4,8,0,0,None,18.2,0.0,15000,869
1,2025-08-26,1,5,8,0,0,None,29.3,1.3,15000,1198
1,2025-08-26,1,5,8,0,0,None,42.0,0.0,15000,1186
1,2025-08-26,1,6,8,0,0,None,34.8,0.2,15000,2109
1,2025-08-26,1,7,8,0,1,Minor,29.2,0.0,15000,5136
1,2025-08-26,1,7,8,0,0,None,28.0,0.0,15000,3700
1,2025-08-26,1,8,8,0,0,None,30.2,1.3,15000,4919
1,2025-08-26,1,9,8,0,0,None,24.9,0.4,15000,6536
1,2025-08-26,1,10,8,0,0,None,26.4,0.3,15000,7327
1,2025-08-26,1,10,8,0,1,Minor,21.0,0.0,15000,10544
1,2025-08-26,1,11,8,0,0,None,23.6,1.0,15000,6522
1,2025-08-26,1,12,8,0,0,None,31.9,0.9,15000,5516
1,2025-08-26,1,13,8,0,0,None,28.0,2.6,15000,4537
1,2025-08-26,1,13,8,0,0,None,24.9,0.3,15000,4541
1,2025-08-26,1,14,8,0,0,None,27.8,1.2,15000,3630
1,2025-08-26,1,15,8,0,0,None,20.8,0.0,15000,4790
1,2025-08-26,1,15,8,0,0,None,33.0,0.0,15000,4306
1,2025-08-26,1,16,8,0,0,None,33.5,0.1,15000,5388
1,2025-08-26,1,17,8,0,1,Minor,24.3,0.0,15000,10597
1,2025-08-26,1,18,8,0,0,None,24.7,0.2,15000,9358
1,2025-08-26,1,18,8,0,0,None,30.8,0.0,15000,9082
1,2025-08-26,1,19,8,0,0,None,31.9,0.7,15000,9599
1,2025-08-26,1,20,8,0,0,None,26.9,0.0,15000,9562
1,2025-08-26,1,21,8,0,0,None,23.8,0.0,15000,7338
1,2025-08-26,1,21,8,0,0,None,26.1,3.0,15000,7298
1,2025-08-26,1,22,8,0,0,None,28.1,0.0,15000,4752
1,2025-08-26,1,23,8,0,1,Minor,21.6,0.3,15000,3638
1,2025-08-27,2,0,8,0,0,None,26.5,0.2,15000,461
1,2025-08-27,2,0,8,0,0,None,23.9,1.9,15000,658
1,2025-08-27,2,1,8,0,0,None,30.3,0.3,15000,726
1,2025-08-27,2,2,8,0,0,None,22.8,0.2,15000,457
1,2025-08-27,2,2,8,0,0,None,19.2,0.7,15000,349
1,2025-08-27,2,3,8,0,0,None,27.6,2.6,15000,838
1,2025-08-27,2,4,8,0,1,Minor,32.6,3.2,15000,1232
1,2025-08-27,2,5,8,0,0,None,22.5,0.0,15000,1104
1,2025-08-27,2,5,8,0,0,None,24.5,0.0,15000,1342
1,2025-08-27,2,6,8,0,0,None,25.1,0.0,15000,2334
1,2025-08-27,2,7,8,0,0,None,27.1,0.0,15000,3754
1,2025-08-27,2,8,8,0,0,None,33.5,1.8,15000,5114
1,2025-08-27,2,8,8,0,0,None,29.6,0.0,15000,4947
1,2025-08-27,2,9,8,0,0,None,24.9,0.0,15000,6566
1,2025-08-27,2,10,8,0,0,None,36.4,1.4,15000,7185
1,2025-08-27,2,10,8,0,0,None,34.4,0.0,15000,7404
1,2025-08-27,2,11,8,0,0,None,23.9,0.0,15000,6630
1,2025-08-27,2,12,8,0,0,None,20.9,1.1,15000,5741
1,2025-08-27,2,13,8,0,0,None,25.8,0.5,15000,4442
1,2025-08-27,2,13,8,0,1,Major,30.9,0.1,15000,8527
1,2025-08-27,2,14,8,0,0,None,22.9,0.5,15000,3815
1,2025-08-27,2,15,8,0,0,None,33.3,0.9,15000,4308
1,2025-08-27,2,16,8,0,0,None,34.4,1.2,15000,5676
1,2025-08-27,2,16,8,0,0,None,22.0,0.0,15000,5361
1,2025-08-27,2,17,8,0,1,Major,29.3,0.5,15000,14713
1,2025-08-27,2,18,8,0,0,None,34.3,0.1,15000,9218
1,2025-08-27,2,18,8,0,0,None,27.7,0.1,15000,8981
1,2025-08-27,2,19,8,0,0,None,36.4,0.6,15000,9802
1,2025-08-27,2,20,8,0,0,None,27.2,2.1,15000,9277
1,2025-08-27,2,21,8,0,0,None,28.1,0.0,15000,6928
1,2025-08-27,2,21,8,0,1,Major,19.1,0.0,15000,14268
1,2025-08-27,2,22,8,0,0,None,24.4,0.0,15000,4635
1,2025-08-27,2,23,8,0,0,None,23.6,0.0,15000,2571
1,2025-08-28,3,0,8,0,0,None,20.2,1.9,15000,832
1,2025-08-28,3,0,8,0,0,None,22.1,1.4,15000,582
1,2025-08-28,3,1,8,0,0,None,25.2,1.7,15000,584
1,2025-08-28,3,2,8,0,0,None,29.4,1.1,15000,225
1,2025-08-28,3,3,8,0,0,None,32.4,0.4,15000,404
1,2025-08-28,3,3,8,0,1,Minor,27.8,0.7,15000,938
1,2025-08-28,3,4,8,0,0,None,26.4,2.1,15000,702
1,2025-08-28,3,5,8,0,0,None,19.7,0.0,15000,1201
1,2025-08-28,3,5,8,0,0,None,36.7,1.7,15000,1006
1,2025-08-28,3,6,8,0,0,None,34.3,1.1,15000,2264
1,2025-08-28,3,7,8,0,0,None,20.2,0.3,15000,3289
1,2025-08-28,3,8,8,0,0,None,23.4,3.7,15000,5268
1,2025-08-28,3,8,8,0,0,None,32.0,3.6,15000,5363
1,2025-08-28,3,9,8,0,0,None,31.4,0.0,15000,6327
1,2025-08-28,3,10,8,0,0,None,28.9,0.5,15000,7067
1,2025-08-28,3,11,8,0,0,None,31.4,0.0,15000,7027
1,2025-08-28,3,11,8,0,0,None,18.8,1.4,15000,6438
1,2025-08-28,3,12,8,0,1,Minor,32.3,2.5,15000,7627
1,2025-08-28,3,13,8,0,0,None,30.6,0.0,15000,4019
1,2025-08-28,3,13,8,0,1,Minor,31.9,0.0,15000,6305
1,2025-08-28,3,14,8,0,1,Minor,19.8,0.7,15000,5570
1,2025-08-28,3,15,8,0,0,None,27.6,2.0,15000,4218
1,2025-08-28,3,16,8,0,0,None,24.1,2.2,15000,5740
1,2025-08-28,3,16,8,0,0,None,26.5,0.0,15000,5811
1,2025-08-28,3,17,8,0,0,None,23.1,2.8,15000,7422
1,2025-08-28,3,18,8,0,0,None,21.2,0.0,15000,8970
1,2025-08-28,3,19,8,0,0,None,33.4,0.0,15000,10066
1,2025-08-28,3,19,8,0,0,None,30.1,0.0,15000,9954
1,2025-08-28,3,20,8,0,0,None,17.7,0.0,15000,9486
1,2025-08-28,3,21,8,0,0,None,27.0,0.7,15000,7116
1,2025-08-28,3,22,8,0,0,None,21.3,1.2,15000,4468
1,2025-08-28,3,22,8,0,0,None,29.6,1.3,15000,4674
1,2025-08-28,3,23,8,0,0,None,30.0,0.0,15000,2726
1,2025-08-29,4,0,8,0,0,None,28.3,1.5,15000,748
1,2025-08-29,4,0,8,0,0,None,22.3,0.4,15000,478
1,2025-08-29,4,1,8,0,0,None,26.4,0.2,15000,639
1,2025-08-29,4,2,8,0,0,None,26.2,1.3,15000,818
1,2025-08-29,4,3,8,0,0,None,27.2,0.8,15000,436
1,2025-08-29,4,3,8,0,0,None,27.1,0.0,15000,395
1,2025-08-29,4,4,8,0,0,None,20.2,1.3,15000,801
1,2025-08-29,4,5,8,0,0,None,26.8,0.0,15000,927
1,2025-08-29,4,6,8,0,0,None,28.6,1.9,15000,2213
1,2025-08-29,4,6,8,0,0,None,29.5,1.7,15000,1984
1,2025-08-29,4,7,8,0,0,None,22.1,0.0,15000,3568
1,2025-08-29,4,8,8,0,0,None,26.5,0.0,15000,5176
1,2025-08-29,4,8,8,0,0,None,27.0,2.8,15000,5088
1,2025-08-29,4,9,8,0,1,Major,32.3,0.0,15000,13074
1,2025-08-29,4,10,8,0,0,None,27.6,0.6,15000,7128
1,2025-08-29,4,11,8,0,0,None,29.6,0.0,15000,6733
1,2025-08-29,4,11,8,0,0,None,30.9,0.0,15000,6394
1,2025-08-29,4,12,8,0,0,None,29.1,0.0,15000,4928
1,2025-08-29,4,13,8,0,0,None,29.4,0.0,15000,4367
1,2025-08-29,4,14,8,0,1,Minor,28.9,0.9,15000,5518
1,2025-08-29,4,14,8,0,0,None,26.4,0.1,15000,3776
1,2025-08-29,4,15,8,0,0,None,26.8,2.0,15000,4430
1,2025-08-29,4,16,8,0,0,None,24.1,0.0,15000,5587
1,2025-08-29,4,16,8,0,0,None,27.7,0.5,15000,5846
1,2025-08-29,4,17,8,0,0,None,33.0,0.4,15000,7269
1,2025-08-29,4,18,8,0,0,None,26.8,0.3,15000,9195
1,2025-08-29,4,19,8,0,0,None,17.0,0.0,15000,10118
1,2025-08-29,4,19,8,0,1,Major,22.4,0.7,15000,15000
1,2025-08-29,4,20,8,0,0,None,31.5,0.5,15000,9211
1,2025-08-29,4,21,8,0,0,None,26.1,0.1,15000,7405
1,2025-08-29,4,22,8,0,0,None,20.8,1.4,15000,4958
1,2025-08-29,4,22,8,0,0,None,31.6,0.0,15000,4753
1,2025-08-29,4,23,8,0,0,None,21.1,0.0,15000,2307
1,2025-08-30,5,0,8,1,0,None,29.4,0.7,15000,1008
1,2025-08-30,5,1,8,1,0,None,27.9,0.6,15000,771
1,2025-08-30,5,1,8,1,1,Major,27.8,0.1,15000,1889
1,2025-08-30,5,2,8,1,0,None,18.5,0.0,15000,656
1,2025-08-30,5,3,8,1,0,None,17.3,0.0,15000,680
1,2025-08-30,5,3,8,1,0,None,29.4,0.7,15000,693
1,2025-08-30,5,4,8,1,0,None,26.7,1.2,15000,485
1,2025-08-30,5,5,8,1,0,None,33.6,2.7,15000,1124
1,2025-08-30,5,6,8,1,0,None,33.0,0.0,15000,2924
1,2025-08-30,5,6,8,1,0,None,26.4,0.0,15000,2885
1,2025-08-30,5,7,8,1,0,None,28.5,0.0,15000,4342
1,2025-08-30,5,8,8,1,0,None,19.8,0.2,15000,6981
1,2025-08-30,5,9,8,1,0,None,26.9,0.0,15000,7945
1,2025-08-30,5,9,8,1,0,None,21.9,0.0,15000,8486
1,2025-08-30,5,10,8,1,1,Major,20.3,0.0,15000,15000
1,2025-08-30,5,11,8,1,0,None,27.1,1.9,15000,8458
1,2025-08-30,5,11,8,1,0,None,26.7,0.3,15000,8471
1,2025-08-30,5,12,8,1,0,None,22.4,0.5,15000,6855
1,2025-08-30,5,13,8,1,0,None,36.3,0.4,15000,5139
1,2025-08-30,5,14,8,1,0,None,23.2,1.3,15000,4767
1,2025-08-30,5,14,8,1,0,None,28.2,0.6,15000,4987
1,2025-08-30,5,15,8,1,1,Minor,31.5,0.8,15000,8369
1,2025-08-30,5,16,8,1,0,None,26.3,0.0,15000,7233
1,2025-08-30,5,17,8,1,0,None,24.4,2.9,15000,9746
1,2025-08-30,5,17,8,1,1,Minor,28.3,0.0,15000,13628
1,2025-08-30,5,18,8,1,0,None,24.6,2.2,15000,11802
1,2025-08-30,5,19,8,1,1,Minor,30.6,1.9,15000,15000
1,2025-08-30,5,20,8,1,0,None,24.4,0.5,15000,11800
1,2025-08-30,5,20,8,1,0,None,26.6,1.7,15000,11824
1,2025-08-30,5,21,8,1,0,None,31.1,0.0,15000,9099
1,2025-08-30,5,22,8,1,0,None,28.3,0.5,15000,5301
1,2025-08-30,5,22,8,1,0,None,15.0,0.0,15000,6427
1,2025-08-30,5,23,8,1,0,None,22.6,0.6,15000,3287
1,2025-08-31,6,0,8,1,0,None,27.0,0.2,15000,921
1,2025-08-31,6,1,8,1,0,None,27.5,1.1,15000,763
1,2025-08-31,6,1,8,1,0,None,19.8,0.7,15000,875
1,2025-08-31,6,2,8,1,0,None,35.3,0.3,15000,713
1,2025-08-31,6,3,8,1,0,None,31.7,0.9,15000,745
1,2025-08-31,6,4,8,1,0,None,29.7,1.8,15000,1007
1,2025-08-31,6,4,8,1,0,None,35.9,0.3,15000,557
1,2025-08-31,6,5,8,1,0,None,23.7,1.3,15000,1318
1,2025-08-31,6,6,8,1,0,None,25.1,0.0,15000,2936
1,2025-08-31,6,6,8,1,0,None,26.1,0.1,15000,2696
1,2025-08-31,6,7,8,1,0,None,25.4,4.4,15000,4236
1,2025-08-31,6,8,8,1,0,None,27.1,0.7,15000,6403
1,2025-08-31,6,9,8,1,0,None,28.4,0.0,15000,8477
1,2025-08-31,6,9,8,1,0,None,28.7,2.0,15000,8432
1,2025-08-31,6,10,8,1,0,None,27.5,1.3,15000,9036
1,2025-08-31,6,11,8,1,0,None,27.2,0.1,15000,8245
1,2025-08-31,6,12,8,1,0,None,31.1,0.6,15000,6711
1,2025-08-31,6,12,8,1,0,None,30.2,0.0,15000,7014
1,2025-08-31,6,13,8,1,0,None,29.8,1.7,15000,5460
1,2025-08-31,6,14,8,1,0,None,30.8,1.2,15000,5136
1,2025-08-31,6,14,8,1,0,None,23.1,1.8,15000,5164
1,2025-08-31,6,15,8,1,0,None,24.1,1.1,15000,5536
1,2025-08-31,6,16,8,1,0,None,34.9,1.9,15000,7232
1,2025-08-31,6,17,8,1,0,None,33.3,2.1,15000,9510
1,2025-08-31,6,17,8,1,0,None,25.8,3.1,15000,9408
1,2025-08-31,6,18,8,1,0,None,25.9,0.0,15000,11641
1,2025-08-31,6,19,8,1,0,None,34.7,0.0,15000,13131
1,2025-08-31,6,20,8,1,0,None,24.7,2.2,15000,11984
1,2025-08-31,6,20,8,1,1,Minor,26.6,3.1,15000,15000
1,2025-08-31,6,21,8,1,0,None,31.9,0.0,15000,9532
1,2025-08-31,6,22,8,1,0,None,25.7,0.0,15000,5845
1,2025-08-31,6,23,8,1,0,None,28.6,1.2,15000,3050
1,2025-08-31,6,23,8,1,0,None,21.4,0.0,15000,2965
1,2025-09-01,0,0,9,0,0,None,33.3,3.3,15000,790
1,2025-09-01,0,1,9,0,1,Minor,29.1,0.2,15000,945
1,2025-09-01,0,1,9,0,1,Minor,26.9,0.2,15000,937
1,2025-09-01,0,2,9,0,0,None,27.1,0.2,15000,420
1,2025-09-01,0,3,9,0,0,None,20.0,0.2,15000,748
1,2025-09-01,0,4,9,0,1,Major,22.1,0.0,15000,1441
1,2025-09-01,0,4,9,0,0,None,22.5,0.6,15000,610
1,2025-09-01,0,5,9,0,0,None,30.8,1.2,15000,942
1,2025-09-01,0,6,9,0,0,None,15.0,1.5,15000,2001
1,2025-09-01,0,7,9,0,0,None,29.2,0.2,15000,3433
1,2025-09-01,0,7,9,0,0,None,22.8,2.3,15000,3391
1,2025-09-01,0,8,9,0,0,None,22.5,0.0,15000,5237
1,2025-09-01,0,9,9,0,1,Minor,28.0,2.1,15000,9419
1,2025-09-01,0,9,9,0,0,None,28.4,0.2,15000,6688
1,2025-09-01,0,10,9,0,0,None,21.5,0.2,15000,7298
1,2025-09-01,0,11,9,0,0,None,28.4,0.0,15000,6330
1,2025-09-01,0,12,9,0,0,None,27.3,0.0,15000,4853
1,2025-09-01,0,12,9,0,0,None,35.5,1.0,15000,5190
1,2025-09-01,0,13,9,0,0,None,27.3,1.0,15000,4010
1,2025-09-01,0,14,9,0,0,None,22.5,2.4,15000,3720
1,2025-09-01,0,15,9,0,0,None,34.7,1.6,15000,4261
1,2025-09-01,0,15,9,0,0,None,24.1,0.3,15000,4256
1,2025-09-01,0,16,9,0,0,None,22.6,2.5,15000,5534
1,2025-09-01,0,17,9,0,1,Major,28.8,0.9,15000,14791
1,2025-09-01,0,17,9,0,0,None,21.5,2.1,15000,7724
1,2025-09-01,0,18,9,0,0,None,29.6,0.0,15000,9371
1,2025-09-01,0,19,9,0,0,None,26.8,0.0,15000,9952
1,2025-09-01,0,20,9,0,0,None,29.3,0.4,15000,9578
1,2025-09-01,0,20,9,0,0,None,38.0,1.4,15000,8113
1,2025-09-01,0,21,9,0,1,Minor,32.1,0.6,15000,10596
1,2025-09-01,0,22,9,0,0,None,28.1,0.4,15000,5272
1,2025-09-01,0,23,9,0,0,None,25.9,0.0,15000,2435
1,2025-09-01,0,23,9,0,0,None,30.4,1.6,15000,2348
1,2025-09-02,1,0,9,0,0,None,31.2,0.8,15000,714
1,2025-09-02,1,1,9,0,0,None,22.3,0.7,15000,832
1,2025-09-02,1,2,9,0,0,None,29.1,0.1,15000,465
1,2025-09-02,1,2,9,0,0,None,34.4,0.0,15000,462
1,2025-09-02,1,3,9,0,0,None,26.1,0.0,15000,787
1,2025-09-02,1,4,9,0,0,None,30.4,0.3,15000,755
1,2025-09-02,1,4,9,0,0,None,24.7,0.1,15000,443
1,2025-09-02,1,5,9,0,0,None,28.6,0.0,15000,964
1,2025-09-02,1,6,9,0,0,None,24.5,1.0,15000,2020
1,2025-09-02,1,7,9,0,0,None,19.9,0.0,15000,3395
1,2025-09-02,1,7,9,0,0,None,30.0,0.2,15000,3572
1,2025-09-02,1,8,9,0,0,None,19.4,0.8,15000,5111
1,2025-09-02,1,9,9,0,0,None,30.2,0.0,15000,6022
1,2025-09-02,1,10,9,0,1,Minor,27.5,1.3,15000,10025
1,2025-09-02,1,10,9,0,0,None,25.3,0.0,15000,7246
1,2025-09-02,1,11,9,0,0,None,30.7,0.0,15000,6739
1,2025-09-02,1,12,9,0,1,Major,31.2,1.3,15000,10478
1,2025-09-02,1,12,9,0,0,None,34.4,0.0,15000,5287
1,2025-09-02,1,13,9,0,0,None,21.7,3.8,15000,4170
1,2025-09-02,1,14,9,0,0,None,21.5,1.2,15000,3770
1,2025-09-02,1,15,9,0,0,None,25.0,0.5,15000,4199
1,2025-09-02,1,15,9,0,1,Minor,25.6,2.3,15000,6387
1,2025-09-02,1,16,9,0,0,None,25.8,0.0,15000,5909
1,2025-09-02,1,17,9,0,0,None,17.3,0.1,15000,7335
1,2025-09-02,1,18,9,0,0,None,30.2,0.4,15000,9098
1,2025-09-02,1,18,9,0,0,None,25.9,0.0,15000,8870
1,2025-09-02,1,19,9,0,0,None,32.2,0.0,15000,9762
1,2025-09-02,1,20,9,0,0,None,28.9,0.3,15000,9306
1,2025-09-02,1,20,9,0,0,None,33.3,0.9,15000,9151
1,2025-09-02,1,21,9,0,0,None,27.7,2.8,15000,7066
1,2025-09-02,1,22,9,0,1,Minor,28.4,0.1,15000,6723
1,2025-09-02,1,23,9,0,0,None,28.5,2.2,15000,2505
1,2025-09-02,1,23,9,0,0,None,22.6,2.2,15000,2339
1,2025-09-03,2,0,9,0,0,None,25.8,0.0,15000,1058
1,2025-09-03,2,1,9,0,0,None,29.3,1.0,15000,501
1,2025-09-03,2,2,9,0,1,Minor,31.7,1.0,15000,779
1,2025-09-03,2,2,9,0,0,None,30.5,0.3,15000,439
1,2025-09-03,2,3,9,0,0,None,30.0,5.1,15000,537
1,2025-09-03,2,4,9,0,0,None,27.0,0.0,15000,569
1,2025-09-03,2,5,9,0,0,None,28.3,3.1,15000,1276
1,2025-09-03,2,5,9,0,0,None,17.1,0.4,15000,1260
1,2025-09-03,2,6,9,0,0,None,31.9,0.6,15000,2333
1,2025-09-03,2,7,9,0,0,None,22.8,3.3,15000,3564
1,2025-09-03,2,7,9,0,0,None,19.7,2.9,15000,3679
1,2025-09-03,2,8,9,0,0,None,25.3,0.8,15000,5442
1,2025-09-03,2,9,9,0,0,None,29.1,0.3,15000,6345
1,2025-09-03,2,10,9,0,0,None,28.2,1.2,15000,7008
1,2025-09-03,2,10,9,0,0,None,23.1,0.1,15000,7304
1,2025-09-03,2,11,9,0,0,None,20.8,0.0,15000,6756
1,2025-09-03,2,12,9,0,1,Minor,25.5,0.3,15000,7461
1,2025-09-03,2,13,9,0,0,None,28.4,0.0,15000,4009
1,2025-09-03,2,13,9,0,0,None,24.5,0.1,15000,4198
1,2025-09-03,2,14,9,0,0,None,24.3,0.0,15000,4076
1,2025-09-03,2,15,9,0,0,None,32.5,3.7,15000,4402
1,2025-09-03,2,15,9,0,0,None,33.7,0.1,15000,4213
1,2025-09-03,2,16,9,0,0,None,22.9,0.0,15000,5438
1,2025-09-03,2,17,9,0,0,None,33.4,1.6,15000,7493
1,2025-09-03,2,18,9,0,0,None,26.9,0.5,15000,8941
1,2025-09-03,2,18,9,0,0,None,25.7,0.1,15000,9075
1,2025-09-03,2,19,9,0,0,None,25.9,2.1,15000,10152
1,2025-09-03,2,20,9,0,1,Major,32.7,0.0,15000,15000
1,2025-09-03,2,21,9,0,0,None,28.6,5.0,15000,6515
1,2025-09-03,2,21,9,0,0,None,20.1,2.1,15000,7011
1,2025-09-03,2,22,9,0,0,None,22.3,1.4,15000,4630
1,2025-09-03,2,23,9,0,0,None,26.5,0.2,15000,2368
1,2025-09-04,3,0,9,0,0,None,25.7,0.0,15000,952
1,2025-09-04,3,0,9,0,0,None,31.9,1.7,15000,928
1,2025-09-04,3,1,9,0,0,None,23.0,0.5,15000,673
1,2025-09-04,3,2,9,0,0,None,25.3,2.2,15000,263
1,2025-09-04,3,2,9,0,0,None,23.5,0.0,15000,597
1,2025-09-04,3,3,9,0,0,None,29.4,2.2,15000,159
1,2025-09-04,3,4,9,0,0,None,26.1,0.0,15000,701
1,2025-09-04,3,5,9,0,1,Minor,26.3,0.0,15000,2084
1,2025-09-04,3,5,9,0,0,None,22.7,0.8,15000,1216
1,2025-09-04,3,6,9,0,0,None,32.0,0.0,15000,1996
1,2025-09-04,3,7,9,0,0,None,26.4,0.0,15000,3753
1,2025-09-04,3,8,9,0,0,None,25.2,0.0,15000,5221
1,2025-09-04,3,8,9,0,0,None,24.2,0.9,15000,5238
1,2025-09-04,3,9,9,0,0,None,26.3,1.2,15000,6366
1,2025-09-04,3,10,9,0,0,None,24.1,1.4,15000,7114
1,2025-09-04,3,10,9,0,0,None,30.4,1.0,15000,7230
1,2025-09-04,3,11,9,0,0,None,28.9,0.0,15000,6526
1,2025-09-04,3,12,9,0,1,Major,17.0,0.0,15000,10434
1,2025-09-04,3,13,9,0,0,None,30.4,8.0,15000,3835
1,2025-09-04,3,13,9,0,0,None,23.3,0.5,15000,4195
1,2025-09-04,3,14,9,0,0,None,15.3,0.0,15000,3696
1,2025-09-04,3,15,9,0,0,None,26.4,0.0,15000,4311
1,2025-09-04,3,16,9,0,0,None,23.5,0.5,15000,5539
1,2025-09-04,3,16,9,0,0,None,25.9,1.1,15000,5663
1,2025-09-04,3,17,9,0,1,Major,27.0,0.0,15000,14600
1,2025-09-04,3,18,9,0,0,None,25.3,0.6,15000,8827
1,2025-09-04,3,18,9,0,0,None,28.4,0.0,15000,9246
1,2025-09-04,3,19,9,0,0,None,27.1,0.0,15000,9984
1,2025-09-04,3,20,9,0,0,None,34.1,1.4,15000,9482
1,2025-09-04,3,21,9,0,0,None,29.4,1.6,15000,7145
1,2025-09-04,3,21,9,0,0,None,20.1,0.7,15000,7356
1,2025-09-04,3,22,9,0,0,None,29.5,2.8,15000,5051
1,2025-09-04,3,23,9,0,0,None,30.5,0.0,15000,2340
1,2025-09-05,4,0,9,0,0,None,26.8,3.8,15000,798
1,2025-09-05,4,0,9,0,0,None,23.3,1.2,15000,951
1,2025-09-05,4,1,9,0,0,None,29.2,0.4,15000,587
1,2025-09-05,4,2,9,0,0,None,28.4,0.5,15000,578
1,2025-09-05,4,3,9,0,0,None,40.8,0.2,15000,336
1,2025-09-05,4,3,9,0,0,None,22.1,3.7,15000,219
1,2025-09-05,4,4,9,0,1,Minor,22.4,0.0,15000,720
1,2025-09-05,4,5,9,0,0,None,34.6,4.1,15000,1146
1,2025-09-05,4,5,9,0,0,None,30.2,0.0,15000,1414
1,2025-09-05,4,6,9,0,0,None,29.1,0.7,15000,2482
1,2025-09-05,4,7,9,0,0,None,33.5,2.2,15000,3710
1,2025-09-05,4,8,9,0,0,None,36.0,0.4,15000,5343
1,2025-09-05,4,8,9,0,0,None,27.4,0.7,15000,5384
1,2025-09-05,4,9,9,0,0,None,27.2,0.0,15000,6543
1,2025-09-05,4,10,9,0,0,None,26.3,8.3,15000,6390
1,2025-09-05,4,11,9,0,1,Minor,30.1,0.0,15000,10062
1,2025-09-05,4,11,9,0,0,None,20.4,0.2,15000,6705
1,2025-09-05,4,12,9,0,0,None,30.4,0.0,15000,5134
1,2025-09-05,4,13,9,0,0,None,26.5,0.0,15000,4276
1,2025-09-05,4,13,9,0,0,None,31.3,0.0,15000,4449
1,2025-09-05,4,14,9,0,0,None,28.5,0.2,15000,4211
1,2025-09-05,4,15,9,0,0,None,21.1,0.0,15000,4276
1,2025-09-05,4,16,9,0,0,None,29.5,2.2,15000,5363
1,2025-09-05,4,16,9,0,0,None,34.0,1.3,15000,5554
1,2025-09-05,4,17,9,0,0,None,34.5,0.0,15000,7522
1,2025-09-05,4,18,9,0,0,None,32.6,0.1,15000,9088
1,2025-09-05,4,19,9,0,0,None,32.5,1.8,15000,10253
1,2025-09-05,4,19,9,0,1,Major,25.8,0.1,15000,15000
1,2025-09-05,4,20,9,0,0,None,28.6,0.0,15000,9202
1,2025-09-05,4,21,9,0,1,Minor,28.2,1.3,15000,10469
1,2025-09-05,4,22,9,0,0,None,31.6,0.4,15000,4740
1,2025-09-05,4,22,9,0,0,None,32.2,1.2,15000,5031
1,2025-09-05,4,23,9,0,0,None,25.9,0.0,15000,2543
1,2025-09-06,5,0,9,1,1,Major,25.0,1.1,15000,1937
1,2025-09-06,5,0,9,1,0,None,26.6,0.6,15000,1316
1,2025-09-06,5,1,9,1,1,Minor,30.6,0.0,15000,1252
1,2025-09-06,5,2,9,1,0,None,30.1,1.2,15000,540
1,2025-09-06,5,3,9,1,0,None,23.7,0.0,15000,546
1,2025-09-06,5,3,9,1,1,Minor,16.9,0.3,15000,1072
1,2025-09-06,5,4,9,1,0,None,33.2,0.0,15000,1136
1,2025-09-06,5,5,9,1,0,None,25.8,0.0,15000,1635
1,2025-09-06,5,6,9,1,0,None,29.6,0.0,15000,2770
1,2025-09-06,5,6,9,1,0,None,26.4,3.9,15000,2779
1,2025-09-06,5,7,9,1,0,None,32.5,1.1,15000,4350
1,2025-09-06,5,8,9,1,0,None,15.7,0.1,15000,6812
1,2025-09-06,5,8,9,1,0,None,29.4,3.6,15000,6704
1,2025-09-06,5,9,9,1,0,None,38.2,0.0,15000,7412
1,2025-09-06,5,10,9,1,1,Minor,27.5,0.6,15000,13560
1,2025-09-06,5,11,9,1,0,None,24.0,0.7,15000,8525
1,2025-09-06,5,11,9,1,0,None,27.2,3.0,15000,8620
1,2025-09-06,5,12,9,1,0,None,18.0,0.2,15000,6843
1,2025-09-06,5,13,9,1,0,None,18.0,0.8,15000,5770
1,2025-09-06,5,14,9,1,0,None,26.1,0.3,15000,4813
1,2025-09-06,5,14,9,1,0,None,27.8,0.1,15000,4863
1,2025-09-06,5,15,9,1,0,None,27.0,1.3,15000,5954
1,2025-09-06,5,16,9,1,0,None,31.1,0.7,15000,6966
1,2025-09-06,5,16,9,1,0,None,23.9,0.6,15000,7150
1,2025-09-06,5,17,9,1,0,None,32.4,0.1,15000,9336
1,2025-09-06,5,18,9,1,0,None,25.0,0.0,15000,11672
1,2025-09-06,5,19,9,1,0,None,20.2,0.0,15000,12569
1,2025-09-06,5,19,9,1,0,None,25.1,0.7,15000,13038
1,2025-09-06,5,20,9,1,0,None,21.1,2.1,15000,11663
1,2025-09-06,5,21,9,1,0,None,30.9,0.0,15000,9415
1,2025-09-06,5,22,9,1,0,None,26.1,1.6,15000,6065
1,2025-09-06,5,22,9,1,0,None,22.4,0.5,15000,6106
1,2025-09-06,5,23,9,1,1,Minor,19.0,0.3,15000,4680
1,2025-09-07,6,0,9,1,0,None,25.8,1.8,15000,1180
1,2025-09-07,6,1,9,1,0,None,29.0,0.5,15000,925
1,2025-09-07,6,1,9,1,0,None,21.5,1.4,15000,696
1,2025-09-07,6,2,9,1,0,None,29.2,0.0,15000,598
1,2025-09-07,6,3,9,1,0,None,23.1,0.0,15000,865
1,2025-09-07,6,3,9,1,0,None,30.8,1.3,15000,670
1,2025-09-07,6,4,9,1,0,None,27.8,1.9,15000,1024
1,2025-09-07,6,5,9,1,0,None,22.4,0.4,15000,1977
1,2025-09-07,6,6,9,1,0,None,24.6,0.3,15000,2979
1,2025-09-07,6,6,9,1,0,None,30.9,0.0,15000,2596
1,2025-09-07,6,7,9,1,0,None,24.0,0.0,15000,4614
1,2025-09-07,6,8,9,1,0,None,24.9,0.1,15000,6830
1,2025-09-07,6,9,9,1,0,None,27.3,0.7,15000,8249
1,2025-09-07,6,9,9,1,0,None,26.3,0.3,15000,8398
1,2025-09-07,6,10,9,1,0,None,31.4,0.0,15000,9290
1,2025-09-07,6,11,9,1,0,None,31.3,0.8,15000,8500
1,2025-09-07,6,11,9,1,0,None,28.5,0.3,15000,8318
1,2025-09-07,6,12,9,1,0,None,31.2,0.3,15000,6337
1,2025-09-07,6,13,9,1,0,None,25.4,0.2,15000,5312
1,2025-09-07,6,14,9,1,0,None,29.6,0.8,15000,4912
1,2025-09-07,6,14,9,1,0,None,26.9,0.0,15000,5135
1,2025-09-07,6,15,9,1,0,None,26.0,1.3,15000,5590
1,2025-09-07,6,16,9,1,0,None,23.6,2.0,15000,7338
1,2025-09-07,6,17,9,1,0,None,29.6,0.6,15000,9621
1,2025-09-07,6,17,9,1,1,Minor,32.0,0.0,15000,13935
1,2025-09-07,6,18,9,1,0,None,37.4,0.1,15000,10567
1,2025-09-07,6,19,9,1,1,Minor,30.4,0.0,15000,15000
1,2025-09-07,6,19,9,1,1,Major,29.9,0.7,15000,15000
1,2025-09-07,6,20,9,1,0,None,16.8,0.4,15000,12059
1,2025-09-07,6,21,9,1,0,None,27.7,0.7,15000,9243
1,2025-09-07,6,22,9,1,0,None,23.1,0.1,15000,6183
1,2025-09-07,6,22,9,1,0,None,22.3,0.9,15000,5996
1,2025-09-07,6,23,9,1,0,None,36.1,4.3,15000,2710
1,2025-09-08,0,0,9,0,0,None,24.2,0.3,15000,958
1,2025-09-08,0,1,9,0,0,None,26.3,0.0,15000,597
1,2025-09-08,0,1,9,0,0,None,34.1,0.7,15000,845
1,2025-09-08,0,2,9,0,0,None,26.3,0.0,15000,600
1,2025-09-08,0,3,9,0,0,None,31.0,0.4,15000,400
1,2025-09-08,0,4,9,0,0,None,19.2,0.0,15000,906
1,2025-09-08,0,4,9,0,0,None,25.5,0.7,15000,714
1,2025-09-08,0,5,9,0,0,None,24.0,0.0,15000,1403
1,2025-09-08,0,6,9,0,0,None,28.8,5.1,15000,1921
1,2025-09-08,0,6,9,0,0,None,27.3,0.1,15000,2462
1,2025-09-08,0,7,9,0,0,None,27.0,0.0,15000,3749
1,2025-09-08,0,8,9,0,1,Major,19.2,0.8,15000,10465
1,2025-09-08,0,9,9,0,0,None,27.1,0.6,15000,6341
1,2025-09-08,0,9,9,0,0,None,38.5,0.5,15000,5525
1,2025-09-08,0,10,9,0,0,None,25.1,1.0,15000,7141
1,2025-09-08,0,11,9,0,0,None,33.8,0.1,15000,6542
1,2025-09-08,0,12,9,0,0,None,27.7,1.0,15000,5157
1,2025-09-08,0,12,9,0,0,None,28.5,1.8,15000,5282
1,2025-09-08,0,13,9,0,0,None,29.3,2.6,15000,4270
1,2025-09-08,0,14,9,0,0,None,31.7,0.1,15000,3738
1,2025-09-08,0,14,9,0,0,None,25.0,0.2,15000,3822
1,2025-09-08,0,15,9,0,0,None,28.9,3.3,15000,4366
1,2025-09-08,0,16,9,0,0,None,27.1,0.6,15000,5654
1,2025-09-08,0,17,9,0,0,None,15.0,0.7,15000,7364
1,2025-09-08,0,17,9,0,0,None,31.0,1.2,15000,7612
1,2025-09-08,0,18,9,0,0,None,21.4,1.4,15000,9089
1,2025-09-08,0,19,9,0,1,Major,27.7,0.7,15000,15000
1,2025-09-08,0,20,9,0,1,Minor,18.5,0.2,15000,13566
1,2025-09-08,0,20,9,0,0,None,27.1,0.4,15000,9578
1,2025-09-08,0,21,9,0,0,None,18.9,0.0,15000,7246
1,2025-09-08,0,22,9,0,0,None,24.9,0.1,15000,4673
1,2025-09-08,0,22,9,0,0,None,24.7,0.0,15000,4982
1,2025-09-08,0,23,9,0,1,Minor,27.9,1.0,15000,4043
1,2025-09-09,1,0,9,0,0,None,21.1,1.5,15000,618
1,2025-09-09,1,1,9,0,0,None,24.3,0.6,15000,623
1,2025-09-09,1,1,9,0,1,Minor,20.5,1.7,15000,640
1,2025-09-09,1,2,9,0,0,None,28.0,1.0,15000,360
1,2025-09-09,1,3,9,0,0,None,33.8,0.1,15000,591
1,2025-09-09,1,4,9,0,0,None,30.0,1.0,15000,985
1,2025-09-09,1,4,9,0,0,None,18.7,0.0,15000,573
1,2025-09-09,1,5,9,0,0,None,21.2,0.0,15000,1275
1,2025-09-09,1,6,9,0,0,None,32.2,1.5,15000,2240
1,2025-09-09,1,7,9,0,0,None,35.1,2.0,15000,3743
1,2025-09-09,1,7,9,0,0,None,27.0,0.0,15000,3927
1,2025-09-09,1,8,9,0,0,None,29.8,0.0,15000,5283
1,2025-09-09,1,9,9,0,0,None,32.9,2.3,15000,6452
1,2025-09-09,1,9,9,0,0,None,24.4,0.2,15000,6541
1,2025-09-09,1,10,9,0,0,None,28.9,0.1,15000,7247
1,2025-09-09,1,11,9,0,0,None,20.2,4.7,15000,6017
1,2025-09-09,1,12,9,0,0,None,27.4,0.0,15000,4859
1,2025-09-09,1,12,9,0,0,None,24.1,2.0,15000,5245
1,2025-09-09,1,13,9,0,0,None,29.3,0.0,15000,4395
1,2025-09-09,1,14,9,0,0,None,27.2,0.2,15000,3983
1,2025-09-09,1,15,9,0,0,None,26.7,0.9,15000,4237
1,2025-09-09,1,15,9,0,0,None,29.2,1.1,15000,4105
1,2025-09-09,1,16,9,0,0,None,21.4,1.7,15000,5752
1,2025-09-09,1,17,9,0,0,None,21.2,0.6,15000,7321
1,2025-09-09,1,17,9,0,0,None,29.8,0.0,15000,7461
1,2025-09-09,1,18,9,0,0,None,25.4,0.3,15000,9259
1,2025-09-09,1,19,9,0,0,None,19.6,0.9,15000,9926
1,2025-09-09,1,20,9,0,0,None,23.7,0.4,15000,9484
1,2025-09-09,1,20,9,0,0,None,27.2,0.0,15000,9434
1,2025-09-09,1,21,9,0,0,None,16.6,3.6,15000,7259
1,2025-09-09,1,22,9,0,0,None,23.8,0.0,15000,4884
1,2025-09-09,1,23,9,0,0,None,29.6,1.0,15000,2713
1,2025-09-09,1,23,9,0,0,None,22.6,0.0,15000,2536
1,2025-09-10,2,0,9,0,0,None,33.2,0.0,15000,940
1,2025-09-10,2,1,9,0,0,None,37.2,0.0,15000,653
1,2025-09-10,2,2,9,0,0,None,36.3,3.0,15000,832
1,2025-09-10,2,2,9,0,0,None,24.5,0.6,15000,235
1,2025-09-10,2,3,9,0,0,None,29.6,1.8,15000,419
1,2025-09-10,2,4,9,0,0,None,30.3,3.3,15000,589
1,2025-09-10,2,4,9,0,0,None,34.7,1.5,15000,722
1,2025-09-10,2,5,9,0,0,None,37.7,1.0,15000,1130
1,2025-09-10,2,6,9,0,0,None,32.5,0.1,15000,2255
1,2025-09-10,2,7,9,0,0,None,26.6,0.0,15000,3347
1,2025-09-10,2,7,9,0,1,Major,15.0,0.3,15000,7092
1,2025-09-10,2,8,9,0,0,None,28.5,0.0,15000,5291
1,2025-09-10,2,9,9,0,0,None,26.4,0.4,15000,6308
1,2025-09-10,2,10,9,0,0,None,21.3,6.2,15000,6146
1,2025-09-10,2,10,9,0,0,None,26.0,1.1,15000,7378
1,2025-09-10,2,11,9,0,0,None,26.5,1.6,15000,6755
1,2025-09-10,2,12,9,0,0,None,23.0,0.0,15000,5496
1,2025-09-10,2,12,9,0,0,None,21.1,0.0,15000,5230
1,2025-09-10,2,13,9,0,0,None,23.3,0.3,15000,3948
1,2025-09-10,2,14,9,0,0,None,28.8,0.0,15000,3741
1,2025-09-10,2,15,9,0,0,None,29.2,0.0,15000,4386
1,2025-09-10,2,15,9,0,0,None,26.0,0.0,15000,4399
1,2025-09-10,2,16,9,0,0,None,21.8,2.6,15000,5345
1,2025-09-10,2,17,9,0,0,None,34.4,1.5,15000,7316
1,2025-09-10,2,18,9,0,1,Minor,26.2,0.0,15000,13533
1,2025-09-10,2,18,9,0,0,None,26.3,0.0,15000,9023
1,2025-09-10,2,19,9,0,0,None,35.0,0.7,15000,10099
1,2025-09-10,2,20,9,0,0,None,27.1,0.1,15000,8999
1,2025-09-10,2,20,9,0,0,None,22.2,0.0,15000,8972
1,2025-09-10,2,21,9,0,0,None,22.5,3.8,15000,7165
1,2025-09-10,2,22,9,0,0,None,34.9,0.0,15000,4578
1,2025-09-10,2,23,9,0,0,None,25.9,0.3,15000,2493
1,2025-09-10,2,23,9,0,0,None,22.9,0.0,15000,2544
1,2025-09-11,3,0,9,0,0,None,26.8,0.5,15000,802
1,2025-09-11,3,1,9,0,0,None,26.3,0.1,15000,473
1,2025-09-11,3,2,9,0,0,None,24.2,2.3,15000,323
1,2025-09-11,3,2,9,0,0,None,24.4,4.6,15000,446
1,2025-09-11,3,3,9,0,0,None,24.2,0.0,15000,530
1,2025-09-11,3,4,9,0,0,None,31.2,0.7,15000,437
1,2025-09-11,3,5,9,0,0,None,29.9,1.4,15000,902
1,2025-09-11,3,5,9,0,0,None,26.3,1.2,15000,1223
1,2025-09-11,3,6,9,0,0,None,21.3,0.0,15000,1940
1,2025-09-11,3,7,9,0,0,None,24.2,1.3,15000,3611
1,2025-09-11,3,7,9,0,0,None,27.5,0.3,15000,3759
1,2025-09-11,3,8,9,0,0,None,35.3,0.7,15000,5004
1,2025-09-11,3,9,9,0,0,None,23.5,1.7,15000,6018
1,2025-09-11,3,10,9,0,0,None,25.5,0.0,15000,6880
1,2025-09-11,3,10,9,0,1,Minor,25.3,0.0,15000,10310
1,2025-09-11,3,11,9,0,0,None,23.6,0.0,15000,6730
1,2025-09-11,3,12,9,0,0,None,24.1,0.0,15000,5229
1,2025-09-11,3,13,9,0,0,None,23.2,0.0,15000,4312
1,2025-09-11,3,13,9,0,0,None,18.7,0.0,15000,4658
1,2025-09-11,3,14,9,0,0,None,30.7,0.0,15000,3769
1,2025-09-11,3,15,9,0,0,None,24.9,0.0,15000,4159
1,2025-09-11,3,15,9,0,0,None,37.4,0.5,15000,3835
1,2025-09-11,3,16,9,0,0,None,22.0,0.3,15000,5619
1,2025-09-11,3,17,9,0,0,None,26.0,0.0,15000,7568
1,2025-09-11,3,18,9,0,0,None,34.1,0.3,15000,9075
1,2025-09-11,3,18,9,0,0,None,22.5,1.2,15000,9014
1,2025-09-11,3,19,9,0,1,Major,32.3,0.0,15000,15000
1,2025-09-11,3,20,9,0,0,None,19.5,1.9,15000,9392
1,2025-09-11,3,21,9,0,0,None,19.8,0.0,15000,7276
1,2025-09-11,3,21,9,0,0,None,26.8,0.7,15000,7089
1,2025-09-11,3,22,9,0,1,Minor,26.8,1.5,15000,6654
1,2025-09-11,3,23,9,0,0,None,25.8,0.7,15000,2604
1,2025-09-12,4,0,9,0,0,None,27.1,3.5,15000,926
1,2025-09-12,4,0,9,0,0,None,32.8,1.4,15000,684
1,2025-09-12,4,1,9,0,0,None,29.1,0.8,15000,737
1,2025-09-12,4,2,9,0,0,None,15.0,0.8,15000,348
1,2025-09-12,4,2,9,0,0,None,26.3,0.0,15000,329
1,2025-09-12,4,3,9,0,0,None,30.1,0.0,15000,631
1,2025-09-12,4,4,9,0,0,None,34.6,0.4,15000,840
1,2025-09-12,4,5,9,0,0,None,21.2,0.0,15000,1464
1,2025-09-12,4,5,9,0,0,None,26.3,0.0,15000,1486
1,2025-09-12,4,6,9,0,0,None,26.1,0.2,15000,2379
1,2025-09-12,4,7,9,0,0,None,27.8,1.4,15000,3536
1,2025-09-12,4,8,9,0,0,None,20.2,0.3,15000,5344
1,2025-09-12,4,8,9,0,0,None,27.2,0.3,15000,4963
1,2025-09-12,4,9,9,0,0,None,23.0,1.6,15000,6375
1,2025-09-12,4,10,9,0,0,None,24.8,0.0,15000,7256
1,2025-09-12,4,10,9,0,0,None,26.4,0.5,15000,7086
1,2025-09-12,4,11,9,0,0,None,32.1,2.0,15000,6607
1,2025-09-12,4,12,9,0,0,None,15.0,0.9,15000,5117
1,2025-09-12,4,13,9,0,0,None,25.3,3.2,15000,4009
1,2025-09-12,4,13,9,0,0,None,27.5,0.0,15000,4155
1,2025-09-12,4,14,9,0,1,Minor,24.7,1.0,15000,5647
1,2025-09-12,4,15,9,0,0,None,27.5,0.0,15000,4124
1,2025-09-12,4,16,9,0,0,None,19.2,0.9,15000,5623
1,2025-09-12,4,16,9,0,1,Minor,36.2,0.3,15000,8096
1,2025-09-12,4,17,9,0,0,None,29.1,0.0,15000,7421
1,2025-09-12,4,18,9,0,0,None,34.3,2.4,15000,9213
1,2025-09-12,4,18,9,0,0,None,27.6,0.7,15000,9301
1,2025-09-12,4,19,9,0,0,None,27.9,4.2,15000,8594
1,2025-09-12,4,20,9,0,0,None,30.7,0.1,15000,9532
1,2025-09-12,4,21,9,0,0,None,32.1,0.0,15000,7301
1,2025-09-12,4,21,9,0,1,Minor,20.7,0.3,15000,10262
1,2025-09-12,4,22,9,0,0,None,30.4,0.1,15000,4652
1,2025-09-12,4,23,9,0,0,None,19.5,1.6,15000,2707
1,2025-09-13,5,0,9,1,0,None,25.3,0.2,15000,1310
1,2025-09-13,5,0,9,1,0,None,29.0,1.7,15000,939
1,2025-09-13,5,1,9,1,0,None,28.9,0.8,15000,735
1,2025-09-13,5,2,9,1,0,None,27.0,2.1,15000,625
1,2025-09-13,5,3,9,1,0,None,31.4,0.0,15000,867
1,2025-09-13,5,3,9,1,0,None,28.7,5.2,15000,461
1,2025-09-13,5,4,9,1,0,None,27.8,0.9,15000,1149
1,2025-09-13,5,5,9,1,0,None,26.9,0.0,15000,1697
1,2025-09-13,5,5,9,1,0,None,28.4,0.6,15000,1468
1,2025-09-13,5,6,9,1,0,None,23.6,0.5,15000,2941
1,2025-09-13,5,7,9,1,0,None,28.6,0.0,15000,4429
1,2025-09-13,5,8,9,1,0,None,31.3,0.8,15000,6689
1,2025-09-13,5,8,9,1,0,None,34.5,0.0,15000,6380
1,2025-09-13,5,9,9,1,0,None,29.5,0.0,15000,8368
1,2025-09-13,5,10,9,1,0,None,29.1,3.4,15000,9099
1,2025-09-13,5,11,9,1,0,None,17.5,0.2,15000,8311
1,2025-09-13,5,11,9,1,0,None,27.9,0.0,15000,8458
1,2025-09-13,5,12,9,1,0,None,31.1,0.0,15000,6638
1,2025-09-13,5,13,9,1,0,None,38.6,0.1,15000,4776
1,2025-09-13,5,13,9,1,0,None,36.6,0.9,15000,5635
1,2025-09-13,5,14,9,1,0,None,30.9,0.7,15000,4779
1,2025-09-13,5,15,9,1,0,None,35.6,1.1,15000,5833
1,2025-09-13,5,16,9,1,0,None,32.3,0.0,15000,7120
1,2025-09-13,5,16,9,1,1,Major,17.9,4.6,15000,12752
1,2025-09-13,5,17,9,1,1,Minor,29.0,0.4,15000,13481
1,2025-09-13,5,18,9,1,0,None,26.2,0.0,15000,11604
1,2025-09-13,5,19,9,1,0,None,30.4,3.8,15000,12925
1,2025-09-13,5,19,9,1,0,None,15.0,2.6,15000,12787
1,2025-09-13,5,20,9,1,0,None,29.7,5.4,15000,10160
1,2025-09-13,5,21,9,1,0,None,27.5,0.0,15000,9169
1,2025-09-13,5,21,9,1,0,None,27.0,0.2,15000,9372
1,2025-09-13,5,22,9,1,0,None,32.9,1.4,15000,5884
1,2025-09-13,5,23,9,1,0,None,20.2,0.0,15000,3434
1,2025-09-14,6,0,9,1,0,None,18.8,1.7,15000,1091
1,2025-09-14,6,0,9,1,0,None,28.6,0.5,15000,1346
1,2025-09-14,6,1,9,1,0,None,33.0,0.1,15000,749
1,2025-09-14,6,2,9,1,0,None,26.4,0.4,15000,80
1,2025-09-14,6,3,9,1,0,None,31.8,0.5,15000,668
1,2025-09-14,6,3,9,1,0,None,26.4,0.5,15000,516
1,2025-09-14,6,4,9,1,1,Major,15.0,1.4,15000,1856
1,2025-09-14,6,5,9,1,0,None,25.6,0.0,15000,1889
1,2025-09-14,6,6,9,1,0,None,20.8,2.6,15000,2570
1,2025-09-14,6,6,9,1,0,None,29.0,0.0,15000,2945
1,2025-09-14,6,7,9,1,0,None,25.3,0.4,15000,4696
1,2025-09-14,6,8,9,1,1,Minor,27.5,0.0,15000,9755
1,2025-09-14,6,8,9,1,0,None,27.2,0.3,15000,6693
1,2025-09-14,6,9,9,1,0,None,28.7,0.1,15000,8782
1,2025-09-14,6,10,9,1,0,None,25.0,0.0,15000,9180
1,2025-09-14,6,11,9,1,1,Minor,25.4,1.2,15000,12026
1,2025-09-14,6,11,9,1,0,None,30.7,0.0,15000,8427
1,2025-09-14,6,12,9,1,0,None,25.3,0.3,15000,6590
1,2025-09-14,6,13,9,1,0,None,35.2,0.0,15000,5779
1,2025-09-14,6,14,9,1,0,None,35.8,1.7,15000,4819
1,2025-09-14,6,14,9,1,0,None,18.4,0.0,15000,4844
1,2025-09-14,6,15,9,1,1,Major,26.7,0.0,15000,11356
1,2025-09-14,6,16,9,1,1,Major,24.0,0.0,15000,14305
1,2025-09-14,6,16,9,1,0,None,26.1,1.8,15000,7317
1,2025-09-14,6,17,9,1,1,Major,29.9,0.6,15000,15000
1,2025-09-14,6,18,9,1,0,None,22.8,0.0,15000,12006
1,2025-09-14,6,19,9,1,0,None,34.6,0.0,15000,13017
1,2025-09-14,6,19,9,1,0,None,18.2,0.0,15000,12611
1,2025-09-14,6,20,9,1,1,Minor,28.6,3.4,15000,15000
1,2025-09-14,6,21,9,1,0,None,22.3,0.7,15000,9145
1,2025-09-14,6,22,9,1,0,None,35.8,1.2,15000,5891
1,2025-09-14,6,22,9,1,0,None,34.3,0.0,15000,6018
1,2025-09-14,6,23,9,1,0,None,23.1,0.0,15000,3037
1,2025-09-15,0,0,9,0,0,None,26.9,2.8,15000,813
1,2025-09-15,0,0,9,0,0,None,28.4,0.1,15000,548
1,2025-09-15,0,1,9,0,0,None,33.5,0.3,15000,541
1,2025-09-15,0,2,9,0,0,None,32.9,0.9,15000,314
1,2025-09-15,0,3,9,0,0,None,30.8,3.0,15000,233
1,2025-09-15,0,3,9,0,0,None,28.0,0.5,15000,752
1,2025-09-15,0,4,9,0,0,None,32.8,0.5,15000,766
1,2025-09-15,0,5,9,0,0,None,29.4,1.8,15000,1240
1,2025-09-15,0,6,9,0,0,None,27.9,0.6,15000,1841
1,2025-09-15,0,6,9,0,0,None,30.7,1.2,15000,2059
1,2025-09-15,0,7,9,0,0,None,26.1,2.0,15000,3676
1,2025-09-15,0,8,9,0,0,None,31.6,2.8,15000,5012
1,2025-09-15,0,9,9,0,0,None,23.3,1.1,15000,6765
1,2025-09-15,0,9,9,0,0,None,31.0,0.0,15000,6704
1,2025-09-15,0,10,9,0,0,None,29.8,0.7,15000,7195
1,2025-09-15,0,11,9,0,0,None,31.5,0.1,15000,6370
1,2025-09-15,0,11,9,0,0,None,27.9,0.0,15000,6766
1,2025-09-15,0,12,9,0,0,None,27.5,0.0,15000,5058
1,2025-09-15,0,13,9,0,0,None,23.7,0.0,15000,4320
1,2025-09-15,0,14,9,0,0,None,27.8,2.5,15000,3422
1,2025-09-15,0,14,9,0,0,None,32.1,0.1,15000,3705
1,2025-09-15,0,15,9,0,1,Minor,21.5,0.9,15000,6409
1,2025-09-15,0,16,9,0,0,None,23.4,1.8,15000,5542
1,2025-09-15,0,17,9,0,0,None,29.9,0.4,15000,7447
1,2025-09-15,0,17,9,0,1,Minor,26.1,0.0,15000,10654
1,2025-09-15,0,18,9,0,0,None,26.8,0.0,15000,9046
1,2025-09-15,0,19,9,0,0,None,21.3,0.1,15000,10241
1,2025-09-15,0,19,9,0,0,None,27.6,0.6,15000,10326
1,2025-09-15,0,20,9,0,0,None,20.6,0.0,15000,9553
1,2025-09-15,0,21,9,0,0,None,24.9,0.8,15000,7136
1,2025-09-15,0,22,9,0,0,None,18.8,0.4,15000,5049
1,2025-09-15,0,22,9,0,0,None,24.5,3.4,15000,4457
1,2025-09-15,0,23,9,0,0,None,22.5,0.0,15000,2390
1,2025-09-16,1,0,9,0,0,None,26.5,1.3,15000,794
1,2025-09-16,1,1,9,0,0,None,28.2,1.0,15000,592
1,2025-09-16,1,1,9,0,0,None,29.2,3.1,15000,526
1,2025-09-16,1,2,9,0,0,None,32.5,0.0,15000,650
1,2025-09-16,1,3,9,0,0,None,27.5,0.8,15000,375
1,2025-09-16,1,4,9,0,0,None,18.6,0.0,15000,753
1,2025-09-16,1,4,9,0,0,None,35.6,0.0,15000,672
1,2025-09-16,1,5,9,0,0,None,27.4,0.1,15000,1477
1,2025-09-16,1,6,9,0,0,None,26.6,3.1,15000,2198
1,2025-09-16,1,6,9,0,0,None,29.1,0.0,15000,2277
1,2025-09-16,1,7,9,0,0,None,26.4,1.2,15000,3534
1,2025-09-16,1,8,9,0,0,None,27.1,0.5,15000,5014
1,2025-09-16,1,9,9,0,0,None,31.0,1.8,15000,6688
1,2025-09-16,1,9,9,0,0,None,17.4,3.5,15000,6673
1,2025-09-16,1,10,9,0,0,None,26.6,0.3,15000,7527
1,2025-09-16,1,11,9,0,0,None,29.8,1.5,15000,6549
1,2025-09-16,1,12,9,0,0,None,23.3,1.0,15000,5179
1,2025-09-16,1,12,9,0,0,None,28.6,0.0,15000,5277
1,2025-09-16,1,13,9,0,0,None,30.2,0.5,15000,4621
1,2025-09-16,1,14,9,0,0,None,30.8,0.0,15000,3665
1,2025-09-16,1,14,9,0,0,None,30.7,6.7,15000,3352
1,2025-09-16,1,15,9,0,0,None,23.4,0.0,15000,3948
1,2025-09-16,1,16,9,0,1,Minor,33.6,0.0,15000,8180
1,2025-09-16,1,17,9,0,0,None,31.4,0.0,15000,7421
1,2025-09-16,1,17,9,0,0,None,33.2,0.2,15000,7650
1,2025-09-16,1,18,9,0,0,None,25.9,0.0,15000,9140
1,2025-09-16,1,19,9,0,0,None,34.7,2.6,15000,9665
1,2025-09-16,1,20,9,0,0,None,23.3,0.0,15000,9116
1,2025-09-16,1,20,9,0,0,None,21.6,1.5,15000,8907
1,2025-09-16,1,21,9,0,0,None,26.2,0.8,15000,7018
1,2025-09-16,1,22,9,0,0,None,22.8,0.0,15000,4758
1,2025-09-16,1,22,9,0,0,None,27.6,0.6,15000,4630
1,2025-09-16,1,23,9,0,0,None,29.2,0.8,15000,2507
1,2025-09-17,2,0,9,0,0,None,24.6,0.2,15000,900
1,2025-09-17,2,1,9,0,0,None,31.1,0.0,15000,601
1,2025-09-17,2,1,9,0,1,Minor,29.9,4.1,15000,354
1,2025-09-17,2,2,9,0,0,None,37.8,3.8,15000,196
1,2025-09-17,2,3,9,0,0,None,29.2,1.8,15000,412
1,2025-09-17,2,4,9,0,0,None,23.3,0.8,15000,1051
1,2025-09-17,2,4,9,0,0,None,25.2,0.0,15000,600
1,2025-09-17,2,5,9,0,0,None,24.4,1.7,15000,1544
1,2025-09-17,2,6,9,0,0,None,36.4,0.0,15000,2214
1,2025-09-17,2,7,9,0,0,None,33.8,0.4,15000,3532
1,2025-09-17,2,7,9,0,0,None,19.6,2.7,15000,3532
1,2025-09-17,2,8,9,0,0,None,21.3,0.3,15000,5239
1,2025-09-17,2,9,9,0,0,None,24.7,0.1,15000,6344
1,2025-09-17,2,9,9,0,0,None,34.9,1.0,15000,6495
1,2025-09-17,2,10,9,0,0,None,29.5,0.7,15000,7274
1,2025-09-17,2,11,9,0,0,None,29.3,2.4,15000,6844
1,2025-09-17,2,12,9,0,0,None,16.0,2.2,15000,5258
1,2025-09-17,2,12,9,0,1,Minor,39.6,0.6,15000,6313
1,2025-09-17,2,13,9,0,0,None,18.5,1.9,15000,4307
1,2025-09-17,2,14,9,0,0,None,24.8,0.8,15000,3925
1,2025-09-17,2,15,9,0,0,None,33.0,0.0,15000,4319
1,2025-09-17,2,15,9,0,0,None,30.4,0.8,15000,4813
1,2025-09-17,2,16,9,0,0,None,21.4,0.3,15000,5825
1,2025-09-17,2,17,9,0,0,None,38.5,1.8,15000,6422
1,2025-09-17,2,17,9,0,0,None,26.3,1.0,15000,7034
1,2025-09-17,2,18,9,0,0,None,34.4,0.0,15000,8738
1,2025-09-17,2,19,9,0,0,None,25.1,0.0,15000,9832
1,2025-09-17,2,20,9,0,0,None,24.9,0.0,15000,9096
1,2025-09-17,2,20,9,0,0,None,28.9,0.5,15000,9480
1,2025-09-17,2,21,9,0,0,None,28.1,0.0,15000,6895
1,2025-09-17,2,22,9,0,0,None,34.4,0.0,15000,4725
1,2025-09-17,2,23,9,0,1,Minor,28.5,0.0,15000,3696
1,2025-09-17,2,23,9,0,1,Major,27.6,2.1,15000,5001
1,2025-09-18,3,0,9,0,0,None,19.5,1.2,15000,526
1,2025-09-18,3,1,9,0,0,None,29.2,0.3,15000,485
1,2025-09-18,3,2,9,0,1,Minor,29.0,0.4,15000,969
1,2025-09-18,3,2,9,0,0,None,38.0,2.0,15000,454
1,2025-09-18,3,3,9,0,0,None,32.6,0.5,15000,783
1,2025-09-18,3,4,9,0,0,None,33.3,0.3,15000,507
1,2025-09-18,3,4,9,0,0,None,26.4,0.2,15000,1063
1,2025-09-18,3,5,9,0,0,None,24.5,0.2,15000,1021
1,2025-09-18,3,6,9,0,0,None,24.4,1.5,15000,2552
1,2025-09-18,3,7,9,0,0,None,24.0,0.0,15000,3448
1,2025-09-18,3,7,9,0,0,None,29.6,1.2,15000,3615
1,2025-09-18,3,8,9,0,0,None,23.0,1.2,15000,5030
1,2025-09-18,3,9,9,0,0,None,21.8,2.9,15000,6514
1,2025-09-18,3,10,9,0,0,None,18.0,0.0,15000,7253
1,2025-09-18,3,10,9,0,1,Minor,21.3,2.1,15000,10655
1,2025-09-18,3,11,9,0,0,None,26.5,0.4,15000,6814
1,2025-09-18,3,12,9,0,0,None,33.0,3.1,15000,4843
1,2025-09-18,3,12,9,0,0,None,25.1,0.1,15000,5379
1,2025-09-18,3,13,9,0,0,None,25.1,1.3,15000,4090
1,2025-09-18,3,14,9,0,0,None,27.0,1.7,15000,3818
1,2025-09-18,3,15,9,0,1,Minor,22.7,4.1,15000,5357
1,2025-09-18,3,15,9,0,1,Major,29.2,0.0,15000,8764
1,2025-09-18,3,16,9,0,0,None,31.6,0.4,15000,5755
1,2025-09-18,3,17,9,0,0,None,23.6,1.6,15000,7638
1,2025-09-18,3,18,9,0,0,None,22.7,2.0,15000,9057
1,2025-09-18,3,18,9,0,0,None,15.0,0.5,15000,8986
1,2025-09-18,3,19,9,0,0,None,24.0,0.3,15000,9945
1,2025-09-18,3,20,9,0,0,None,27.6,1.1,15000,9339
1,2025-09-18,3,20,9,0,0,None,35.2,0.0,15000,9515
1,2025-09-18,3,21,9,0,0,None,22.2,0.4,15000,7073
1,2025-09-18,3,22,9,0,0,None,26.4,0.2,15000,4840
1,2025-09-18,3,23,9,0,0,None,27.7,1.4,15000,2459
1,2025-09-18,3,23,9,0,0,None,27.5,1.0,15000,2598
1,2025-09-19,4,0,9,0,0,None,23.2,0.0,15000,1136
1,2025-09-19,4,1,9,0,0,None,26.8,0.1,15000,695
1,2025-09-19,4,2,9,0,0,None,21.8,0.9,15000,520
1,2025-09-19,4,2,9,0,0,None,22.4,0.7,15000,503
1,2025-09-19,4,3,9,0,0,None,29.3,7.4,15000,529
1,2025-09-19,4,4,9,0,0,None,26.5,0.0,15000,574
1,2025-09-19,4,5,9,0,0,None,34.9,0.0,15000,1499
1,2025-09-19,4,5,9,0,0,None,18.4,2.1,15000,1240
1,2025-09-19,4,6,9,0,0,None,23.7,0.0,15000,2113
1,2025-09-19,4,7,9,0,0,None,31.8,0.3,15000,3426
1,2025-09-19,4,7,9,0,0,None,16.8,0.9,15000,3481
1,2025-09-19,4,8,9,0,0,None,27.9,0.0,15000,5150
1,2025-09-19,4,9,9,0,0,None,27.6,0.0,15000,6690
1,2025-09-19,4,10,9,0,0,None,27.7,0.0,15000,7463
1,2025-09-19,4,10,9,0,0,None,28.1,1.2,15000,7306
1,2025-09-19,4,11,9,0,0,None,27.8,0.2,15000,6449
1,2025-09-19,4,12,9,0,0,None,30.1,0.0,15000,5082
1,2025-09-19,4,13,9,0,0,None,34.8,0.0,15000,4260
1,2025-09-19,4,13,9,0,1,Minor,30.4,1.1,15000,6519
1,2025-09-19,4,14,9,0,0,None,26.5,0.7,15000,4053
1,2025-09-19,4,15,9,0,1,Minor,30.2,0.0,15000,6256
1,2025-09-19,4,15,9,0,1,Minor,32.5,0.7,15000,6779
1,2025-09-19,4,16,9,0,0,None,15.0,2.7,15000,5623
1,2025-09-19,4,17,9,0,0,None,19.8,2.1,15000,7530
1,2025-09-19,4,18,9,0,1,Major,16.6,0.7,15000,15000
1,2025-09-19,4,18,9,0,0,None,32.9,0.0,15000,9039
1,2025-09-19,4,19,9,0,1,Minor,29.2,0.0,15000,14499
1,2025-09-19,4,20,9,0,1,Minor,19.6,0.2,15000,13586
1,2025-09-19,4,21,9,0,0,None,30.2,0.4,15000,7042
1,2025-09-19,4,21,9,0,0,None,26.9,0.7,15000,7284
1,2025-09-19,4,22,9,0,0,None,21.6,3.6,15000,4570
1,2025-09-19,4,23,9,0,0,None,21.2,0.0,15000,2562
1,2025-09-19,4,23,9,0,0,None,31.4,0.3,15000,2409
1,2025-09-20,5,0,9,1,0,None,28.0,0.0,15000,648
1,2025-09-20,5,1,9,1,1,Minor,24.9,4.1,15000,847
1,2025-09-20,5,2,9,1,0,None,24.4,0.3,15000,754
1,2025-09-20,5,2,9,1,0,None,24.5,0.5,15000,618
1,2025-09-20,5,3,9,1,1,Minor,30.1,0.1,15000,1104
1,2025-09-20,5,4,9,1,0,None,23.1,0.1,15000,738
1,2025-09-20,5,5,9,1,0,None,28.5,0.0,15000,1281
1,2025-09-20,5,5,9,1,0,None,30.4,0.5,15000,1311
1,2025-09-20,5,6,9,1,0,None,23.4,0.0,15000,2877
1,2025-09-20,5,7,9,1,0,None,30.5,0.0,15000,4854
1,2025-09-20,5,8,9,1,0,None,22.9,0.0,15000,6931
1,2025-09-20,5,8,9,1,0,None,23.4,0.9,15000,6689
1,2025-09-20,5,9,9,1,0,None,23.3,0.0,15000,8427
1,2025-09-20,5,10,9,1,0,None,15.0,1.2,15000,9146
1,2025-09-20,5,10,9,1,0,None,23.1,1.2,15000,9301
1,2025-09-20,5,11,9,1,0,None,26.8,0.1,15000,8368
1,2025-09-20,5,12,9,1,0,None,27.9,0.4,15000,6690
1,2025-09-20,5,13,9,1,0,None,29.2,0.2,15000,5206
1,2025-09-20,5,13,9,1,0,None,27.5,0.0,15000,5366
1,2025-09-20,5,14,9,1,0,None,35.5,0.0,15000,4826
1,2025-09-20,5,15,9,1,0,None,26.5,0.0,15000,5730
1,2025-09-20,5,16,9,1,0,None,28.7,1.5,15000,7139
1,2025-09-20,5,16,9,1,0,None,32.0,0.0,15000,6976
1,2025-09-20,5,17,9,1,1,Minor,15.0,1.3,15000,14140
1,2025-09-20,5,18,9,1,0,None,23.4,0.4,15000,11278
1,2025-09-20,5,18,9,1,0,None,27.8,2.5,15000,11951
1,2025-09-20,5,19,9,1,0,None,24.3,0.2,15000,12717
1,2025-09-20,5,20,9,1,0,None,20.8,4.2,15000,10410
1,2025-09-20,5,21,9,1,0,None,18.7,0.2,15000,9069
1,2025-09-20,5,21,9,1,0,None,34.4,0.8,15000,9536
1,2025-09-20,5,22,9,1,0,None,28.6,0.0,15000,6111
1,2025-09-20,5,23,9,1,0,None,27.4,0.5,15000,3232
1,2025-09-21,6,0,9,1,0,None,29.5,0.9,15000,1084
1,2025-09-21,6,0,9,1,0,None,24.4,1.1,15000,819
1,2025-09-21,6,1,9,1,1,Major,33.3,0.1,15000,1655
1,2025-09-21,6,2,9,1,1,Minor,25.5,0.2,15000,976
1,2025-09-21,6,2,9,1,0,None,28.5,0.5,15000,686
1,2025-09-21,6,3,9,1,0,None,28.0,0.6,15000,848
1,2025-09-21,6,4,9,1,0,None,25.2,0.1,15000,481
1,2025-09-21,6,5,9,1,0,None,23.1,0.7,15000,1303
1,2025-09-21,6,5,9,1,0,None,29.6,2.0,15000,1613
1,2025-09-21,6,6,9,1,0,None,25.8,0.2,15000,2535
1,2025-09-21,6,7,9,1,0,None,21.5,0.7,15000,4912
1,2025-09-21,6,8,9,1,0,None,21.7,1.6,15000,6412
1,2025-09-21,6,8,9,1,0,None,18.9,0.9,15000,6639
1,2025-09-21,6,9,9,1,0,None,19.3,0.6,15000,8283
1,2025-09-21,6,10,9,1,0,None,27.8,0.0,15000,9317
1,2025-09-21,6,11,9,1,0,None,31.9,0.7,15000,8633
1,2025-09-21,6,11,9,1,0,None,18.8,2.9,15000,8668
1,2025-09-21,6,12,9,1,0,None,25.3,0.7,15000,6491
1,2025-09-21,6,13,9,1,1,Major,28.5,0.0,15000,11183
1,2025-09-21,6,13,9,1,0,None,18.9,0.0,15000,5464
1,2025-09-21,6,14,9,1,1,Major,22.6,0.0,15000,9668
1,2025-09-21,6,15,9,1,0,None,27.1,0.0,15000,5311
1,2025-09-21,6,16,9,1,1,Minor,24.2,0.0,15000,10458
1,2025-09-21,6,16,9,1,0,None,26.8,0.0,15000,7119
1,2025-09-21,6,17,9,1,0,None,40.4,0.9,15000,8448
1,2025-09-21,6,18,9,1,0,None,34.0,0.3,15000,11751
1,2025-09-21,6,19,9,1,0,None,28.2,0.0,15000,12837
1,2025-09-21,6,19,9,1,0,None,24.2,2.8,15000,12844
1,2025-09-21,6,20,9,1,0,None,21.6,0.0,15000,11991
1,2025-09-21,6,21,9,1,1,Minor,26.7,1.8,15000,13051
1,2025-09-21,6,21,9,1,0,None,20.9,4.6,15000,8444
1,2025-09-21,6,22,9,1,0,None,23.8,0.7,15000,6122
1,2025-09-21,6,23,9,1,0,None,21.7,0.3,15000,3237
1,2025-09-22,0,0,9,0,1,Minor,27.6,3.2,15000,1101
1,2025-09-22,0,0,9,0,0,None,23.6,0.0,15000,791
1,2025-09-22,0,1,9,0,0,None,26.7,1.8,15000,658
1,2025-09-22,0,2,9,0,0,None,29.8,0.0,15000,523
1,2025-09-22,0,3,9,0,0,None,27.8,0.0,15000,697
1,2025-09-22,0,3,9,0,0,None,33.5,0.6,15000,793
1,2025-09-22,0,4,9,0,0,None,29.1,1.4,15000,866
1,2025-09-22,0,5,9,0,1,Minor,29.1,0.4,15000,1578
1,2025-09-22,0,6,9,0,0,None,24.5,2.2,15000,1991
1,2025-09-22,0,6,9,0,0,None,29.8,1.1,15000,2246
1,2025-09-22,0,7,9,0,0,None,22.1,0.0,15000,3625
1,2025-09-22,0,8,9,0,0,None,28.9,0.0,15000,5200
1,2025-09-22,0,8,9,0,0,None,28.0,0.8,15000,4826
1,2025-09-22,0,9,9,0,0,None,21.9,0.3,15000,6240
1,2025-09-22,0,10,9,0,0,None,27.3,0.8,15000,7204
1,2025-09-22,0,11,9,0,0,None,29.2,0.5,15000,6603
1,2025-09-22,0,11,9,0,0,None,28.9,1.1,15000,6583
1,2025-09-22,0,12,9,0,0,None,28.7,0.1,15000,4927
1,2025-09-22,0,13,9,0,0,None,25.8,0.0,15000,4451
1,2025-09-22,0,14,9,0,0,None,30.1,0.9,15000,3660
1,2025-09-22,0,14,9,0,0,None,29.6,0.1,15000,3952
1,2025-09-22,0,15,9,0,0,None,23.7,0.0,15000,4540
1,2025-09-22,0,16,9,0,0,None,27.3,1.1,15000,5796
1,2025-09-22,0,16,9,0,0,None,29.0,0.0,15000,5665
1,2025-09-22,0,17,9,0,0,None,27.7,1.0,15000,7407
1,2025-09-22,0,18,9,0,0,None,28.3,2.3,15000,9304
1,2025-09-22,0,19,9,0,0,None,33.4,0.0,15000,9900
1,2025-09-22,0,19,9,0,0,None,20.2,3.0,15000,10331
1,2025-09-22,0,20,9,0,0,None,42.0,1.1,15000,8221
1,2025-09-22,0,21,9,0,0,None,30.0,1.2,15000,7064
1,2025-09-22,0,22,9,0,0,None,28.9,0.0,15000,4902
1,2025-09-22,0,22,9,0,0,None,23.1,1.9,15000,4541
1,2025-09-22,0,23,9,0,0,None,28.1,0.0,15000,2477
1,2025-09-23,1,0,9,0,1,Minor,30.4,0.0,15000,1127
1,2025-09-23,1,0,9,0,0,None,22.5,1.0,15000,992
1,2025-09-23,1,1,9,0,0,None,30.1,0.0,15000,453
1,2025-09-23,1,2,9,0,0,None,23.9,1.0,15000,120
1,2025-09-23,1,3,9,0,0,None,35.2,0.2,15000,789
1,2025-09-23,1,3,9,0,0,None,27.5,0.0,15000,598
1,2025-09-23,1,4,9,0,0,None,26.6,0.0,15000,456
1,2025-09-23,1,5,9,0,0,None,29.8,2.6,15000,1005
1,2025-09-23,1,6,9,0,0,None,26.2,3.5,15000,2315
1,2025-09-23,1,6,9,0,0,None,29.2,0.0,15000,2124
1,2025-09-23,1,7,9,0,0,None,23.0,1.5,15000,3977
1,2025-09-23,1,8,9,0,0,None,27.8,2.2,15000,5136
1,2025-09-23,1,9,9,0,0,None,18.2,0.0,15000,6486
1,2025-09-23,1,9,9,0,0,None,16.4,0.6,15000,6440
1,2025-09-23,1,10,9,0,0,None,21.7,0.7,15000,7360
1,2025-09-23,1,11,9,0,0,None,28.4,1.0,15000,6533
1,2025-09-23,1,11,9,0,0,None,23.1,0.0,15000,6547
1,2025-09-23,1,12,9,0,0,None,30.3,0.1,15000,5197
1,2025-09-23,1,13,9,0,0,None,28.4,0.1,15000,4449
1,2025-09-23,1,14,9,0,0,None,27.5,1.5,15000,3554
1,2025-09-23,1,14,9,0,1,Major,21.8,0.0,15000,7763
1,2025-09-23,1,15,9,0,0,None,25.3,0.1,15000,4354
1,2025-09-23,1,16,9,0,0,None,29.9,0.0,15000,5862
1,2025-09-23,1,17,9,0,1,Minor,31.7,1.8,15000,11148
1,2025-09-23,1,17,9,0,0,None,26.6,3.8,15000,7306
1,2025-09-23,1,18,9,0,0,None,15.9,0.1,15000,9016
1,2025-09-23,1,19,9,0,0,None,37.5,0.6,15000,8873
1,2025-09-23,1,19,9,0,0,None,30.4,0.9,15000,9912
1,2025-09-23,1,20,9,0,0,None,25.3,0.4,15000,9274
1,2025-09-23,1,21,9,0,0,None,30.8,1.1,15000,7115
1,2025-09-23,1,22,9,0,1,Minor,22.1,0.9,15000,6888
1,2025-09-23,1,22,9,0,0,None,33.2,0.0,15000,4341
1,2025-09-23,1,23,9,0,0,None,24.9,1.9,15000,2147
1,2025-09-24,2,0,9,0,0,None,25.3,0.0,15000,414
1,2025-09-24,2,1,9,0,0,None,31.2,0.4,15000,465
1,2025-09-24,2,1,9,0,1,Minor,32.3,0.1,15000,1222
1,2025-09-24,2,2,9,0,1,Major,24.9,0.0,15000,765
1,2025-09-24,2,3,9,0,0,None,30.7,0.8,15000,579
1,2025-09-24,2,4,9,0,0,None,27.7,0.0,15000,705
1,2025-09-24,2,4,9,0,0,None,26.8,0.0,15000,506
1,2025-09-24,2,5,9,0,0,None,30.0,3.6,15000,1195
1,2025-09-24,2,6,9,0,0,None,32.0,2.1,15000,2145
1,2025-09-24,2,6,9,0,0,None,21.2,0.0,15000,2298
1,2025-09-24,2,7,9,0,0,None,26.4,0.4,15000,3551
1,2025-09-24,2,8,9,0,1,Major,25.6,0.0,15000,10493
1,2025-09-24,2,9,9,0,0,None,30.7,0.3,15000,6433
1,2025-09-24,2,9,9,0,0,None,27.1,0.0,15000,6207
1,2025-09-24,2,10,9,0,0,None,26.5,2.3,15000,7163
1,2025-09-24,2,11,9,0,0,None,35.4,0.0,15000,6799
1,2025-09-24,2,12,9,0,1,Major,26.5,0.2,15000,10435
1,2025-09-24,2,12,9,0,0,None,30.9,0.3,15000,5040
1,2025-09-24,2,13,9,0,0,None,22.6,1.7,15000,4181
1,2025-09-24,2,14,9,0,0,None,33.7,0.8,15000,3727
1,2025-09-24,2,14,9,0,0,None,31.1,0.0,15000,3660
1,2025-09-24,2,15,9,0,0,None,28.8,0.3,15000,4325
1,2025-09-24,2,16,9,0,0,None,20.1,0.0,15000,5513
1,2025-09-24,2,17,9,0,0,None,31.6,2.9,15000,7472
1,2025-09-24,2,17,9,0,0,None,23.8,0.1,15000,7458
1,2025-09-24,2,18,9,0,0,None,20.4,0.0,15000,8904
1,2025-09-24,2,19,9,0,1,Minor,28.9,1.2,15000,14768
1,2025-09-24,2,20,9,0,0,None,16.0,3.0,15000,9149
1,2025-09-24,2,20,9,0,0,None,21.4,0.3,15000,9400
1,2025-09-24,2,21,9,0,0,None,30.8,0.5,15000,7410
1,2025-09-24,2,22,9,0,0,None,30.1,0.0,15000,4494
1,2025-09-24,2,22,9,0,1,Minor,18.8,1.5,15000,7038
1,2025-09-24,2,23,9,0,0,None,25.7,0.0,15000,2926
1,2025-09-25,3,0,9,0,0,None,28.6,0.0,15000,664
1,2025-09-25,3,1,9,0,0,None,22.3,3.4,15000,530
1,2025-09-25,3,1,9,0,0,None,34.7,0.0,15000,588
1,2025-09-25,3,2,9,0,0,None,32.4,0.9,15000,482
1,2025-09-25,3,3,9,0,0,None,22.8,1.4,15000,428
1,2025-09-25,3,4,9,0,0,None,37.2,1.2,15000,724
1,2025-09-25,3,4,9,0,0,None,22.3,0.7,15000,384
1,2025-09-25,3,5,9,0,0,None,26.0,1.3,15000,900
1,2025-09-25,3,6,9,0,1,Minor,21.2,0.5,15000,3197
1,2025-09-25,3,7,9,0,0,None,29.9,0.1,15000,3520
1,2025-09-25,3,7,9,0,0,None,32.3,0.0,15000,3582
1,2025-09-25,3,8,9,0,0,None,20.6,0.0,15000,5446
1,2025-09-25,3,9,9,0,0,None,27.4,0.0,15000,6404
1,2025-09-25,3,9,9,0,0,None,27.6,4.7,15000,5710
1,2025-09-25,3,10,9,0,0,None,36.3,0.3,15000,7543
1,2025-09-25,3,11,9,0,0,None,31.0,0.0,15000,6738
1,2025-09-25,3,12,9,0,0,None,17.5,0.0,15000,5178
1,2025-09-25,3,12,9,0,1,Minor,24.5,0.0,15000,7442
1,2025-09-25,3,13,9,0,0,None,30.3,0.0,15000,3754
1,2025-09-25,3,14,9,0,0,None,34.2,2.7,15000,3847
1,2025-09-25,3,15,9,0,0,None,18.3,0.1,15000,4063
1,2025-09-25,3,15,9,0,1,Major,21.3,0.5,15000,8847
1,2025-09-25,3,16,9,0,0,None,30.5,0.2,15000,5504
1,2025-09-25,3,17,9,0,0,None,34.6,0.3,15000,7728
1,2025-09-25,3,17,9,0,0,None,26.7,0.3,15000,7523
1,2025-09-25,3,18,9,0,0,None,31.6,0.0,15000,9319
1,2025-09-25,3,19,9,0,1,Minor,32.4,0.0,15000,14581
1,2025-09-25,3,20,9,0,0,None,26.5,0.5,15000,9179
1,2025-09-25,3,20,9,0,0,None,26.2,0.0,15000,9116
1,2025-09-25,3,21,9,0,0,None,30.7,2.4,15000,7307
1,2025-09-25,3,22,9,0,0,None,23.0,3.8,15000,4368
1,2025-09-25,3,23,9,0,0,None,30.4,1.7,15000,2489
1,2025-09-25,3,23,9,0,0,None,31.2,2.3,15000,2576
1,2025-09-26,4,0,9,0,1,Minor,26.6,0.3,15000,1197
1,2025-09-26,4,1,9,0,0,None,30.7,0.2,15000,655
1,2025-09-26,4,1,9,0,0,None,26.8,1.1,15000,510
1,2025-09-26,4,2,9,0,0,None,19.5,1.4,15000,464
1,2025-09-26,4,3,9,0,1,Minor,22.6,0.0,15000,991
1,2025-09-26,4,4,9,0,0,None,39.6,1.2,15000,559
1,2025-09-26,4,4,9,0,0,None,31.5,0.7,15000,842
1,2025-09-26,4,5,9,0,0,None,28.8,3.8,15000,1158
1,2025-09-26,4,6,9,0,0,None,25.7,0.9,15000,2136
1,2025-09-26,4,7,9,0,0,None,26.2,1.0,15000,3457
1,2025-09-26,4,7,9,0,0,None,29.5,3.9,15000,3594
1,2025-09-26,4,8,9,0,0,None,30.1,1.2,15000,5150
1,2025-09-26,4,9,9,0,0,None,26.0,1.3,15000,6549
1,2025-09-26,4,10,9,0,1,Minor,28.9,3.4,15000,10658
1,2025-09-26,4,10,9,0,0,None,32.2,1.6,15000,7192
1,2025-09-26,4,11,9,0,0,None,19.9,0.0,15000,6723
1,2025-09-26,4,12,9,0,0,None,29.6,0.1,15000,5239
1,2025-09-26,4,12,9,0,0,None,19.0,0.5,15000,5042
1,2025-09-26,4,13,9,0,0,None,26.7,0.0,15000,4454
1,2025-09-26,4,14,9,0,0,None,22.9,0.0,15000,3658
1,2025-09-26,4,15,9,0,1,Minor,36.6,1.9,15000,6352
1,2025-09-26,4,15,9,0,0,None,19.1,0.0,15000,4328
1,2025-09-26,4,16,9,0,0,None,25.7,0.2,15000,5608
1,2025-09-26,4,17,9,0,0,None,27.4,2.0,15000,7481
1,2025-09-26,4,18,9,0,0,None,25.2,0.0,15000,9330
1,2025-09-26,4,18,9,0,0,None,24.5,0.1,15000,9170
1,2025-09-26,4,19,9,0,0,None,28.5,0.5,15000,9931
1,2025-09-26,4,20,9,0,0,None,30.2,0.0,15000,9753
1,2025-09-26,4,20,9,0,0,None,33.4,0.8,15000,9236
1,2025-09-26,4,21,9,0,0,None,28.3,0.2,15000,6917
1,2025-09-26,4,22,9,0,0,None,26.9,0.8,15000,4383
1,2025-09-26,4,23,9,0,1,Minor,31.3,2.1,15000,3808
1,2025-09-26,4,23,9,0,0,None,26.7,0.0,15000,2371
1,2025-09-27,5,0,9,1,0,None,26.3,0.0,15000,937
1,2025-09-27,5,1,9,1,1,Major,19.2,2.5,15000,1595
1,2025-09-27,5,2,9,1,0,None,27.7,0.0,15000,847
1,2025-09-27,5,2,9,1,1,Minor,17.7,0.8,15000,799
1,2025-09-27,5,3,9,1,0,None,30.6,0.0,15000,901
1,2025-09-27,5,4,9,1,0,None,31.3,0.0,15000,1010
1,2025-09-27,5,4,9,1,0,None,22.1,0.6,15000,1180
1,2025-09-27,5,5,9,1,0,None,30.3,0.0,15000,1642
1,2025-09-27,5,6,9,1,0,None,24.6,0.0,15000,2963
1,2025-09-27,5,7,9,1,1,Minor,22.8,1.0,15000,6709
1,2025-09-27,5,7,9,1,0,None,31.7,0.2,15000,4659
1,2025-09-27,5,8,9,1,0,None,35.5,0.0,15000,6369
1,2025-09-27,5,9,9,1,0,None,30.4,0.5,15000,8258
1,2025-09-27,5,10,9,1,0,None,22.0,0.9,15000,8736
1,2025-09-27,5,10,9,1,0,None,25.7,1.4,15000,9112
1,2025-09-27,5,11,9,1,0,None,25.3,1.0,15000,8369
1,2025-09-27,5,12,9,1,0,None,21.4,2.4,15000,6868
1,2025-09-27,5,13,9,1,0,None,30.3,4.3,15000,4847
1,2025-09-27,5,13,9,1,0,None,27.3,0.0,15000,5624
1,2025-09-27,5,14,9,1,0,None,37.4,0.3,15000,4490
1,2025-09-27,5,15,9,1,0,None,18.8,0.0,15000,5536
1,2025-09-27,5,15,9,1,0,None,29.1,1.7,15000,5839
1,2025-09-27,5,16,9,1,0,None,26.1,0.6,15000,7284
1,2025-09-27,5,17,9,1,1,Minor,25.9,0.4,15000,13994
1,2025-09-27,5,18,9,1,0,None,28.2,0.0,15000,11314
1,2025-09-27,5,18,9,1,0,None,30.7,1.1,15000,11624
1,2025-09-27,5,19,9,1,0,None,23.3,0.0,15000,12945
1,2025-09-27,5,20,9,1,0,None,22.0,1.2,15000,11775
1,2025-09-27,5,21,9,1,0,None,30.5,1.0,15000,9210
1,2025-09-27,5,21,9,1,0,None,24.0,0.0,15000,9051
1,2025-09-27,5,22,9,1,0,None,27.6,1.4,15000,6305
1,2025-09-27,5,23,9,1,0,None,27.0,0.7,15000,3169
1,2025-09-27,5,23,9,1,0,None,23.7,0.8,15000,3045
1,2025-09-28,6,0,9,1,0,None,24.1,0.1,15000,1320
1,2025-09-28,6,1,9,1,0,None,15.1,2.1,15000,789
1,2025-09-28,6,2,9,1,0,None,27.1,0.0,15000,847
1,2025-09-28,6,2,9,1,0,None,23.3,0.0,15000,558
1,2025-09-28,6,3,9,1,0,None,30.6,2.0,15000,730
1,2025-09-28,6,4,9,1,0,None,21.1,0.8,15000,1021
1,2025-09-28,6,5,9,1,0,None,29.6,1.0,15000,1654
1,2025-09-28,6,5,9,1,0,None,33.0,0.1,15000,1252
1,2025-09-28,6,6,9,1,0,None,27.8,1.4,15000,2978
1,2025-09-28,6,7,9,1,0,None,29.3,0.4,15000,4336
1,2025-09-28,6,8,9,1,0,None,34.4,0.2,15000,6502
1,2025-09-28,6,8,9,1,1,Minor,27.2,0.9,15000,9559
1,2025-09-28,6,9,9,1,1,Minor,34.2,0.0,15000,12362
1,2025-09-28,6,10,9,1,0,None,25.7,0.8,15000,9524
1,2025-09-28,6,10,9,1,0,None,24.7,0.4,15000,9380
1,2025-09-28,6,11,9,1,0,None,17.1,2.5,15000,8263
1,2025-09-28,6,12,9,1,1,Minor,27.3,0.2,15000,9623
1,2025-09-28,6,13,9,1,0,None,26.1,0.0,15000,5387
1,2025-09-28,6,13,9,1,0,None,25.8,1.7,15000,5229
1,2025-09-28,6,14,9,1,0,None,24.4,0.6,15000,5163
1,2025-09-28,6,15,9,1,0,None,29.2,1.6,15000,5518
1,2025-09-28,6,16,9,1,0,None,27.1,0.9,15000,7313
1,2025-09-28,6,16,9,1,1,Major,22.3,3.5,15000,14797
1,2025-09-28,6,17,9,1,0,None,35.1,0.0,15000,9325
1,2025-09-28,6,18,9,1,0,None,27.5,3.1,15000,11540
1,2025-09-28,6,18,9,1,0,None,30.2,0.3,15000,11631
1,2025-09-28,6,19,9,1,0,None,33.6,2.6,15000,12760
1,2025-09-28,6,20,9,1,0,None,31.7,0.0,15000,11887
1,2025-09-28,6,21,9,1,0,None,16.2,0.3,15000,9071
1,2025-09-28,6,21,9,1,0,None,27.4,0.4,15000,9224
1,2025-09-28,6,22,9,1,0,None,22.6,0.7,15000,6232
1,2025-09-28,6,23,9,1,0,None,26.7,5.5,15000,2760
1,2025-09-29,0,0,9,0,0,None,21.0,0.0,15000,657
1,2025-09-29,0,0,9,0,0,None,25.3,0.1,15000,749
1,2025-09-29,0,1,9,0,0,None,27.9,0.3,15000,355
1,2025-09-29,0,2,9,0,0,None,27.1,0.0,15000,729
1,2025-09-29,0,2,9,0,0,None,23.5,0.4,15000,406
1,2025-09-29,0,3,9,0,0,None,31.0,0.0,15000,58
1,2025-09-29,0,4,9,0,1,Minor,30.6,0.0,15000,1036
1,2025-09-29,0,5,9,0,0,None,18.2,1.9,15000,1104
1,2025-09-29,0,5,9,0,0,None,19.9,0.0,15000,1575
1,2025-09-29,0,6,9,0,0,None,22.9,0.7,15000,2171
1,2025-09-29,0,7,9,0,1,Major,30.2,0.0,15000,7080
1,2025-09-29,0,8,9,0,0,None,35.2,0.3,15000,4874
1,2025-09-29,0,8,9,0,0,None,21.6,0.0,15000,5146
1,2025-09-29,0,9,9,0,0,None,30.0,1.2,15000,6419
1,2025-09-29,0,10,9,0,1,Minor,23.8,0.7,15000,10273
1,2025-09-29,0,11,9,0,0,None,21.2,0.5,15000,6518
1,2025-09-29,0,11,9,0,0,None,27.9,0.1,15000,6241
1,2025-09-29,0,12,9,0,0,None,28.5,0.3,15000,4894
1,2025-09-29,0,13,9,0,0,None,26.6,0.0,15000,4200
1,2025-09-29,0,13,9,0,0,None,29.2,1.1,15000,3939
1,2025-09-29,0,14,9,0,0,None,25.2,0.0,15000,3548
1,2025-09-29,0,15,9,0,0,None,27.9,0.0,15000,4430
1,2025-09-29,0,16,9,0,0,None,31.8,0.0,15000,5509
1,2025-09-29,0,16,9,0,0,None,23.7,0.1,15000,5651
1,2025-09-29,0,17,9,0,0,None,27.3,0.8,15000,7616
1,2025-09-29,0,18,9,0,1,Minor,26.0,1.1,15000,13285
1,2025-09-29,0,19,9,0,0,None,39.8,0.0,15000,9327
1,2025-09-29,0,19,9,0,0,None,28.2,0.3,15000,10108
1,2025-09-29,0,20,9,0,0,None,24.9,0.0,15000,9208
1,2025-09-29,0,21,9,0,0,None,25.9,0.5,15000,7326
1,2025-09-29,0,21,9,0,0,None,29.1,0.3,15000,7495
1,2025-09-29,0,22,9,0,0,None,28.6,2.7,15000,4837
1,2025-09-29,0,23,9,0,0,None,25.3,0.0,15000,2716
1,2025-09-30,1,0,9,0,0,None,24.5,0.0,15000,676
1,2025-09-30,1,0,9,0,0,None,30.8,6.4,15000,420
1,2025-09-30,1,1,9,0,1,Minor,24.8,0.0,15000,928
1,2025-09-30,1,2,9,0,0,None,26.3,0.1,15000,529
1,2025-09-30,1,3,9,0,0,None,25.7,0.3,15000,582
1,2025-09-30,1,3,9,0,0,None,30.7,2.7,15000,516
1,2025-09-30,1,4,9,0,0,None,19.8,5.2,15000,695
1,2025-09-30,1,5,9,0,0,None,23.6,0.1,15000,1386
1,2025-09-30,1,6,9,0,1,Minor,19.2,0.0,15000,3256
1,2025-09-30,1,6,9,0,0,None,27.1,0.2,15000,1899
1,2025-09-30,1,7,9,0,1,Minor,34.3,0.6,15000,5253
1,2025-09-30,1,8,9,0,0,None,42.0,0.5,15000,4737
1,2025-09-30,1,8,9,0,0,None,32.5,0.0,15000,4938
1,2025-09-30,1,9,9,0,0,None,22.7,0.0,15000,6740
1,2025-09-30,1,10,9,0,0,None,22.5,6.0,15000,6140
1,2025-09-30,1,11,9,0,0,None,24.3,0.4,15000,6492
1,2025-09-30,1,11,9,0,0,None,15.0,0.1,15000,6618
1,2025-09-30,1,12,9,0,0,None,28.8,0.5,15000,5154
1,2025-09-30,1,13,9,0,0,None,22.7,0.4,15000,4532
1,2025-09-30,1,14,9,0,0,None,29.4,0.1,15000,3982
1,2025-09-30,1,14,9,0,0,None,27.8,2.1,15000,3651
1,2025-09-30,1,15,9,0,0,None,29.8,0.0,15000,4500
1,2025-09-30,1,16,9,0,0,None,23.5,0.5,15000,5913
1,2025-09-30,1,16,9,0,0,None,25.6,0.0,15000,5399
1,2025-09-30,1,17,9,0,0,None,40.6,0.0,15000,6593
1,2025-09-30,1,18,9,0,0,None,30.4,0.2,15000,9062
1,2025-09-30,1,19,9,0,0,None,29.0,0.2,15000,10275
1,2025-09-30,1,19,9,0,0,None,24.9,0.0,15000,9831
1,2025-09-30,1,20,9,0,0,None,27.6,0.0,15000,9330
1,2025-09-30,1,21,9,0,0,None,20.2,1.3,15000,7162
1,2025-09-30,1,22,9,0,0,None,23.6,0.4,15000,4610
1,2025-09-30,1,22,9,0,1,Minor,26.2,0.3,15000,7081
1,2025-09-30,1,23,9,0,1,Major,26.8,0.3,15000,5242
1,2025-10-01,2,0,10,0,0,None,26.1,0.6,15000,776
1,2025-10-01,2,0,10,0,0,None,24.2,0.0,15000,717
1,2025-10-01,2,1,10,0,0,None,21.7,1.7,15000,547
1,2025-10-01,2,2,10,0,0,None,36.1,0.7,15000,175
1,2025-10-01,2,3,10,0,0,None,23.9,0.0,15000,386
1,2025-10-01,2,3,10,0,0,None,34.5,0.9,15000,638
1,2025-10-01,2,4,10,0,1,Minor,27.4,0.0,15000,770
1,2025-10-01,2,5,10,0,0,None,28.9,0.1,15000,1421
1,2025-10-01,2,6,10,0,0,None,19.6,0.0,15000,2267
1,2025-10-01,2,6,10,0,0,None,26.9,1.9,15000,2545
1,2025-10-01,2,7,10,0,0,None,31.9,0.0,15000,3958
1,2025-10-01,2,8,10,0,0,None,21.3,1.0,15000,5669
1,2025-10-01,2,9,10,0,0,None,21.7,0.0,15000,7361
1,2025-10-01,2,9,10,0,0,None,26.8,1.4,15000,6875
1,2025-10-01,2,10,10,0,0,None,22.0,3.4,15000,7889
1,2025-10-01,2,11,10,0,0,None,31.4,1.4,15000,7020
1,2025-10-01,2,11,10,0,0,None,20.9,0.7,15000,7217
1,2025-10-01,2,12,10,0,1,Major,26.5,0.2,15000,11200
1,2025-10-01,2,13,10,0,0,None,29.5,2.9,15000,4901
1,2025-10-01,2,14,10,0,0,None,24.0,0.9,15000,4113
1,2025-10-01,2,14,10,0,0,None,27.9,0.5,15000,4153
1,2025-10-01,2,15,10,0,0,None,28.5,0.0,15000,5237
1,2025-10-01,2,16,10,0,0,None,28.4,0.0,15000,6420
1,2025-10-01,2,17,10,0,0,None,23.1,0.1,15000,7990
1,2025-10-01,2,17,10,0,0,None,37.0,4.1,15000,6318
1,2025-10-01,2,18,10,0,0,None,29.4,1.3,15000,9910
1,2025-10-01,2,19,10,0,0,None,33.0,0.0,15000,10821
1,2025-10-01,2,19,10,0,0,None,30.4,0.0,15000,11065
1,2025-10-01,2,20,10,0,0,None,35.0,6.3,15000,9178
1,2025-10-01,2,21,10,0,0,None,17.0,0.0,15000,8074
1,2025-10-01,2,22,10,0,0,None,30.8,0.0,15000,5233
1,2025-10-01,2,22,10,0,0,None,32.1,0.6,15000,4947
1,2025-10-01,2,23,10,0,0,None,26.8,0.0,15000,2650
1,2025-10-02,3,0,10,0,0,None,33.2,0.0,15000,807
1,2025-10-02,3,1,10,0,1,Major,23.6,1.6,15000,1284
1,2025-10-02,3,1,10,0,0,None,18.3,0.5,15000,646
1,2025-10-02,3,2,10,0,0,None,27.9,0.0,15000,544
1,2025-10-02,3,3,10,0,1,Major,23.8,0.0,15000,1197
1,2025-10-02,3,3,10,0,0,None,26.0,1.4,15000,575
1,2025-10-02,3,4,10,0,0,None,27.5,1.1,15000,931
1,2025-10-02,3,5,10,0,0,None,32.3,0.6,15000,1564
1,2025-10-02,3,6,10,0,0,None,27.8,0.0,15000,2376
1,2025-10-02,3,6,10,0,0,None,28.2,3.1,15000,2277
1,2025-10-02,3,7,10,0,0,None,24.0,0.4,15000,3635
1,2025-10-02,3,8,10,0,0,None,28.0,0.1,15000,5644
1,2025-10-02,3,9,10,0,1,Minor,27.7,1.3,15000,10488
1,2025-10-02,3,9,10,0,0,None,30.3,0.3,15000,7243
1,2025-10-02,3,10,10,0,0,None,36.8,1.4,15000,7802
1,2025-10-02,3,11,10,0,1,Major,28.2,3.1,15000,14527
1,2025-10-02,3,12,10,0,0,None,20.3,0.9,15000,5815
1,2025-10-02,3,12,10,0,0,None,19.6,1.3,15000,5496
1,2025-10-02,3,13,10,0,0,None,27.5,0.6,15000,4369
1,2025-10-02,3,14,10,0,0,None,21.6,0.0,15000,4106
1,2025-10-02,3,14,10,0,1,Minor,25.6,0.0,15000,6155
1,2025-10-02,3,15,10,0,0,None,33.6,0.0,15000,5153
1,2025-10-02,3,16,10,0,0,None,35.0,1.2,15000,5764
1,2025-10-02,3,17,10,0,0,None,34.0,2.7,15000,8082
1,2025-10-02,3,17,10,0,0,None,38.4,0.5,15000,6723
1,2025-10-02,3,18,10,0,0,None,24.6,0.0,15000,10167
1,2025-10-02,3,19,10,0,0,None,27.6,0.0,15000,10990
1,2025-10-02,3,20,10,0,0,None,24.9,0.7,15000,9937
1,2025-10-02,3,20,10,0,0,None,19.9,0.6,15000,10226
1,2025-10-02,3,21,10,0,0,None,25.7,0.3,15000,8121
1,2025-10-02,3,22,10,0,0,None,23.6,1.0,15000,5326
1,2025-10-02,3,22,10,0,1,Minor,27.5,0.3,15000,7074
1,2025-10-02,3,23,10,0,0,None,21.0,0.0,15000,3028
1,2025-10-03,4,0,10,0,0,None,18.0,0.0,15000,987
1,2025-10-03,4,1,10,0,0,None,28.2,1.5,15000,808
1,2025-10-03,4,1,10,0,0,None,24.0,2.7,15000,978
1,2025-10-03,4,2,10,0,0,None,33.4,0.1,15000,1026
1,2025-10-03,4,3,10,0,0,None,27.9,0.0,15000,483
1,2025-10-03,4,4,10,0,0,None,27.6,0.0,15000,913
1,2025-10-03,4,4,10,0,0,None,28.8,0.5,15000,476
1,2025-10-03,4,5,10,0,0,None,25.8,0.0,15000,1262
1,2025-10-03,4,6,10,0,0,None,27.7,0.9,15000,2618
1,2025-10-03,4,6,10,0,0,None,27.4,2.2,15000,2099
1,2025-10-03,4,7,10,0,1,Minor,23.7,0.3,15000,5743
1,2025-10-03,4,8,10,0,0,None,23.9,0.0,15000,5794
1,2025-10-03,4,9,10,0,0,None,18.3,0.0,15000,6814
1,2025-10-03,4,9,10,0,0,None,31.3,0.4,15000,6964
1,2025-10-03,4,10,10,0,0,None,30.9,1.5,15000,7710
1,2025-10-03,4,11,10,0,0,None,25.3,0.0,15000,7064
1,2025-10-03,4,12,10,0,1,Major,25.1,4.8,15000,10028
1,2025-10-03,4,12,10,0,0,None,22.1,1.7,15000,6017
1,2025-10-03,4,13,10,0,0,None,32.4,0.8,15000,5036
1,2025-10-03,4,14,10,0,0,None,24.5,0.7,15000,4154
1,2025-10-03,4,15,10,0,0,None,23.3,0.3,15000,4957
1,2025-10-03,4,15,10,0,0,None,32.3,1.3,15000,4902
1,2025-10-03,4,16,10,0,0,None,22.3,0.3,15000,6031
1,2025-10-03,4,17,10,0,0,None,20.4,3.1,15000,8071
1,2025-10-03,4,17,10,0,0,None,32.1,1.8,15000,8260
1,2025-10-03,4,18,10,0,0,None,29.4,0.2,15000,10182
1,2025-10-03,4,19,10,0,0,None,24.8,0.0,15000,11181
1,2025-10-03,4,20,10,0,0,None,23.8,1.4,15000,10243
1,2025-10-03,4,20,10,0,0,None,25.6,0.6,15000,10167
1,2025-10-03,4,21,10,0,0,None,30.1,1.9,15000,7886
1,2025-10-03,4,22,10,0,0,None,32.3,1.4,15000,5210
1,2025-10-03,4,23,10,0,0,None,20.3,0.5,15000,3093
1,2025-10-03,4,23,10,0,0,None,27.8,1.3,15000,2802
1,2025-10-04,5,0,10,1,0,None,32.1,1.4,15000,1110
1,2025-10-04,5,1,10,1,0,None,28.1,0.5,15000,659
1,2025-10-04,5,1,10,1,0,None,21.5,0.0,15000,1031
1,2025-10-04,5,2,10,1,0,None,37.4,0.6,15000,521
1,2025-10-04,5,3,10,1,1,Minor,26.2,0.1,15000,920
1,2025-10-04,5,4,10,1,0,None,28.5,1.9,15000,1001
1,2025-10-04,5,4,10,1,0,None,37.3,0.0,15000,867
1,2025-10-04,5,5,10,1,0,None,31.4,3.7,15000,1696
1,2025-10-04,5,6,10,1,0,None,27.8,0.7,15000,2933
1,2025-10-04,5,7,10,1,0,None,26.8,2.7,15000,4956
1,2025-10-04,5,7,10,1,0,None,28.5,0.0,15000,5025
1,2025-10-04,5,8,10,1,0,None,22.8,0.0,15000,7611
1,2025-10-04,5,9,10,1,0,None,30.4,1.3,15000,9207
1,2025-10-04,5,10,10,1,0,None,23.2,1.5,15000,10258
1,2025-10-04,5,10,10,1,0,None,22.0,0.9,15000,9994
1,2025-10-04,5,11,10,1,1,Minor,26.7,0.0,15000,13495
1,2025-10-04,5,12,10,1,1,Minor,24.6,0.2,15000,10344
1,2025-10-04,5,12,10,1,0,None,25.4,0.0,15000,7585
1,2025-10-04,5,13,10,1,0,None,17.9,0.8,15000,6144
1,2025-10-04,5,14,10,1,0,None,25.9,0.0,15000,5117
1,2025-10-04,5,15,10,1,0,None,33.5,0.0,15000,6074
1,2025-10-04,5,15,10,1,1,Minor,35.5,0.0,15000,9014
1,2025-10-04,5,16,10,1,1,Minor,28.5,1.1,15000,11384
1,2025-10-04,5,17,10,1,0,None,32.0,6.9,15000,9353
1,2025-10-04,5,18,10,1,0,None,26.2,2.3,15000,13009
1,2025-10-04,5,18,10,1,1,Minor,28.6,1.7,15000,15000
1,2025-10-04,5,19,10,1,0,None,18.6,0.0,15000,14329
1,2025-10-04,5,20,10,1,1,Major,27.6,0.0,15000,15000
1,2025-10-04,5,20,10,1,0,None,30.5,0.0,15000,13150
1,2025-10-04,5,21,10,1,0,None,28.6,0.5,15000,10631
1,2025-10-04,5,22,10,1,0,None,23.1,0.2,15000,6753
1,2025-10-04,5,23,10,1,1,Minor,33.8,0.0,15000,5060
1,2025-10-04,5,23,10,1,0,None,22.9,1.3,15000,3472
1,2025-10-05,6,0,10,1,0,None,28.5,0.4,15000,1338
1,2025-10-05,6,1,10,1,0,None,23.5,3.8,15000,1201
1,2025-10-05,6,2,10,1,0,None,25.7,0.2,15000,837
1,2025-10-05,6,2,10,1,0,None,31.6,0.0,15000,891
1,2025-10-05,6,3,10,1,0,None,19.8,2.0,15000,1088
1,2025-10-05,6,4,10,1,0,None,24.7,0.7,15000,1363
1,2025-10-05,6,4,10,1,1,Minor,38.6,0.4,15000,969
1,2025-10-05,6,5,10,1,0,None,30.5,0.2,15000,1626
1,2025-10-05,6,6,10,1,0,None,27.2,0.6,15000,3265
1,2025-10-05,6,7,10,1,1,Minor,21.9,0.5,15000,7277
1,2025-10-05,6,7,10,1,0,None,30.3,0.4,15000,5135
1,2025-10-05,6,8,10,1,0,None,31.6,0.0,15000,7241
1,2025-10-05,6,9,10,1,0,None,21.6,0.4,15000,9562
1,2025-10-05,6,10,10,1,0,None,23.1,1.0,15000,9968
1,2025-10-05,6,10,10,1,0,None,23.5,1.3,15000,10173
1,2025-10-05,6,11,10,1,0,None,28.4,0.7,15000,9041
1,2025-10-05,6,12,10,1,0,None,22.7,0.0,15000,7512
1,2025-10-05,6,13,10,1,0,None,25.4,0.0,15000,6114
1,2025-10-05,6,13,10,1,0,None,22.9,0.9,15000,6155
1,2025-10-05,6,14,10,1,0,None,22.7,0.5,15000,5140
1,2025-10-05,6,15,10,1,0,None,17.5,2.2,15000,6192
1,2025-10-05,6,15,10,1,1,Minor,30.1,0.0,15000,9097
1,2025-10-05,6,16,10,1,0,None,27.8,0.0,15000,8071
1,2025-10-05,6,17,10,1,0,None,20.4,0.8,15000,10192
1,2025-10-05,6,18,10,1,0,None,22.3,0.6,15000,12743
1,2025-10-05,6,18,10,1,0,None,26.8,0.8,15000,13018
1,2025-10-05,6,19,10,1,1,Minor,25.5,0.8,15000,15000
1,2025-10-05,6,20,10,1,0,None,29.5,1.1,15000,13299
1,2025-10-05,6,21,10,1,0,None,29.1,0.9,15000,10355
1,2025-10-05,6,21,10,1,0,None,17.6,0.3,15000,10086
1,2025-10-05,6,22,10,1,0,None,18.8,0.3,15000,6447
1,2025-10-05,6,23,10,1,0,None,22.0,0.0,15000,3737
1,2025-10-05,6,23,10,1,0,None,25.9,0.0,15000,3903
1,2025-10-06,0,0,10,0,1,Major,25.5,1.5,15000,1455
1,2025-10-06,0,1,10,0,0,None,33.7,5.6,15000,510
1,2025-10-06,0,2,10,0,0,None,29.2,0.1,15000,594
1,2025-10-06,0,2,10,0,1,Major,27.0,1.4,15000,1158
1,2025-10-06,0,3,10,0,0,None,31.6,0.5,15000,139
1,2025-10-06,0,4,10,0,0,None,27.6,0.0,15000,586
1,2025-10-06,0,5,10,0,0,None,29.9,2.1,15000,1159
1,2025-10-06,0,5,10,0,0,None,22.6,0.0,15000,1078
1,2025-10-06,0,6,10,0,0,None,27.2,0.2,15000,2113
1,2025-10-06,0,7,10,0,0,None,20.3,1.6,15000,3971
1,2025-10-06,0,8,10,0,0,None,25.6,1.5,15000,5668
1,2025-10-06,0,8,10,0,0,None,17.3,0.3,15000,5731
1,2025-10-06,0,9,10,0,0,None,27.8,0.0,15000,7333
1,2025-10-06,0,10,10,0,1,Minor,29.4,0.0,15000,11294
1,2025-10-06,0,10,10,0,0,None,21.7,0.9,15000,8119
1,2025-10-06,0,11,10,0,0,None,31.6,1.0,15000,7234
1,2025-10-06,0,12,10,0,0,None,30.1,1.5,15000,5863
1,2025-10-06,0,13,10,0,0,None,19.4,0.9,15000,4511
1,2025-10-06,0,13,10,0,0,None,24.7,0.8,15000,4933
1,2025-10-06,0,14,10,0,0,None,35.6,0.8,15000,4205
1,2025-10-06,0,15,10,0,0,None,21.4,2.9,15000,4664
1,2025-10-06,0,16,10,0,0,None,25.0,1.2,15000,6085
1,2025-10-06,0,16,10,0,0,None,22.0,0.7,15000,6106
1,2025-10-06,0,17,10,0,0,None,17.7,1.4,15000,8097
1,2025-10-06,0,18,10,0,0,None,23.0,3.2,15000,9857
1,2025-10-06,0,18,10,0,0,None,29.0,0.9,15000,10090
1,2025-10-06,0,19,10,0,0,None,39.3,2.8,15000,9595
1,2025-10-06,0,20,10,0,0,None,20.9,0.3,15000,10239
1,2025-10-06,0,21,10,0,0,None,24.5,0.2,15000,8044
1,2025-10-06,0,21,10,0,0,None,28.9,0.0,15000,8017
1,2025-10-06,0,22,10,0,1,Minor,16.3,0.0,15000,7770
1,2025-10-06,0,23,10,0,0,None,27.5,0.0,15000,2395
1,2025-10-07,1,0,10,0,0,None,25.2,2.1,15000,860
1,2025-10-07,1,0,10,0,0,None,33.0,0.0,15000,964
1,2025-10-07,1,1,10,0,0,None,28.1,0.5,15000,644
1,2025-10-07,1,2,10,0,1,Major,25.6,0.1,15000,818
1,2025-10-07,1,2,10,0,1,Major,27.7,1.0,15000,919
1,2025-10-07,1,3,10,0,0,None,23.3,0.0,15000,641
1,2025-10-07,1,4,10,0,0,None,23.0,3.1,15000,429
1,2025-10-07,1,5,10,0,0,None,25.3,0.6,15000,960
1,2025-10-07,1,5,10,0,0,None,26.9,0.0,15000,1429
1,2025-10-07,1,6,10,0,0,None,25.7,0.8,15000,2114
1,2025-10-07,1,7,10,0,0,None,30.7,1.9,15000,4192
1,2025-10-07,1,8,10,0,1,Minor,25.2,1.7,15000,8160
1,2025-10-07,1,8,10,0,0,None,19.2,0.9,15000,5723
1,2025-10-07,1,9,10,0,0,None,32.4,0.1,15000,6873
1,2025-10-07,1,10,10,0,0,None,16.5,0.3,15000,7861
1,2025-10-07,1,11,10,0,1,Minor,19.4,0.9,15000,10504
1,2025-10-07,1,11,10,0,0,None,27.9,1.7,15000,7301
1,2025-10-07,1,12,10,0,0,None,29.4,0.2,15000,5992
1,2025-10-07,1,13,10,0,0,None,30.6,0.9,15000,4876
1,2025-10-07,1,13,10,0,0,None,20.3,1.4,15000,4724
1,2025-10-07,1,14,10,0,0,None,32.7,0.0,15000,4064
1,2025-10-07,1,15,10,0,0,None,30.4,1.4,15000,5165
1,2025-10-07,1,16,10,0,0,None,21.9,1.3,15000,5882
1,2025-10-07,1,16,10,0,1,Minor,28.3,0.0,15000,8898
1,2025-10-07,1,17,10,0,0,None,34.0,0.0,15000,7924
1,2025-10-07,1,18,10,0,0,None,32.5,0.6,15000,9968
1,2025-10-07,1,19,10,0,1,Minor,23.1,0.6,15000,15000
1,2025-10-07,1,19,10,0,0,None,24.7,2.1,15000,10983
1,2025-10-07,1,20,10,0,0,None,32.2,1.0,15000,10575
1,2025-10-07,1,21,10,0,0,None,26.2,0.9,15000,7979
1,2025-10-07,1,21,10,0,0,None,31.4,0.0,15000,7976
1,2025-10-07,1,22,10,0,0,None,23.4,0.2,15000,5200
1,2025-10-07,1,23,10,0,0,None,26.0,0.4,15000,2393
1,2025-10-08,2,0,10,0,0,None,15.0,0.0,15000,910
1,2025-10-08,2,0,10,0,0,None,22.4,1.1,15000,1041
1,2025-10-08,2,1,10,0,0,None,23.2,0.0,15000,550
1,2025-10-08,2,2,10,0,0,None,30.1,1.4,15000,478
1,2025-10-08,2,3,10,0,1,Major,22.3,0.0,15000,1176
1,2025-10-08,2,3,10,0,0,None,38.9,0.3,15000,342
1,2025-10-08,2,4,10,0,1,Minor,30.8,0.0,15000,1218
1,2025-10-08,2,5,10,0,0,None,37.5,0.6,15000,1367
1,2025-10-08,2,5,10,0,0,None,26.5,0.6,15000,1391
1,2025-10-08,2,6,10,0,0,None,18.4,0.8,15000,2672
1,2025-10-08,2,7,10,0,0,None,20.3,0.4,15000,4029
1,2025-10-08,2,8,10,0,0,None,28.9,1.0,15000,5820
1,2025-10-08,2,8,10,0,0,None,22.1,1.6,15000,5701
1,2025-10-08,2,9,10,0,0,None,30.3,2.3,15000,7252
1,2025-10-08,2,10,10,0,0,None,37.0,0.1,15000,7207
1,2025-10-08,2,11,10,0,0,None,26.0,2.9,15000,7216
1,2025-10-08,2,11,10,0,0,None,22.9,4.0,15000,6494
1,2025-10-08,2,12,10,0,0,None,18.5,1.6,15000,5436
1,2025-10-08,2,13,10,0,0,None,29.4,0.0,15000,4911
1,2025-10-08,2,14,10,0,1,Minor,23.5,2.2,15000,6184
1,2025-10-08,2,14,10,0,1,Minor,34.7,0.9,15000,6227
1,2025-10-08,2,15,10,0,0,None,28.6,0.5,15000,4921
1,2025-10-08,2,16,10,0,0,None,30.2,2.3,15000,6176
1,2025-10-08,2,16,10,0,0,None,24.8,0.1,15000,6186
1,2025-10-08,2,17,10,0,0,None,24.5,0.0,15000,8311
1,2025-10-08,2,18,10,0,0,None,27.5,0.4,15000,9865
1,2025-10-08,2,19,10,0,1,Minor,25.9,0.0,15000,15000
1,2025-10-08,2,19,10,0,0,None,34.9,0.5,15000,11161
1,2025-10-08,2,20,10,0,0,None,25.1,0.3,15000,10131
1,2025-10-08,2,21,10,0,0,None,25.1,1.2,15000,7680
1,2025-10-08,2,22,10,0,0,None,27.8,2.3,15000,4960
1,2025-10-08,2,22,10,0,0,None,26.9,2.7,15000,5328
1,2025-10-08,2,23,10,0,0,None,34.4,0.4,15000,2661
1,2025-10-09,3,0,10,0,0,None,24.2,0.0,15000,624
1,2025-10-09,3,0,10,0,0,None,30.1,0.6,15000,880
1,2025-10-09,3,1,10,0,0,None,23.4,0.9,15000,549
1,2025-10-09,3,2,10,0,0,None,32.5,1.1,15000,157
1,2025-10-09,3,3,10,0,1,Minor,33.5,1.0,15000,645
1,2025-10-09,3,3,10,0,1,Minor,30.8,0.0,15000,597
1,2025-10-09,3,4,10,0,0,None,28.9,1.5,15000,735
1,2025-10-09,3,5,10,0,0,None,33.4,1.9,15000,1277
1,2025-10-09,3,6,10,0,0,None,34.0,0.0,15000,2348
1,2025-10-09,3,6,10,0,0,None,30.5,1.9,15000,2585
1,2025-10-09,3,7,10,0,0,None,25.7,0.0,15000,3964
1,2025-10-09,3,8,10,0,0,None,20.2,0.0,15000,5770
1,2025-10-09,3,8,10,0,0,None,30.8,0.0,15000,5993
1,2025-10-09,3,9,10,0,0,None,31.3,0.0,15000,6936
1,2025-10-09,3,10,10,0,0,None,27.9,0.5,15000,7864
1,2025-10-09,3,11,10,0,1,Minor,26.7,1.5,15000,10485
1,2025-10-09,3,11,10,0,1,Minor,31.9,0.0,15000,10760
1,2025-10-09,3,12,10,0,1,Minor,25.8,0.0,15000,8386
1,2025-10-09,3,13,10,0,0,None,26.4,0.0,15000,4460
1,2025-10-09,3,14,10,0,0,None,19.1,2.6,15000,3967
1,2025-10-09,3,14,10,0,0,None,23.1,3.3,15000,4157
1,2025-10-09,3,15,10,0,1,Minor,28.1,0.0,15000,7294
1,2025-10-09,3,16,10,0,1,Major,27.3,1.0,15000,12338
1,2025-10-09,3,17,10,0,0,None,30.8,0.7,15000,7939
1,2025-10-09,3,17,10,0,0,None,28.2,0.1,15000,8258
1,2025-10-09,3,18,10,0,0,None,25.1,0.9,15000,10003
1,2025-10-09,3,19,10,0,0,None,25.6,0.4,15000,10930
1,2025-10-09,3,19,10,0,1,Minor,27.8,0.0,15000,15000
1,2025-10-09,3,20,10,0,0,None,29.3,0.0,15000,10451
1,2025-10-09,3,21,10,0,1,Minor,25.0,0.0,15000,11580
1,2025-10-09,3,22,10,0,0,None,28.4,1.8,15000,5346
1,2025-10-09,3,22,10,0,0,None,30.0,0.0,15000,5381
1,2025-10-09,3,23,10,0,0,None,24.0,0.0,15000,3032
1,2025-10-10,4,0,10,0,0,None,25.0,0.6,15000,789
1,2025-10-10,4,1,10,0,0,None,29.5,0.1,15000,319
1,2025-10-10,4,1,10,0,0,None,26.8,1.4,15000,533
1,2025-10-10,4,2,10,0,0,None,22.2,1.4,15000,420
1,2025-10-10,4,3,10,0,0,None,24.9,0.5,15000,421
1,2025-10-10,4,3,10,0,0,None,21.9,0.4,15000,477
1,2025-10-10,4,4,10,0,0,None,20.8,1.0,15000,1214
1,2025-10-10,4,5,10,0,0,None,29.6,3.2,15000,1231
1,2025-10-10,4,6,10,0,0,None,22.1,0.3,15000,2542
1,2025-10-10,4,6,10,0,0,None,29.7,1.0,15000,2272
1,2025-10-10,4,7,10,0,0,None,36.4,0.8,15000,4266
1,2025-10-10,4,8,10,0,0,None,30.7,1.8,15000,5934
1,2025-10-10,4,9,10,0,0,None,21.8,2.6,15000,7225
1,2025-10-10,4,9,10,0,0,None,26.5,0.0,15000,7230
1,2025-10-10,4,10,10,0,0,None,30.1,0.0,15000,8034
1,2025-10-10,4,11,10,0,0,None,23.3,2.5,15000,7695
1,2025-10-10,4,12,10,0,0,None,27.3,0.8,15000,5520
1,2025-10-10,4,12,10,0,0,None,31.4,1.5,15000,5600
1,2025-10-10,4,13,10,0,1,Minor,27.2,1.5,15000,6806
1,2025-10-10,4,14,10,0,0,None,29.3,0.9,15000,4391
1,2025-10-10,4,14,10,0,1,Major,28.2,1.3,15000,8279
1,2025-10-10,4,15,10,0,0,None,35.7,0.0,15000,5087
1,2025-10-10,4,16,10,0,0,None,39.2,0.6,15000,5328
1,2025-10-10,4,17,10,0,0,None,21.8,0.2,15000,7873
1,2025-10-10,4,17,10,0,0,None,20.7,4.5,15000,7114
1,2025-10-10,4,18,10,0,0,None,28.6,1.2,15000,9878
1,2025-10-10,4,19,10,0,0,None,21.7,0.2,15000,11084
1,2025-10-10,4,20,10,0,0,None,32.7,0.3,15000,9863
1,2025-10-10,4,20,10,0,0,None,17.0,0.0,15000,10233
1,2025-10-10,4,21,10,0,0,None,30.2,1.7,15000,7753
1,2025-10-10,4,22,10,0,0,None,20.1,1.1,15000,5354
1,2025-10-10,4,22,10,0,0,None,27.0,0.5,15000,5019
1,2025-10-10,4,23,10,0,0,None,36.1,0.0,15000,2877
1,2025-10-11,5,0,10,1,0,None,26.5,0.0,15000,1295
1,2025-10-11,5,1,10,1,0,None,19.5,0.2,15000,771
1,2025-10-11,5,1,10,1,0,None,23.9,2.2,15000,796
1,2025-10-11,5,2,10,1,0,None,33.9,0.2,15000,992
1,2025-10-11,5,3,10,1,0,None,28.2,0.0,15000,602
1,2025-10-11,5,4,10,1,0,None,21.3,0.2,15000,1246
1,2025-10-11,5,4,10,1,0,None,29.6,0.0,15000,856
1,2025-10-11,5,5,10,1,0,None,23.9,0.3,15000,1723
1,2025-10-11,5,6,10,1,0,None,42.0,1.4,15000,2448
1,2025-10-11,5,6,10,1,1,Minor,26.1,2.2,15000,4354
1,2025-10-11,5,7,10,1,0,None,31.8,1.6,15000,5095
1,2025-10-11,5,8,10,1,0,None,24.4,0.0,15000,7164
1,2025-10-11,5,9,10,1,0,None,35.8,0.0,15000,9424
1,2025-10-11,5,9,10,1,0,None,21.7,6.6,15000,7590
1,2025-10-11,5,10,10,1,0,None,35.1,2.1,15000,9963
1,2025-10-11,5,11,10,1,1,Minor,28.8,0.3,15000,13510
1,2025-10-11,5,12,10,1,0,None,21.3,0.2,15000,7464
1,2025-10-11,5,12,10,1,0,None,22.8,0.1,15000,7355
1,2025-10-11,5,13,10,1,0,None,37.6,1.3,15000,5283
1,2025-10-11,5,14,10,1,0,None,26.7,0.0,15000,5331
1,2025-10-11,5,15,10,1,0,None,23.5,0.0,15000,5877
1,2025-10-11,5,15,10,1,1,Minor,16.6,2.9,15000,8941
1,2025-10-11,5,16,10,1,1,Minor,20.1,1.7,15000,11550
1,2025-10-11,5,17,10,1,1,Minor,25.9,1.3,15000,14820
1,2025-10-11,5,17,10,1,0,None,34.6,1.2,15000,10342
1,2025-10-11,5,18,10,1,0,None,26.8,0.3,15000,12815
1,2025-10-11,5,19,10,1,0,None,32.4,1.8,15000,14066
1,2025-10-11,5,20,10,1,0,None,25.2,0.0,15000,12998
1,2025-10-11,5,20,10,1,0,None,23.7,0.0,15000,12861
1,2025-10-11,5,21,10,1,1,Minor,24.8,0.2,15000,14651
1,2025-10-11,5,22,10,1,0,None,32.4,0.3,15000,6803
1,2025-10-11,5,23,10,1,0,None,24.4,0.1,15000,3273
1,2025-10-11,5,23,10,1,0,None,22.5,1.4,15000,3560
1,2025-10-12,6,0,10,1,0,None,23.2,0.0,15000,1131
1,2025-10-12,6,1,10,1,0,None,17.7,0.5,15000,1066
1,2025-10-12,6,1,10,1,0,None,26.4,0.0,15000,793
1,2025-10-12,6,2,10,1,0,None,30.3,1.6,15000,630
1,2025-10-12,6,3,10,1,0,None,18.4,0.0,15000,668
1,2025-10-12,6,4,10,1,0,None,26.5,0.0,15000,1010
1,2025-10-12,6,4,10,1,1,Minor,36.2,1.3,15000,1519
1,2025-10-12,6,5,10,1,0,None,27.2,0.0,15000,1823
1,2025-10-12,6,6,10,1,0,None,18.7,1.0,15000,3305
1,2025-10-12,6,7,10,1,0,None,30.2,0.5,15000,5291
1,2025-10-12,6,7,10,1,0,None,17.9,2.9,15000,4997
1,2025-10-12,6,8,10,1,0,None,28.6,1.1,15000,7258
1,2025-10-12,6,9,10,1,0,None,35.8,0.5,15000,9099
1,2025-10-12,6,10,10,1,1,Minor,21.8,1.2,15000,14541
1,2025-10-12,6,10,10,1,0,None,27.8,0.4,15000,10247
1,2025-10-12,6,11,10,1,0,None,22.7,1.3,15000,9389
1,2025-10-12,6,12,10,1,0,None,32.7,3.1,15000,7500
1,2025-10-12,6,12,10,1,0,None,29.6,0.0,15000,7436
1,2025-10-12,6,13,10,1,0,None,29.1,0.2,15000,5768
1,2025-10-12,6,14,10,1,0,None,31.1,1.4,15000,5271
1,2025-10-12,6,15,10,1,0,None,32.4,0.5,15000,5804
1,2025-10-12,6,15,10,1,0,None,23.7,0.0,15000,6136
1,2025-10-12,6,16,10,1,0,None,28.2,0.2,15000,8276
1,2025-10-12,6,17,10,1,0,None,28.5,1.2,15000,10471
1,2025-10-12,6,18,10,1,0,None,22.0,0.6,15000,12594
1,2025-10-12,6,18,10,1,0,None,24.6,0.5,15000,12921
1,2025-10-12,6,19,10,1,0,None,28.5,4.1,15000,12386
1,2025-10-12,6,20,10,1,0,None,25.0,2.9,15000,13241
1,2025-10-12,6,20,10,1,0,None,34.5,0.1,15000,13228
1,2025-10-12,6,21,10,1,0,None,33.3,0.0,15000,10117
1,2025-10-12,6,22,10,1,0,None,30.1,2.9,15000,6957
1,2025-10-12,6,23,10,1,0,None,33.2,1.1,15000,3822
1,2025-10-12,6,23,10,1,0,None,33.4,0.0,15000,3799
1,2025-10-13,0,0,10,0,1,Minor,24.9,2.2,15000,1155
1,2025-10-13,0,1,10,0,0,None,26.2,2.2,15000,602
1,2025-10-13,0,2,10,0,0,None,24.3,0.0,15000,830
1,2025-10-13,0,2,10,0,0,None,21.2,0.7,15000,776
1,2025-10-13,0,3,10,0,0,None,30.5,0.2,15000,50
1,2025-10-13,0,4,10,0,0,None,36.5,3.6,15000,702
1,2025-10-13,0,4,10,0,0,None,24.5,0.0,15000,635
1,2025-10-13,0,5,10,0,0,None,23.2,0.0,15000,1205
1,2025-10-13,0,6,10,0,0,None,23.4,0.0,15000,2351
1,2025-10-13,0,7,10,0,0,None,23.8,0.0,15000,3866
1,2025-10-13,0,7,10,0,0,None,37.4,0.7,15000,3589
1,2025-10-13,0,8,10,0,0,None,34.0,3.3,15000,5514
1,2025-10-13,0,9,10,0,0,None,24.2,1.3,15000,7003
1,2025-10-13,0,10,10,0,0,None,38.0,0.0,15000,7141
1,2025-10-13,0,10,10,0,0,None,26.5,0.8,15000,8121
1,2025-10-13,0,11,10,0,0,None,26.3,0.0,15000,7240
1,2025-10-13,0,12,10,0,0,None,23.7,0.4,15000,5675
1,2025-10-13,0,13,10,0,1,Minor,26.9,0.5,15000,6703
1,2025-10-13,0,13,10,0,0,None,33.5,0.3,15000,4946
1,2025-10-13,0,14,10,0,0,None,24.3,0.2,15000,3853
1,2025-10-13,0,15,10,0,0,None,26.2,0.4,15000,4823
1,2025-10-13,0,15,10,0,0,None,31.9,0.6,15000,4865
1,2025-10-13,0,16,10,0,0,None,18.9,0.0,15000,6127
1,2025-10-13,0,17,10,0,0,None,28.0,0.8,15000,8031
1,2025-10-13,0,18,10,0,0,None,32.2,0.1,15000,10197
1,2025-10-13,0,18,10,0,0,None,27.4,0.8,15000,10238
1,2025-10-13,0,19,10,0,0,None,16.7,1.1,15000,11071
1,2025-10-13,0,20,10,0,0,None,29.3,0.0,15000,10171
1,2025-10-13,0,21,10,0,0,None,17.1,1.7,15000,7876
1,2025-10-13,0,21,10,0,0,None,24.6,3.0,15000,8185
1,2025-10-13,0,22,10,0,0,None,30.7,0.0,15000,5179
1,2025-10-13,0,23,10,0,1,Minor,26.5,0.4,15000,4267
1,2025-10-13,0,23,10,0,0,None,17.8,0.0,15000,2426
1,2025-10-14,1,0,10,0,0,None,37.4,0.5,15000,728
1,2025-10-14,1,1,10,0,0,None,21.0,0.6,15000,342
1,2025-10-14,1,2,10,0,0,None,35.0,0.2,15000,385
1,2025-10-14,1,2,10,0,0,None,21.7,0.4,15000,613
1,2025-10-14,1,3,10,0,0,None,31.1,1.3,15000,605
1,2025-10-14,1,4,10,0,1,Minor,28.6,0.0,15000,971
1,2025-10-14,1,5,10,0,0,None,28.8,0.2,15000,1567
1,2025-10-14,1,5,10,0,0,None,29.2,1.0,15000,1193
1,2025-10-14,1,6,10,0,0,None,31.4,0.5,15000,2302
1,2025-10-14,1,7,10,0,1,Minor,27.4,0.7,15000,5765
1,2025-10-14,1,7,10,0,0,None,37.5,0.0,15000,3571
1,2025-10-14,1,8,10,0,0,None,22.3,1.2,15000,5534
1,2025-10-14,1,9,10,0,0,None,27.6,0.2,15000,7424
1,2025-10-14,1,10,10,0,0,None,17.0,0.3,15000,7946
1,2025-10-14,1,10,10,0,0,None,33.8,1.1,15000,8044
1,2025-10-14,1,11,10,0,0,None,36.0,1.0,15000,7223
1,2025-10-14,1,12,10,0,0,None,21.9,0.0,15000,5681
1,2025-10-14,1,13,10,0,0,None,22.5,0.1,15000,5095
1,2025-10-14,1,13,10,0,1,Minor,28.1,0.1,15000,6935
1,2025-10-14,1,14,10,0,1,Minor,22.0,1.5,15000,5961
1,2025-10-14,1,15,10,0,0,None,32.1,0.0,15000,4839
1,2025-10-14,1,16,10,0,0,None,25.2,0.2,15000,6191
1,2025-10-14,1,16,10,0,0,None,25.3,0.7,15000,5752
1,2025-10-14,1,17,10,0,0,None,20.5,2.2,15000,8159
1,2025-10-14,1,18,10,0,0,None,32.1,0.5,15000,9925
1,2025-10-14,1,18,10,0,0,None,34.8,0.0,15000,10188
1,2025-10-14,1,19,10,0,0,None,32.8,0.0,15000,10736
1,2025-10-14,1,20,10,0,1,Major,31.7,0.2,15000,15000
1,2025-10-14,1,21,10,0,0,None,35.2,0.4,15000,7883
1,2025-10-14,1,21,10,0,1,Minor,24.1,0.5,15000,11387
1,2025-10-14,1,22,10,0,1,Major,30.8,0.1,15000,10064
1,2025-10-14,1,23,10,0,0,None,28.3,3.6,15000,2739
1,2025-10-15,2,0,10,0,0,None,23.0,1.2,15000,1084
1,2025-10-15,2,0,10,0,0,None,30.3,0.9,15000,745
1,2025-10-15,2,1,10,0,0,None,21.3,2.6,15000,636
1,2025-10-15,2,2,10,0,0,None,30.5,0.0,15000,633
1,2025-10-15,2,2,10,0,0,None,30.6,0.0,15000,211
1,2025-10-15,2,3,10,0,0,None,22.6,0.0,15000,616
1,2025-10-15,2,4,10,0,1,Minor,23.3,0.0,15000,1324
1,2025-10-15,2,5,10,0,0,None,25.9,1.2,15000,1121
1,2025-10-15,2,5,10,0,0,None,21.0,0.0,15000,1353
1,2025-10-15,2,6,10,0,0,None,22.0,0.0,15000,2094
1,2025-10-15,2,7,10,0,0,None,23.4,0.7,15000,4331
1,2025-10-15,2,8,10,0,0,None,16.2,0.2,15000,5626
1,2025-10-15,2,8,10,0,0,None,24.3,2.3,15000,5592
1,2025-10-15,2,9,10,0,0,None,26.4,0.2,15000,7208
1,2025-10-15,2,10,10,0,0,None,31.5,0.6,15000,8374
1,2025-10-15,2,10,10,0,0,None,30.6,3.4,15000,8127
1,2025-10-15,2,11,10,0,0,None,24.6,0.0,15000,7245
1,2025-10-15,2,12,10,0,1,Minor,26.0,0.0,15000,8174
1,2025-10-15,2,13,10,0,0,None,27.3,0.0,15000,4481
1,2025-10-15,2,13,10,0,0,None,24.3,2.5,15000,4966
1,2025-10-15,2,14,10,0,0,None,28.0,0.1,15000,4420
1,2025-10-15,2,15,10,0,1,Minor,28.1,0.7,15000,6982
1,2025-10-15,2,16,10,0,0,None,22.1,0.0,15000,6158
1,2025-10-15,2,16,10,0,0,None,16.3,3.2,15000,6043
1,2025-10-15,2,17,10,0,0,None,20.8,0.6,15000,7979
1,2025-10-15,2,18,10,0,0,None,29.6,2.0,15000,10240
1,2025-10-15,2,19,10,0,0,None,30.0,0.0,15000,10830
1,2025-10-15,2,19,10,0,1,Minor,28.0,0.0,15000,15000
1,2025-10-15,2,20,10,0,0,None,28.8,0.4,15000,10133
1,2025-10-15,2,21,10,0,0,None,31.2,0.5,15000,8069
1,2025-10-15,2,21,10,0,0,None,30.4,0.0,15000,7944
1,2025-10-15,2,22,10,0,0,None,31.3,0.9,15000,4916
1,2025-10-15,2,23,10,0,0,None,25.3,0.0,15000,2961
1,2025-10-16,3,0,10,0,0,None,22.3,0.3,15000,542
1,2025-10-16,3,0,10,0,0,None,31.6,2.6,15000,926
1,2025-10-16,3,1,10,0,0,None,26.5,2.6,15000,600
1,2025-10-16,3,2,10,0,0,None,22.3,0.0,15000,716
1,2025-10-16,3,3,10,0,0,None,27.9,0.7,15000,761
1,2025-10-16,3,3,10,0,0,None,30.1,1.3,15000,557
1,2025-10-16,3,4,10,0,0,None,24.8,0.0,15000,585
1,2025-10-16,3,5,10,0,0,None,20.8,0.0,15000,1685
1,2025-10-16,3,5,10,0,0,None,32.6,0.0,15000,1276
1,2025-10-16,3,6,10,0,0,None,29.6,0.9,15000,2248
1,2025-10-16,3,7,10,0,0,None,23.5,2.0,15000,3901
1,2025-10-16,3,8,10,0,0,None,26.6,0.0,15000,5435
1,2025-10-16,3,8,10,0,0,None,19.6,0.3,15000,5582
1,2025-10-16,3,9,10,0,0,None,28.0,6.4,15000,6373
1,2025-10-16,3,10,10,0,0,None,29.5,0.1,15000,8092
1,2025-10-16,3,11,10,0,0,None,20.1,0.0,15000,7267
1,2025-10-16,3,11,10,0,0,None,28.3,0.4,15000,7588
1,2025-10-16,3,12,10,0,0,None,32.2,1.9,15000,5684
1,2025-10-16,3,13,10,0,0,None,25.5,0.0,15000,4538
1,2025-10-16,3,14,10,0,0,None,24.2,2.1,15000,4259
1,2025-10-16,3,14,10,0,0,None,28.2,1.8,15000,4039
1,2025-10-16,3,15,10,0,0,None,22.0,0.0,15000,4953
1,2025-10-16,3,16,10,0,0,None,28.7,0.5,15000,6033
1,2025-10-16,3,16,10,0,0,None,30.2,2.0,15000,6144
1,2025-10-16,3,17,10,0,0,None,22.5,7.0,15000,7124
1,2025-10-16,3,18,10,0,0,None,18.4,0.5,15000,10030
1,2025-10-16,3,19,10,0,0,None,23.5,0.9,15000,10973
1,2025-10-16,3,19,10,0,0,None,28.8,1.3,15000,10876
1,2025-10-16,3,20,10,0,0,None,22.3,0.1,15000,10029
1,2025-10-16,3,21,10,0,0,None,34.5,0.0,15000,7819
1,2025-10-16,3,22,10,0,0,None,24.9,2.3,15000,5206
1,2025-10-16,3,22,10,0,0,None,31.1,2.2,15000,5228
1,2025-10-16,3,23,10,0,0,None,23.1,1.3,15000,2596
1,2025-10-17,4,0,10,0,0,None,25.0,0.0,15000,1089
1,2025-10-17,4,0,10,0,0,None,27.9,4.1,15000,764
1,2025-10-17,4,1,10,0,0,None,25.1,1.7,15000,744
1,2025-10-17,4,2,10,0,0,None,28.2,0.3,15000,732
1,2025-10-17,4,3,10,0,1,Minor,17.5,0.4,15000,1038
1,2025-10-17,4,3,10,0,0,None,28.9,0.9,15000,570
1,2025-10-17,4,4,10,0,0,None,25.6,0.0,15000,401
1,2025-10-17,4,5,10,0,0,None,27.6,0.8,15000,1340
1,2025-10-17,4,6,10,0,0,None,36.6,1.6,15000,2235
1,2025-10-17,4,6,10,0,0,None,24.4,0.0,15000,2471
1,2025-10-17,4,7,10,0,0,None,33.4,0.0,15000,4002
1,2025-10-17,4,8,10,0,1,Major,26.1,0.5,15000,11219
1,2025-10-17,4,8,10,0,0,None,27.4,0.0,15000,5567
1,2025-10-17,4,9,10,0,0,None,16.0,1.7,15000,7022
1,2025-10-17,4,10,10,0,0,None,27.7,0.6,15000,7889
1,2025-10-17,4,11,10,0,0,None,28.2,0.0,15000,7183
1,2025-10-17,4,11,10,0,0,None,27.3,0.8,15000,7095
1,2025-10-17,4,12,10,0,0,None,23.1,0.6,15000,5903
1,2025-10-17,4,13,10,0,0,None,36.4,1.1,15000,5040
1,2025-10-17,4,14,10,0,1,Minor,23.9,0.0,15000,6138
1,2025-10-17,4,14,10,0,0,None,24.6,0.5,15000,4194
1,2025-10-17,4,15,10,0,0,None,27.4,0.0,15000,4807
1,2025-10-17,4,16,10,0,0,None,25.9,2.3,15000,5808
1,2025-10-17,4,17,10,0,0,None,24.3,0.0,15000,8221
1,2025-10-17,4,17,10,0,0,None,31.1,0.1,15000,8107
1,2025-10-17,4,18,10,0,0,None,34.2,0.0,15000,10032
1,2025-10-17,4,19,10,0,0,None,33.1,0.5,15000,11025
1,2025-10-17,4,19,10,0,0,None,15.0,0.0,15000,11228
1,2025-10-17,4,20,10,0,0,None,25.7,0.0,15000,10174
1,2025-10-17,4,21,10,0,1,Major,20.8,0.0,15000,15000
1,2025-10-17,4,22,10,0,0,None,42.0,0.1,15000,4342
1,2025-10-17,4,22,10,0,0,None,33.3,0.0,15000,5119
1,2025-10-17,4,23,10,0,0,None,31.1,0.2,15000,2580
1,2025-10-18,5,0,10,1,0,None,33.7,0.3,15000,1230
1,2025-10-18,5,1,10,1,0,None,25.4,1.3,15000,1041
1,2025-10-18,5,1,10,1,0,None,27.6,0.3,15000,1160
1,2025-10-18,5,2,10,1,1,Minor,23.7,0.0,15000,1198
1,2025-10-18,5,3,10,1,0,None,30.5,1.1,15000,435
1,2025-10-18,5,3,10,1,0,None,20.7,1.0,15000,637
1,2025-10-18,5,4,10,1,0,None,28.8,0.1,15000,1128
1,2025-10-18,5,5,10,1,0,None,28.7,0.2,15000,1863
1,2025-10-18,5,6,10,1,0,None,25.9,2.0,15000,3245
1,2025-10-18,5,6,10,1,0,None,27.5,0.4,15000,3030
1,2025-10-18,5,7,10,1,0,None,20.8,1.2,15000,4739
1,2025-10-18,5,8,10,1,0,None,25.8,0.4,15000,7353
1,2025-10-18,5,9,10,1,0,None,23.6,0.4,15000,9071
1,2025-10-18,5,9,10,1,0,None,15.0,0.9,15000,9088
1,2025-10-18,5,10,10,1,0,None,21.9,0.6,15000,10003
1,2025-10-18,5,11,10,1,0,None,30.1,0.0,15000,9268
1,2025-10-18,5,12,10,1,0,None,28.7,1.2,15000,7026
1,2025-10-18,5,12,10,1,0,None,32.8,1.4,15000,7330
1,2025-10-18,5,13,10,1,0,None,30.9,4.0,15000,5119
1,2025-10-18,5,14,10,1,0,None,29.4,0.0,15000,5286
1,2025-10-18,5,14,10,1,0,None,37.1,0.0,15000,4595
1,2025-10-18,5,15,10,1,0,None,27.5,0.0,15000,6000
1,2025-10-18,5,16,10,1,0,None,27.4,0.2,15000,7873
1,2025-10-18,5,17,10,1,0,None,32.3,0.3,15000,10445
1,2025-10-18,5,17,10,1,0,None,25.4,1.5,15000,10404
1,2025-10-18,5,18,10,1,0,None,18.7,1.4,15000,12851
1,2025-10-18,5,19,10,1,0,None,31.5,0.0,15000,14101
1,2025-10-18,5,20,10,1,0,None,19.5,0.0,15000,13153
1,2025-10-18,5,20,10,1,0,None,28.9,0.8,15000,13177
1,2025-10-18,5,21,10,1,1,Minor,26.6,0.7,15000,14733
1,2025-10-18,5,22,10,1,0,None,28.8,0.0,15000,6458
1,2025-10-18,5,22,10,1,1,Minor,23.3,0.3,15000,9682
1,2025-10-18,5,23,10,1,0,None,23.2,1.3,15000,3494
1,2025-10-19,6,0,10,1,1,Minor,29.3,0.2,15000,1807
1,2025-10-19,6,1,10,1,0,None,24.0,0.0,15000,703
1,2025-10-19,6,1,10,1,0,None,29.3,0.0,15000,1029
1,2025-10-19,6,2,10,1,0,None,19.4,0.2,15000,705
1,2025-10-19,6,3,10,1,0,None,34.4,1.5,15000,549
1,2025-10-19,6,4,10,1,0,None,29.5,0.0,15000,966
1,2025-10-19,6,4,10,1,0,None,26.6,0.2,15000,947
1,2025-10-19,6,5,10,1,1,Minor,28.3,0.0,15000,2642
1,2025-10-19,6,6,10,1,0,None,22.9,2.3,15000,2963
1,2025-10-19,6,6,10,1,0,None,28.1,0.0,15000,3146
1,2025-10-19,6,7,10,1,1,Major,25.9,0.0,15000,10300
1,2025-10-19,6,8,10,1,0,None,23.7,0.0,15000,7191
1,2025-10-19,6,9,10,1,0,None,27.5,0.1,15000,8999
1,2025-10-19,6,9,10,1,1,Major,38.8,0.0,15000,15000
1,2025-10-19,6,10,10,1,0,None,33.7,0.6,15000,10011
1,2025-10-19,6,11,10,1,0,None,20.3,1.7,15000,9328
1,2025-10-19,6,12,10,1,0,None,25.8,0.9,15000,7788
1,2025-10-19,6,12,10,1,0,None,36.7,0.1,15000,7382
1,2025-10-19,6,13,10,1,0,None,25.7,0.0,15000,6037
1,2025-10-19,6,14,10,1,0,None,17.1,1.3,15000,4961
1,2025-10-19,6,15,10,1,0,None,19.2,1.9,15000,6156
1,2025-10-19,6,15,10,1,1,Minor,26.9,0.0,15000,9050
1,2025-10-19,6,16,10,1,0,None,30.2,0.0,15000,7533
1,2025-10-19,6,17,10,1,0,None,28.2,0.0,15000,10628
1,2025-10-19,6,17,10,1,1,Minor,24.9,0.0,15000,15000
1,2025-10-19,6,18,10,1,0,None,26.6,3.6,15000,13056
1,2025-10-19,6,19,10,1,0,None,23.8,0.0,15000,14222
1,2025-10-19,6,20,10,1,0,None,28.9,0.0,15000,13312
1,2025-10-19,6,20,10,1,0,None,30.2,2.4,15000,13092
1,2025-10-19,6,21,10,1,0,None,30.4,0.4,15000,9845
1,2025-10-19,6,22,10,1,1,Minor,29.3,3.2,15000,9572
1,2025-10-19,6,23,10,1,0,None,20.8,1.2,15000,3629
1,2025-10-19,6,23,10,1,1,Minor,32.3,4.5,15000,4429
1,2025-10-20,0,0,10,0,0,None,22.7,0.5,15000,1039
1,2025-10-20,0,1,10,0,0,None,22.6,1.2,15000,658
1,2025-10-20,0,1,10,0,0,None,26.7,0.0,15000,492
1,2025-10-20,0,2,10,0,0,None,20.4,3.6,15000,686
1,2025-10-20,0,3,10,0,0,None,28.5,0.1,15000,465
1,2025-10-20,0,4,10,0,0,None,24.8,0.9,15000,837
1,2025-10-20,0,4,10,0,0,None,24.2,0.0,15000,727
1,2025-10-20,0,5,10,0,1,Minor,23.8,0.9,15000,1854
1,2025-10-20,0,6,10,0,0,None,25.7,1.4,15000,2494
1,2025-10-20,0,7,10,0,0,None,23.5,0.0,15000,4131
1,2025-10-20,0,7,10,0,0,None,28.9,1.4,15000,3938
1,2025-10-20,0,8,10,0,0,None,25.4,0.9,15000,5638
1,2025-10-20,0,9,10,0,0,None,30.8,0.0,15000,7048
1,2025-10-20,0,9,10,0,0,None,17.4,0.8,15000,7043
1,2025-10-20,0,10,10,0,0,None,33.2,0.0,15000,7723
1,2025-10-20,0,11,10,0,0,None,34.7,1.6,15000,7169
1,2025-10-20,0,12,10,0,0,None,24.2,1.6,15000,6034
1,2025-10-20,0,12,10,0,0,None,27.6,0.1,15000,5842
1,2025-10-20,0,13,10,0,0,None,22.3,0.0,15000,4657
1,2025-10-20,0,14,10,0,0,None,16.3,0.0,15000,4065
1,2025-10-20,0,15,10,0,0,None,25.1,0.0,15000,4757
1,2025-10-20,0,15,10,0,0,None,25.8,0.3,15000,4766
1,2025-10-20,0,16,10,0,0,None,17.1,2.0,15000,6037
1,2025-10-20,0,17,10,0,0,None,27.1,0.6,15000,8180
1,2025-10-20,0,18,10,0,0,None,32.9,0.2,15000,9628
1,2025-10-20,0,18,10,0,0,None,23.9,0.0,15000,10141
1,2025-10-20,0,19,10,0,0,None,26.8,0.0,15000,10892
1,2025-10-20,0,20,10,0,0,None,31.2,1.1,15000,10216
1,2025-10-20,0,20,10,0,1,Minor,29.9,1.2,15000,14798
1,2025-10-20,0,21,10,0,0,None,16.6,0.7,15000,8137
1,2025-10-20,0,22,10,0,0,None,25.4,0.0,15000,4889
1,2025-10-20,0,23,10,0,0,None,20.0,4.7,15000,2301
1,2025-10-20,0,23,10,0,0,None,21.9,0.0,15000,2321
1,2025-10-21,1,0,10,0,0,None,24.8,1.9,15000,511
1,2025-10-21,1,1,10,0,0,None,24.8,0.1,15000,678
1,2025-10-21,1,2,10,0,0,None,27.4,0.0,15000,408
1,2025-10-21,1,2,10,0,0,None,20.4,0.0,15000,672
1,2025-10-21,1,3,10,0,1,Minor,28.3,1.9,15000,687
1,2025-10-21,1,4,10,0,0,None,18.5,0.8,15000,564
1,2025-10-21,1,4,10,0,0,None,34.8,1.1,15000,876
1,2025-10-21,1,5,10,0,1,Major,27.6,0.1,15000,2455
1,2025-10-21,1,6,10,0,0,None,21.9,0.0,15000,2550
1,2025-10-21,1,7,10,0,0,None,33.6,0.4,15000,4092
1,2025-10-21,1,7,10,0,0,None,24.7,1.1,15000,3801
1,2025-10-21,1,8,10,0,0,None,21.5,0.7,15000,5621
1,2025-10-21,1,9,10,0,0,None,21.9,1.8,15000,7135
1,2025-10-21,1,10,10,0,1,Minor,18.5,2.9,15000,11447
1,2025-10-21,1,10,10,0,0,None,36.4,0.5,15000,8053
1,2025-10-21,1,11,10,0,0,None,26.7,0.8,15000,7595
1,2025-10-21,1,12,10,0,1,Minor,28.3,0.3,15000,8101
1,2025-10-21,1,12,10,0,0,None,30.3,0.0,15000,5483
1,2025-10-21,1,13,10,0,0,None,17.3,1.7,15000,4771
1,2025-10-21,1,14,10,0,1,Minor,29.0,0.3,15000,6181
1,2025-10-21,1,15,10,0,0,None,29.0,0.4,15000,4873
1,2025-10-21,1,15,10,0,0,None,23.3,2.5,15000,4849
1,2025-10-21,1,16,10,0,0,None,30.4,5.7,15000,5454
1,2025-10-21,1,17,10,0,0,None,29.5,0.3,15000,8415
1,2025-10-21,1,18,10,0,0,None,29.3,0.2,15000,10156
1,2025-10-21,1,18,10,0,0,None,18.8,0.3,15000,10047
1,2025-10-21,1,19,10,0,0,None,36.1,0.0,15000,11000
1,2025-10-21,1,20,10,0,0,None,27.1,0.6,15000,10157
1,2025-10-21,1,21,10,0,0,None,24.7,0.0,15000,8186
1,2025-10-21,1,21,10,0,0,None,16.6,0.0,15000,7944
1,2025-10-21,1,22,10,0,1,Minor,25.1,0.4,15000,7166
1,2025-10-21,1,23,10,0,0,None,30.3,0.4,15000,2710
1,2025-10-21,1,23,10,0,0,None,27.6,0.7,15000,2651
1,2025-10-22,2,0,10,0,0,None,28.4,2.0,15000,956
1,2025-10-22,2,1,10,0,1,Minor,21.2,0.9,15000,748
1,2025-10-22,2,2,10,0,0,None,24.3,0.0,15000,787
1,2025-10-22,2,2,10,0,0,None,24.5,0.0,15000,455
1,2025-10-22,2,3,10,0,1,Major,23.4,0.0,15000,1381
1,2025-10-22,2,4,10,0,0,None,27.1,4.8,15000,842
1,2025-10-22,2,5,10,0,0,None,32.1,4.8,15000,969
1,2025-10-22,2,5,10,0,0,None,22.8,0.1,15000,1339
1,2025-10-22,2,6,10,0,1,Minor,21.5,0.2,15000,3353
1,2025-10-22,2,7,10,0,0,None,24.7,0.0,15000,3811
1,2025-10-22,2,7,10,0,0,None,20.5,3.0,15000,3833
1,2025-10-22,2,8,10,0,0,None,26.6,0.0,15000,5538
1,2025-10-22,2,9,10,0,0,None,23.7,1.1,15000,7081
1,2025-10-22,2,10,10,0,0,None,35.0,0.2,15000,7759
1,2025-10-22,2,10,10,0,0,None,32.8,0.0,15000,7541
1,2025-10-22,2,11,10,0,0,None,30.1,0.0,15000,7335
1,2025-10-22,2,12,10,0,1,Major,30.1,0.5,15000,11528
1,2025-10-22,2,13,10,0,0,None,31.1,1.7,15000,4642
1,2025-10-22,2,13,10,0,0,None,32.9,0.0,15000,4576
1,2025-10-22,2,14,10,0,0,None,17.0,0.9,15000,3850
1,2025-10-22,2,15,10,0,0,None,27.1,0.6,15000,4898
1,2025-10-22,2,16,10,0,0,None,30.4,0.0,15000,6156
1,2025-10-22,2,16,10,0,1,Minor,23.1,3.5,15000,9049
1,2025-10-22,2,17,10,0,0,None,26.3,0.9,15000,7992
1,2025-10-22,2,18,10,0,0,None,28.3,0.0,15000,9981
1,2025-10-22,2,18,10,0,0,None,40.8,0.2,15000,9219
1,2025-10-22,2,19,10,0,1,Minor,22.5,0.4,15000,15000
1,2025-10-22,2,20,10,0,0,None,21.5,2.4,15000,9918
1,2025-10-22,2,21,10,0,0,None,29.1,0.0,15000,8112
1,2025-10-22,2,21,10,0,0,None,21.6,0.0,15000,8095
1,2025-10-22,2,22,10,0,0,None,20.1,0.6,15000,5338
1,2025-10-22,2,23,10,0,0,None,22.3,0.0,15000,2738
1,2025-10-23,3,0,10,0,0,None,30.4,1.2,15000,793
1,2025-10-23,3,0,10,0,0,None,19.8,0.0,15000,1238
1,2025-10-23,3,1,10,0,0,None,19.8,2.9,15000,945
1,2025-10-23,3,2,10,0,0,None,28.9,0.1,15000,745
1,2025-10-23,3,2,10,0,0,None,29.5,0.2,15000,297
1,2025-10-23,3,3,10,0,0,None,18.5,0.0,15000,410
1,2025-10-23,3,4,10,0,0,None,16.1,0.4,15000,766
1,2025-10-23,3,5,10,0,0,None,27.2,0.4,15000,1255
1,2025-10-23,3,5,10,0,0,None,21.5,0.2,15000,1350
1,2025-10-23,3,6,10,0,0,None,22.3,1.9,15000,2401
1,2025-10-23,3,7,10,0,0,None,22.1,2.7,15000,3864
1,2025-10-23,3,8,10,0,0,None,40.0,0.2,15000,5174
1,2025-10-23,3,8,10,0,0,None,20.2,0.9,15000,6010
1,2025-10-23,3,9,10,0,0,None,29.4,4.3,15000,6028
1,2025-10-23,3,10,10,0,0,None,24.9,0.7,15000,7872
1,2025-10-23,3,10,10,0,0,None,27.9,0.5,15000,8206
1,2025-10-23,3,11,10,0,0,None,28.9,0.4,15000,7118
1,2025-10-23,3,12,10,0,0,None,24.9,3.2,15000,5581
1,2025-10-23,3,13,10,0,0,None,28.0,2.7,15000,4813
1,2025-10-23,3,13,10,0,0,None,29.4,0.6,15000,4948
1,2025-10-23,3,14,10,0,0,None,29.1,0.0,15000,3972
1,2025-10-23,3,15,10,0,0,None,33.4,1.2,15000,4795
1,2025-10-23,3,16,10,0,0,None,26.4,0.0,15000,6073
1,2025-10-23,3,16,10,0,1,Minor,22.6,0.3,15000,8784
1,2025-10-23,3,17,10,0,0,None,31.2,1.3,15000,8135
1,2025-10-23,3,18,10,0,0,None,24.8,1.1,15000,10232
1,2025-10-23,3,19,10,0,0,None,29.1,0.3,15000,10938
1,2025-10-23,3,19,10,0,1,Major,33.9,0.6,15000,15000
1,2025-10-23,3,20,10,0,0,None,15.0,4.0,15000,8922
1,2025-10-23,3,21,10,0,0,None,23.6,0.1,15000,8020
1,2025-10-23,3,21,10,0,0,None,24.5,0.7,15000,7918
1,2025-10-23,3,22,10,0,0,None,26.0,0.1,15000,5174
1,2025-10-23,3,23,10,0,0,None,34.4,1.0,15000,2750
1,2025-10-24,4,0,10,0,0,None,30.4,1.0,15000,893
1,2025-10-24,4,0,10,0,0,None,26.9,0.3,15000,682
1,2025-10-24,4,1,10,0,0,None,18.4,0.0,15000,511
1,2025-10-24,4,2,10,0,1,Minor,17.2,0.6,15000,657
1,2025-10-24,4,3,10,0,0,None,27.0,2.0,15000,446
1,2025-10-24,4,3,10,0,0,None,17.9,0.2,15000,1079
1,2025-10-24,4,4,10,0,1,Minor,26.2,1.5,15000,1083
1,2025-10-24,4,5,10,0,0,None,32.7,0.0,15000,1491
1,2025-10-24,4,5,10,0,0,None,26.1,0.6,15000,1304
1,2025-10-24,4,6,10,0,1,Minor,36.0,0.0,15000,3478
1,2025-10-24,4,7,10,0,0,None,31.4,1.9,15000,3841
1,2025-10-24,4,8,10,0,0,None,22.0,0.6,15000,5797
1,2025-10-24,4,8,10,0,0,None,31.3,0.0,15000,5487
1,2025-10-24,4,9,10,0,0,None,28.9,0.0,15000,7434
1,2025-10-24,4,10,10,0,0,None,15.0,6.1,15000,6857
1,2025-10-24,4,11,10,0,0,None,15.5,0.0,15000,7038
1,2025-10-24,4,11,10,0,0,None,24.6,1.3,15000,7414
1,2025-10-24,4,12,10,0,0,None,29.8,0.0,15000,5478
1,2025-10-24,4,13,10,0,0,None,29.2,0.1,15000,4564
1,2025-10-24,4,14,10,0,1,Minor,28.7,0.0,15000,5909
1,2025-10-24,4,14,10,0,0,None,35.5,0.4,15000,4044
1,2025-10-24,4,15,10,0,0,None,24.9,0.8,15000,4674
1,2025-10-24,4,16,10,0,0,None,29.3,0.0,15000,5988
1,2025-10-24,4,16,10,0,0,None,17.9,0.9,15000,6208
1,2025-10-24,4,17,10,0,0,None,28.1,2.7,15000,7936
1,2025-10-24,4,18,10,0,0,None,22.5,0.8,15000,9953
1,2025-10-24,4,19,10,0,0,None,29.6,1.2,15000,11362
1,2025-10-24,4,19,10,0,1,Minor,29.5,0.0,15000,15000
1,2025-10-24,4,20,10,0,0,None,34.4,4.2,15000,9127
1,2025-10-24,4,21,10,0,0,None,35.2,0.3,15000,7925
1,2025-10-24,4,22,10,0,1,Minor,28.2,0.0,15000,7333
1,2025-10-24,4,22,10,0,0,None,21.5,0.0,15000,5064
1,2025-10-24,4,23,10,0,0,None,30.7,0.6,15000,2892
1,2025-10-25,5,0,10,1,0,None,26.7,0.0,15000,1315
1,2025-10-25,5,0,10,1,0,None,24.6,0.4,15000,910
1,2025-10-25,5,1,10,1,0,None,29.6,0.1,15000,878
1,2025-10-25,5,2,10,1,0,None,28.1,0.3,15000,1009
1,2025-10-25,5,3,10,1,0,None,28.1,0.0,15000,868
1,2025-10-25,5,3,10,1,0,None,15.0,0.0,15000,736
1,2025-10-25,5,4,10,1,0,None,19.9,2.4,15000,938
1,2025-10-25,5,5,10,1,0,None,24.3,0.2,15000,1947
1,2025-10-25,5,6,10,1,0,None,34.5,0.0,15000,3388
1,2025-10-25,5,6,10,1,0,None,27.6,1.0,15000,2715
1,2025-10-25,5,7,10,1,1,Minor,28.9,2.0,15000,7269
1,2025-10-25,5,8,10,1,0,None,27.4,0.0,15000,7138
1,2025-10-25,5,8,10,1,0,None,34.0,0.0,15000,7582
1,2025-10-25,5,9,10,1,0,None,30.6,3.2,15000,9103
1,2025-10-25,5,10,10,1,0,None,22.9,0.0,15000,10289
1,2025-10-25,5,11,10,1,0,None,32.3,1.2,15000,9212
1,2025-10-25,5,11,10,1,0,None,23.1,0.9,15000,9315
1,2025-10-25,5,12,10,1,0,None,28.7,0.7,15000,7110
1,2025-10-25,5,13,10,1,0,None,31.7,0.2,15000,6012
1,2025-10-25,5,14,10,1,0,None,33.1,0.0,15000,5572
1,2025-10-25,5,14,10,1,0,None,32.7,0.6,15000,5084
1,2025-10-25,5,15,10,1,0,None,20.7,0.0,15000,6336
1,2025-10-25,5,16,10,1,0,None,30.9,0.7,15000,7685
1,2025-10-25,5,17,10,1,0,None,26.5,0.0,15000,10601
1,2025-10-25,5,17,10,1,0,None,16.8,1.9,15000,10509
1,2025-10-25,5,18,10,1,0,None,30.8,0.0,15000,12872
1,2025-10-25,5,19,10,1,0,None,29.7,0.8,15000,14070
1,2025-10-25,5,19,10,1,0,None,25.7,0.3,15000,14096
1,2025-10-25,5,20,10,1,1,Minor,31.7,0.9,15000,15000
1,2025-10-25,5,21,10,1,0,None,25.2,1.6,15000,9927
1,2025-10-25,5,22,10,1,0,None,25.8,0.2,15000,6410
1,2025-10-25,5,22,10,1,0,None,32.6,2.2,15000,6593
1,2025-10-25,5,23,10,1,0,None,22.0,0.0,15000,3693
1,2025-10-26,6,0,10,1,0,None,22.2,0.1,15000,892
1,2025-10-26,6,1,10,1,0,None,17.5,0.2,15000,534
1,2025-10-26,6,1,10,1,0,None,26.2,0.0,15000,834
1,2025-10-26,6,2,10,1,0,None,29.8,1.0,15000,724
1,2025-10-26,6,3,10,1,0,None,27.3,0.9,15000,515
1,2025-10-26,6,3,10,1,0,None,32.1,1.2,15000,754
1,2025-10-26,6,4,10,1,0,None,25.9,0.0,15000,1015
1,2025-10-26,6,5,10,1,1,Minor,30.3,1.0,15000,2243
1,2025-10-26,6,6,10,1,0,None,23.3,0.3,15000,3614
1,2025-10-26,6,6,10,1,0,None,16.6,0.2,15000,3081
1,2025-10-26,6,7,10,1,0,None,29.1,0.2,15000,5124
1,2025-10-26,6,8,10,1,0,None,30.4,0.6,15000,7428
1,2025-10-26,6,9,10,1,0,None,26.8,0.0,15000,9244
1,2025-10-26,6,9,10,1,0,None,34.6,0.0,15000,9317
1,2025-10-26,6,10,10,1,0,None,31.2,1.1,15000,10058
1,2025-10-26,6,11,10,1,0,None,25.3,0.0,15000,9482
1,2025-10-26,6,11,10,1,1,Minor,21.0,0.6,15000,13484
1,2025-10-26,6,12,10,1,0,None,31.6,0.0,15000,7335
1,2025-10-26,6,13,10,1,0,None,26.2,0.0,15000,6175
1,2025-10-26,6,14,10,1,0,None,29.1,2.2,15000,5499
1,2025-10-26,6,14,10,1,1,Minor,37.1,2.3,15000,6777
1,2025-10-26,6,15,10,1,0,None,29.9,0.0,15000,6148
1,2025-10-26,6,16,10,1,0,None,21.2,0.2,15000,7860
1,2025-10-26,6,17,10,1,0,None,19.8,1.4,15000,10238
1,2025-10-26,6,17,10,1,0,None,29.7,3.0,15000,10496
1,2025-10-26,6,18,10,1,0,None,33.4,2.4,15000,13003
1,2025-10-26,6,19,10,1,0,None,23.3,2.5,15000,14204
1,2025-10-26,6,20,10,1,0,None,29.1,0.1,15000,13009
1,2025-10-26,6,20,10,1,0,None,27.9,2.0,15000,12947
1,2025-10-26,6,21,10,1,0,None,32.9,0.1,15000,10223
1,2025-10-26,6,22,10,1,0,None,33.5,0.0,15000,6372
1,2025-10-26,6,22,10,1,0,None,27.1,0.0,15000,6471
1,2025-10-26,6,23,10,1,0,None,18.2,0.0,15000,3402
1,2025-10-27,0,0,10,0,0,None,23.6,1.4,15000,1003
1,2025-10-27,0,1,10,0,0,None,28.2,0.0,15000,818
1,2025-10-27,0,1,10,0,0,None,24.4,0.6,15000,838
1,2025-10-27,0,2,10,0,0,None,26.1,1.3,15000,415
1,2025-10-27,0,3,10,0,0,None,18.4,0.3,15000,330
1,2025-10-27,0,4,10,0,0,None,23.9,1.6,15000,798
1,2025-10-27,0,4,10,0,0,None,23.1,1.4,15000,1147
1,2025-10-27,0,5,10,0,0,None,30.1,0.0,15000,1131
1,2025-10-27,0,6,10,0,1,Minor,24.6,0.4,15000,3446
1,2025-10-27,0,6,10,0,0,None,28.5,0.2,15000,2116
1,2025-10-27,0,7,10,0,0,None,35.2,0.1,15000,4321
1,2025-10-27,0,8,10,0,0,None,29.1,0.3,15000,5947
1,2025-10-27,0,9,10,0,0,None,28.0,0.5,15000,7091
1,2025-10-27,0,9,10,0,0,None,22.0,0.4,15000,7221
1,2025-10-27,0,10,10,0,1,Minor,27.1,0.2,15000,11787
1,2025-10-27,0,11,10,0,0,None,30.6,3.1,15000,7100
1,2025-10-27,0,12,10,0,0,None,29.9,2.1,15000,5624
1,2025-10-27,0,12,10,0,0,None,22.5,0.8,15000,5611
1,2025-10-27,0,13,10,0,0,None,23.3,0.0,15000,4788
1,2025-10-27,0,14,10,0,0,None,30.5,0.1,15000,3926
1,2025-10-27,0,14,10,0,0,None,23.7,2.6,15000,4282
1,2025-10-27,0,15,10,0,0,None,30.8,0.0,15000,4881
1,2025-10-27,0,16,10,0,0,None,26.6,0.4,15000,6006
1,2025-10-27,0,17,10,0,0,None,20.6,1.3,15000,8080
1,2025-10-27,0,17,10,0,0,None,25.5,0.0,15000,8118
1,2025-10-27,0,18,10,0,0,None,28.7,0.0,15000,10061
1,2025-10-27,0,19,10,0,0,None,29.7,0.5,15000,10993
1,2025-10-27,0,20,10,0,0,None,22.6,3.9,15000,10540
1,2025-10-27,0,20,10,0,0,None,35.8,4.2,15000,8796
1,2025-10-27,0,21,10,0,0,None,22.7,0.0,15000,7504
1,2025-10-27,0,22,10,0,0,None,28.4,0.5,15000,5072
1,2025-10-27,0,23,10,0,0,None,33.4,0.3,15000,2744
1,2025-10-27,0,23,10,0,1,Minor,29.6,0.8,15000,3951
1,2025-10-28,1,0,10,0,0,None,19.4,2.4,15000,1289
1,2025-10-28,1,1,10,0,0,None,28.1,0.8,15000,502
1,2025-10-28,1,1,10,0,0,None,26.5,0.1,15000,790
1,2025-10-28,1,2,10,0,0,None,18.4,0.2,15000,546
1,2025-10-28,1,3,10,0,1,Major,25.3,0.1,15000,898
1,2025-10-28,1,4,10,0,0,None,30.8,0.0,15000,622
1,2025-10-28,1,4,10,0,0,None,32.9,0.0,15000,677
1,2025-10-28,1,5,10,0,0,None,29.9,0.0,15000,1365
1,2025-10-28,1,6,10,0,1,Minor,27.7,1.5,15000,3494
1,2025-10-28,1,7,10,0,0,None,27.4,0.0,15000,4063
1,2025-10-28,1,7,10,0,0,None,39.0,5.8,15000,3288
1,2025-10-28,1,8,10,0,0,None,24.3,0.0,15000,6089
1,2025-10-28,1,9,10,0,0,None,31.4,2.1,15000,7224
1,2025-10-28,1,9,10,0,0,None,28.7,0.1,15000,6788
1,2025-10-28,1,10,10,0,0,None,37.0,0.7,15000,7086
1,2025-10-28,1,11,10,0,0,None,22.4,0.9,15000,6998
1,2025-10-28,1,12,10,0,0,None,30.4,2.0,15000,5631
1,2025-10-28,1,12,10,0,0,None,26.4,0.0,15000,5691
1,2025-10-28,1,13,10,0,0,None,26.4,0.1,15000,4444
1,2025-10-28,1,14,10,0,0,None,32.3,3.2,15000,4085
1,2025-10-28,1,15,10,0,0,None,25.6,0.8,15000,4707
1,2025-10-28,1,15,10,0,0,None,30.9,0.0,15000,4703
1,2025-10-28,1,16,10,0,0,None,21.8,1.0,15000,6267
1,2025-10-28,1,17,10,0,0,None,25.4,0.5,15000,8197
1,2025-10-28,1,18,10,0,0,None,24.0,0.1,15000,9829
1,2025-10-28,1,18,10,0,0,None,24.9,1.6,15000,10169
1,2025-10-28,1,19,10,0,0,None,24.8,1.1,15000,11176
1,2025-10-28,1,20,10,0,0,None,24.5,0.8,15000,10304
1,2025-10-28,1,20,10,0,0,None,26.1,0.4,15000,10142
1,2025-10-28,1,21,10,0,0,None,22.4,1.6,15000,7822
1,2025-10-28,1,22,10,0,0,None,27.3,1.5,15000,4889
1,2025-10-28,1,23,10,0,1,Minor,22.0,3.9,15000,4057
1,2025-10-28,1,23,10,0,0,None,20.7,0.7,15000,2741
1,2025-10-29,2,0,10,0,0,None,30.3,0.6,15000,1102
1,2025-10-29,2,1,10,0,0,None,18.2,0.8,15000,660
1,2025-10-29,2,2,10,0,0,None,35.3,2.9,15000,783
1,2025-10-29,2,2,10,0,0,None,19.7,0.3,15000,584
1,2025-10-29,2,3,10,0,0,None,23.6,0.1,15000,432
1,2025-10-29,2,4,10,0,0,None,24.1,0.2,15000,883
1,2025-10-29,2,4,10,0,1,Major,28.5,0.2,15000,1591
1,2025-10-29,2,5,10,0,0,None,28.2,1.7,15000,1161
1,2025-10-29,2,6,10,0,0,None,22.0,0.0,15000,2208
1,2025-10-29,2,7,10,0,0,None,26.2,2.8,15000,3639
1,2025-10-29,2,7,10,0,0,None,28.3,1.1,15000,4219
1,2025-10-29,2,8,10,0,0,None,28.7,2.3,15000,5801
1,2025-10-29,2,9,10,0,0,None,23.4,2.8,15000,7065
1,2025-10-29,2,10,10,0,0,None,26.1,1.4,15000,7878
1,2025-10-29,2,10,10,0,0,None,28.3,5.7,15000,7207
1,2025-10-29,2,11,10,0,1,Minor,26.0,0.3,15000,10717
1,2025-10-29,2,12,10,0,1,Minor,26.7,0.0,15000,8058
1,2025-10-29,2,12,10,0,0,None,27.2,1.4,15000,5740
1,2025-10-29,2,13,10,0,0,None,20.6,0.0,15000,4945
1,2025-10-29,2,14,10,0,0,None,29.5,0.3,15000,4333
1,2025-10-29,2,15,10,0,1,Major,31.6,0.5,15000,9512
1,2025-10-29,2,15,10,0,0,None,31.6,3.7,15000,4553
1,2025-10-29,2,16,10,0,0,None,26.9,0.1,15000,6070
1,2025-10-29,2,17,10,0,0,None,20.7,1.4,15000,8220
1,2025-10-29,2,18,10,0,0,None,29.9,1.0,15000,9836
1,2025-10-29,2,18,10,0,0,None,26.6,0.2,15000,10082
1,2025-10-29,2,19,10,0,0,None,16.4,1.1,15000,11100
1,2025-10-29,2,20,10,0,0,None,21.5,0.2,15000,10040
1,2025-10-29,2,21,10,0,1,Minor,29.7,1.1,15000,11282
1,2025-10-29,2,21,10,0,0,None,31.6,0.5,15000,7864
1,2025-10-29,2,22,10,0,0,None,24.0,2.0,15000,5299
1,2025-10-29,2,23,10,0,0,None,26.7,2.9,15000,2762
1,2025-10-29,2,23,10,0,0,None,20.8,3.4,15000,3087
1,2025-10-30,3,0,10,0,0,None,34.6,0.0,15000,878
1,2025-10-30,3,1,10,0,0,None,24.8,1.7,15000,720
1,2025-10-30,3,2,10,0,0,None,19.3,1.5,15000,589
1,2025-10-30,3,2,10,0,0,None,15.0,0.0,15000,483
1,2025-10-30,3,3,10,0,0,None,21.1,1.5,15000,651
1,2025-10-30,3,4,10,0,0,None,23.8,3.7,15000,533
1,2025-10-30,3,5,10,0,1,Minor,31.7,0.7,15000,2514
1,2025-10-30,3,5,10,0,0,None,26.1,0.9,15000,1377
1,2025-10-30,3,6,10,0,0,None,23.0,3.4,15000,2311
1,2025-10-30,3,7,10,0,0,None,33.7,0.0,15000,4048
1,2025-10-30,3,7,10,0,0,None,29.6,0.0,15000,3831
1,2025-10-30,3,8,10,0,0,None,22.1,0.1,15000,6000
1,2025-10-30,3,9,10,0,0,None,19.1,6.3,15000,6261
1,2025-10-30,3,10,10,0,0,None,29.2,5.3,15000,6806
1,2025-10-30,3,10,10,0,0,None,17.9,0.0,15000,7852
1,2025-10-30,3,11,10,0,0,None,34.9,2.1,15000,7320
1,2025-10-30,3,12,10,0,0,None,28.6,0.6,15000,5640
1,2025-10-30,3,13,10,0,0,None,26.3,0.0,15000,4733
1,2025-10-30,3,13,10,0,0,None,27.9,0.1,15000,4499
1,2025-10-30,3,14,10,0,0,None,32.6,0.0,15000,4273
1,2025-10-30,3,15,10,0,0,None,27.4,0.0,15000,4976
1,2025-10-30,3,16,10,0,0,None,31.9,0.5,15000,6296
1,2025-10-30,3,16,10,0,0,None,31.1,0.1,15000,6052
1,2025-10-30,3,17,10,0,0,None,26.5,0.0,15000,8307
1,2025-10-30,3,18,10,0,0,None,25.5,0.5,15000,10133
1,2025-10-30,3,18,10,0,0,None,23.6,0.1,15000,9866
1,2025-10-30,3,19,10,0,0,None,28.0,0.0,15000,11237
1,2025-10-30,3,20,10,0,0,None,29.6,1.8,15000,10248
1,2025-10-30,3,21,10,0,0,None,29.6,1.3,15000,7973
1,2025-10-30,3,21,10,0,0,None,23.1,0.3,15000,7872
1,2025-10-30,3,22,10,0,0,None,20.7,0.9,15000,5229
1,2025-10-30,3,23,10,0,0,None,32.0,4.5,15000,2628
1,2025-10-31,4,0,10,0,0,None,25.3,0.8,15000,729
1,2025-10-31,4,0,10,0,0,None,29.0,0.6,15000,641
1,2025-10-31,4,1,10,0,0,None,19.3,1.0,15000,768
1,2025-10-31,4,2,10,0,0,None,16.3,2.1,15000,564
1,2025-10-31,4,2,10,0,0,None,29.2,0.0,15000,300
1,2025-10-31,4,3,10,0,0,None,35.6,0.3,15000,293
1,2025-10-31,4,4,10,0,0,None,33.5,0.2,15000,1006
1,2025-10-31,4,5,10,0,1,Major,31.5,0.0,15000,2733
1,2025-10-31,4,5,10,0,0,None,28.8,1.4,15000,1120
1,2025-10-31,4,6,10,0,0,None,22.9,1.5,15000,2344
1,2025-10-31,4,7,10,0,0,None,27.3,0.0,15000,3894
1,2025-10-31,4,8,10,0,0,None,26.0,0.0,15000,5519
1,2025-10-31,4,8,10,0,0,None,34.2,0.3,15000,5763
1,2025-10-31,4,9,10,0,1,Major,35.5,2.4,15000,14057
1,2025-10-31,4,10,10,0,1,Major,20.6,0.0,15000,15000
1,2025-10-31,4,10,10,0,0,None,24.8,0.0,15000,8122
1,2025-10-31,4,11,10,0,1,Minor,31.0,1.6,15000,10501
1,2025-10-31,4,12,10,0,0,None,22.0,0.6,15000,5551
1,2025-10-31,4,13,10,0,0,None,23.6,3.9,15000,4732
1,2025-10-31,4,13,10,0,1,Minor,29.7,0.0,15000,6683
1,2025-10-31,4,14,10,0,1,Minor,22.8,0.4,15000,5895
1,2025-10-31,4,15,10,0,0,None,38.7,0.0,15000,4163
1,2025-10-31,4,16,10,0,0,None,28.6,0.0,15000,6318
1,2025-10-31,4,16,10,0,0,None,22.8,3.8,15000,6243
1,2025-10-31,4,17,10,0,0,None,29.3,0.0,15000,7964
1,2025-10-31,4,18,10,0,1,Major,24.4,2.6,15000,15000
1,2025-10-31,4,19,10,0,0,None,25.9,0.5,15000,11181
1,2025-10-31,4,19,10,0,0,None,20.6,0.0,15000,11201
1,2025-10-31,4,20,10,0,1,Minor,26.3,1.2,15000,14772
1,2025-10-31,4,21,10,0,0,None,29.8,0.8,15000,7869
1,2025-10-31,4,21,10,0,0,None,27.4,0.5,15000,8060
1,2025-10-31,4,22,10,0,0,None,28.4,0.3,15000,5335
1,2025-10-31,4,23,10,0,1,Minor,25.1,1.2,15000,4041
1,2025-11-01,5,0,11,1,0,None,34.5,1.4,15000,853
1,2025-11-01,5,0,11,1,0,None,28.8,0.0,15000,1253
1,2025-11-01,5,1,11,1,0,None,33.9,1.1,15000,904
1,2025-11-01,5,2,11,1,0,None,29.3,0.0,15000,588
1,2025-11-01,5,3,11,1,0,None,32.9,0.6,15000,810
1,2025-11-01,5,3,11,1,0,None,23.6,0.8,15000,561
1,2025-11-01,5,4,11,1,0,None,25.7,1.0,15000,989
1,2025-11-01,5,5,11,1,0,None,26.5,0.5,15000,1681
1,2025-11-01,5,5,11,1,1,Minor,25.6,0.0,15000,2440
1,2025-11-01,5,6,11,1,0,None,31.8,0.0,15000,3200
1,2025-11-01,5,7,11,1,0,None,20.1,0.4,15000,5260
1,2025-11-01,5,8,11,1,0,None,28.6,3.0,15000,7143
1,2025-11-01,5,8,11,1,1,Minor,27.4,3.5,15000,10492
1,2025-11-01,5,9,11,1,0,None,23.6,0.1,15000,9100
1,2025-11-01,5,10,11,1,1,Minor,32.3,4.0,15000,12555
1,2025-11-01,5,11,11,1,0,None,24.3,0.0,15000,9406
1,2025-11-01,5,11,11,1,0,None,37.5,0.0,15000,8663
1,2025-11-01,5,12,11,1,0,None,25.7,0.0,15000,7118
1,2025-11-01,5,13,11,1,0,None,29.0,4.5,15000,5431
1,2025-11-01,5,13,11,1,1,Minor,31.9,0.0,15000,8850
1,2025-11-01,5,14,11,1,0,None,20.9,2.5,15000,4986
1,2025-11-01,5,15,11,1,0,None,32.8,1.0,15000,6345
1,2025-11-01,5,16,11,1,0,None,22.3,1.2,15000,7705
1,2025-11-01,5,16,11,1,0,None,36.0,1.4,15000,8064
1,2025-11-01,5,17,11,1,0,None,25.6,0.0,15000,10274
1,2025-11-01,5,18,11,1,0,None,25.5,1.4,15000,12717
1,2025-11-01,5,19,11,1,1,Minor,29.9,0.8,15000,15000
1,2025-11-01,5,19,11,1,0,None,23.8,0.6,15000,14201
1,2025-11-01,5,20,11,1,0,None,23.3,0.7,15000,12984
1,2025-11-01,5,21,11,1,0,None,26.0,0.2,15000,10320
1,2025-11-01,5,22,11,1,0,None,23.4,0.0,15000,6763
1,2025-11-01,5,22,11,1,0,None,35.9,0.4,15000,6530
1,2025-11-01,5,23,11,1,1,Minor,31.5,0.7,15000,5308
1,2025-11-02,6,0,11,1,0,None,41.1,0.0,15000,1071
1,2025-11-02,6,0,11,1,0,None,26.2,2.1,15000,1395
1,2025-11-02,6,1,11,1,0,None,30.5,1.0,15000,953
1,2025-11-02,6,2,11,1,0,None,29.4,0.6,15000,1036
1,2025-11-02,6,3,11,1,0,None,24.4,0.5,15000,869
1,2025-11-02,6,3,11,1,0,None,29.4,0.6,15000,924
1,2025-11-02,6,4,11,1,0,None,24.1,0.2,15000,780
1,2025-11-02,6,5,11,1,0,None,36.2,2.7,15000,1403
1,2025-11-02,6,6,11,1,0,None,23.7,0.2,15000,2846
1,2025-11-02,6,6,11,1,0,None,32.2,2.2,15000,2931
1,2025-11-02,6,7,11,1,0,None,28.8,0.1,15000,4901
1,2025-11-02,6,8,11,1,0,None,21.0,2.7,15000,7635
1,2025-11-02,6,8,11,1,0,None,30.4,0.0,15000,7259
1,2025-11-02,6,9,11,1,1,Minor,27.6,0.0,15000,13059
1,2025-11-02,6,10,11,1,0,None,37.5,0.0,15000,8794
1,2025-11-02,6,11,11,1,0,None,31.1,3.1,15000,9048
1,2025-11-02,6,11,11,1,0,None,28.2,0.1,15000,9382
1,2025-11-02,6,12,11,1,1,Minor,26.9,0.2,15000,10756
1,2025-11-02,6,13,11,1,0,None,25.4,0.8,15000,5935
1,2025-11-02,6,14,11,1,1,Minor,27.2,0.8,15000,7556
1,2025-11-02,6,14,11,1,0,None,21.5,0.6,15000,5225
1,2025-11-02,6,15,11,1,0,None,34.7,2.5,15000,6175
1,2025-11-02,6,16,11,1,0,None,38.2,0.1,15000,6905
1,2025-11-02,6,16,11,1,0,None,23.7,0.0,15000,8189
1,2025-11-02,6,17,11,1,1,Major,23.5,1.4,15000,15000
1,2025-11-02,6,18,11,1,0,None,21.0,1.5,15000,13048
1,2025-11-02,6,19,11,1,0,None,26.7,0.0,15000,14305
1,2025-11-02,6,19,11,1,0,None,29.6,0.6,15000,14064
1,2025-11-02,6,20,11,1,0,None,28.7,0.7,15000,13352
1,2025-11-02,6,21,11,1,0,None,27.5,1.9,15000,10100
1,2025-11-02,6,22,11,1,0,None,17.7,0.3,15000,6702
1,2025-11-02,6,22,11,1,0,None,26.7,0.6,15000,6908
1,2025-11-02,6,23,11,1,1,Minor,20.9,0.2,15000,5195
1,2025-11-03,0,0,11,0,0,None,19.5,1.9,15000,828
1,2025-11-03,0,1,11,0,0,None,34.6,0.7,15000,929
1,2025-11-03,0,1,11,0,0,None,29.3,0.2,15000,744
1,2025-11-03,0,2,11,0,0,None,31.7,0.9,15000,541
1,2025-11-03,0,3,11,0,0,None,26.2,0.2,15000,333
1,2025-11-03,0,3,11,0,0,None,27.6,2.5,15000,348
1,2025-11-03,0,4,11,0,0,None,25.2,3.0,15000,952
1,2025-11-03,0,5,11,0,0,None,28.9,0.6,15000,1184
1,2025-11-03,0,6,11,0,0,None,24.9,0.0,15000,2451
1,2025-11-03,0,6,11,0,0,None,30.1,3.1,15000,2263
1,2025-11-03,0,7,11,0,0,None,33.7,0.9,15000,3969
1,2025-11-03,0,8,11,0,0,None,22.6,0.1,15000,5599
1,2025-11-03,0,9,11,0,1,Minor,33.5,0.9,15000,10484
1,2025-11-03,0,9,11,0,0,None,32.3,1.6,15000,7224
1,2025-11-03,0,10,11,0,1,Minor,15.4,1.3,15000,11332
1,2025-11-03,0,11,11,0,0,None,33.6,0.4,15000,7086
1,2025-11-03,0,11,11,0,0,None,27.7,0.8,15000,7036
1,2025-11-03,0,12,11,0,0,None,25.1,0.4,15000,5665
1,2025-11-03,0,13,11,0,0,None,21.9,0.0,15000,4602
1,2025-11-03,0,14,11,0,1,Major,28.5,0.1,15000,8274
1,2025-11-03,0,14,11,0,1,Major,42.0,0.3,15000,7485
1,2025-11-03,0,15,11,0,1,Minor,31.0,0.2,15000,7212
1,2025-11-03,0,16,11,0,0,None,29.3,0.7,15000,6045
1,2025-11-03,0,17,11,0,1,Minor,31.0,0.3,15000,11759
1,2025-11-03,0,17,11,0,0,None,21.2,0.5,15000,8241
1,2025-11-03,0,18,11,0,0,None,29.2,0.2,15000,10156
1,2025-11-03,0,19,11,0,0,None,26.7,0.0,15000,11170
1,2025-11-03,0,20,11,0,0,None,22.3,1.5,15000,9958
1,2025-11-03,0,20,11,0,0,None,27.7,0.9,15000,10146
1,2025-11-03,0,21,11,0,0,None,23.1,0.6,15000,7885
1,2025-11-03,0,22,11,0,1,Minor,30.2,0.9,15000,7054
1,2025-11-03,0,22,11,0,0,None,25.3,0.0,15000,5468
1,2025-11-03,0,23,11,0,1,Minor,20.6,0.0,15000,3891
1,2025-11-04,1,0,11,0,0,None,33.3,0.0,15000,858
1,2025-11-04,1,1,11,0,0,None,28.3,0.9,15000,603
1,2025-11-04,1,1,11,0,0,None,33.8,0.0,15000,552
1,2025-11-04,1,2,11,0,0,None,27.5,0.8,15000,701
1,2025-11-04,1,3,11,0,0,None,23.3,0.0,15000,308
1,2025-11-04,1,4,11,0,0,None,16.9,1.6,15000,883
1,2025-11-04,1,4,11,0,0,None,21.8,0.6,15000,850
1,2025-11-04,1,5,11,0,0,None,29.0,0.8,15000,1122
1,2025-11-04,1,6,11,0,0,None,28.0,2.5,15000,2792
1,2025-11-04,1,6,11,0,0,None,30.4,3.0,15000,2951
1,2025-11-04,1,7,11,0,0,None,24.6,1.1,15000,4004
1,2025-11-04,1,8,11,0,0,None,23.0,0.3,15000,6019
1,2025-11-04,1,9,11,0,0,None,25.8,1.8,15000,6948
1,2025-11-04,1,9,11,0,1,Minor,28.2,0.2,15000,10271
1,2025-11-04,1,10,11,0,0,None,29.1,1.0,15000,7904
1,2025-11-04,1,11,11,0,1,Minor,30.5,0.0,15000,10187
1,2025-11-04,1,12,11,0,1,Major,27.2,0.8,15000,11291
1,2025-11-04,1,12,11,0,1,Minor,32.5,3.0,15000,8573
1,2025-11-04,1,13,11,0,0,None,24.1,0.0,15000,4217
1,2025-11-04,1,14,11,0,0,None,29.2,0.0,15000,4018
1,2025-11-04,1,14,11,0,0,None,28.7,0.1,15000,4026
1,2025-11-04,1,15,11,0,0,None,29.0,1.2,15000,4602
1,2025-11-04,1,16,11,0,0,None,29.7,0.2,15000,6479
1,2025-11-04,1,17,11,0,0,None,20.3,0.9,15000,8226
1,2025-11-04,1,17,11,0,0,None,18.4,0.1,15000,8127
1,2025-11-04,1,18,11,0,0,None,26.4,0.0,15000,9986
1,2025-11-04,1,19,11,0,0,None,19.9,0.8,15000,10545
1,2025-11-04,1,20,11,0,0,None,26.9,1.8,15000,10220
1,2025-11-04,1,20,11,0,0,None,16.9,0.4,15000,9909
1,2025-11-04,1,21,11,0,0,None,27.9,0.4,15000,8102
1,2025-11-04,1,22,11,0,0,None,27.7,0.0,15000,5215
1,2025-11-04,1,23,11,0,0,None,23.5,0.2,15000,2725
1,2025-11-04,1,23,11,0,0,None,20.1,0.0,15000,2840
1,2025-11-05,2,0,11,0,1,Minor,22.4,1.8,15000,1040
1,2025-11-05,2,1,11,0,0,None,26.9,0.0,15000,858
1,2025-11-05,2,1,11,0,0,None,27.7,0.0,15000,857
1,2025-11-05,2,2,11,0,1,Major,24.6,0.2,15000,1143
1,2025-11-05,2,3,11,0,1,Minor,25.7,1.2,15000,910
1,2025-11-05,2,4,11,0,1,Minor,28.9,1.8,15000,974
1,2025-11-05,2,4,11,0,0,None,36.2,1.5,15000,543
1,2025-11-05,2,5,11,0,0,None,27.5,2.2,15000,1157
1,2025-11-05,2,6,11,0,0,None,26.7,1.4,15000,2245
1,2025-11-05,2,7,11,0,0,None,26.7,0.1,15000,3995
1,2025-11-05,2,7,11,0,0,None,30.1,0.3,15000,3658
1,2025-11-05,2,8,11,0,0,None,24.4,0.4,15000,5858
1,2025-11-05,2,9,11,0,0,None,33.9,5.0,15000,6350
1,2025-11-05,2,9,11,0,0,None,19.3,7.8,15000,6728
1,2025-11-05,2,10,11,0,0,None,24.3,0.0,15000,7481
1,2025-11-05,2,11,11,0,0,None,36.4,0.3,15000,7389
1,2025-11-05,2,12,11,0,0,None,33.4,0.0,15000,5573
1,2025-11-05,2,12,11,0,1,Major,28.7,0.8,15000,11471
1,2025-11-05,2,13,11,0,0,None,24.7,0.0,15000,4925
1,2025-11-05,2,14,11,0,0,None,26.5,0.0,15000,4304
1,2025-11-05,2,15,11,0,0,None,20.4,0.0,15000,4876
1,2025-11-05,2,15,11,0,0,None,31.2,0.4,15000,4726
1,2025-11-05,2,16,11,0,0,None,26.2,0.0,15000,6148
1,2025-11-05,2,17,11,0,0,None,26.7,1.8,15000,7958
1,2025-11-05,2,18,11,0,0,None,31.3,2.0,15000,9946
1,2025-11-05,2,18,11,0,0,None,29.9,1.7,15000,10026
1,2025-11-05,2,19,11,0,0,None,22.5,0.6,15000,11055
1,2025-11-05,2,20,11,0,0,None,23.7,0.1,15000,10161
1,2025-11-05,2,20,11,0,0,None,18.9,1.5,15000,10379
1,2025-11-05,2,21,11,0,0,None,20.2,1.6,15000,8073
1,2025-11-05,2,22,11,0,0,None,26.5,0.2,15000,5190
1,2025-11-05,2,23,11,0,1,Minor,24.5,2.3,15000,3748
1,2025-11-05,2,23,11,0,0,None,32.9,0.0,15000,2604
1,2025-11-06,3,0,11,0,0,None,34.4,0.7,15000,1201
1,2025-11-06,3,1,11,0,0,None,29.7,4.0,15000,544
1,2025-11-06,3,2,11,0,0,None,20.7,0.2,15000,676
1,2025-11-06,3,2,11,0,0,None,33.0,0.8,15000,550
1,2025-11-06,3,3,11,0,0,None,26.9,0.0,15000,625
1,2025-11-06,3,4,11,0,0,None,23.5,0.0,15000,477
1,2025-11-06,3,4,11,0,1,Minor,28.3,0.6,15000,852
1,2025-11-06,3,5,11,0,0,None,26.2,1.5,15000,1800
1,2025-11-06,3,6,11,0,0,None,23.8,0.3,15000,2349
1,2025-11-06,3,7,11,0,1,Major,25.4,0.6,15000,8002
1,2025-11-06,3,7,11,0,1,Minor,24.3,1.4,15000,5753
1,2025-11-06,3,8,11,0,0,None,21.6,0.3,15000,5564
1,2025-11-06,3,9,11,0,0,None,29.6,0.0,15000,7053
1,2025-11-06,3,10,11,0,1,Major,21.9,1.0,15000,15000
1,2025-11-06,3,10,11,0,0,None,26.4,0.6,15000,8160
1,2025-11-06,3,11,11,0,0,None,28.9,0.0,15000,7080
1,2025-11-06,3,12,11,0,0,None,19.2,1.5,15000,5698
1,2025-11-06,3,12,11,0,0,None,31.0,2.2,15000,5696
1,2025-11-06,3,13,11,0,0,None,26.6,0.5,15000,4496
1,2025-11-06,3,14,11,0,0,None,23.7,1.0,15000,3855
1,2025-11-06,3,15,11,0,1,Minor,29.0,1.3,15000,7053
1,2025-11-06,3,15,11,0,0,None,26.9,3.4,15000,4682
1,2025-11-06,3,16,11,0,0,None,21.4,1.1,15000,6195
1,2025-11-06,3,17,11,0,0,None,27.8,0.5,15000,8254
1,2025-11-06,3,18,11,0,0,None,27.8,0.0,15000,10108
1,2025-11-06,3,18,11,0,0,None,27.9,0.4,15000,10190
1,2025-11-06,3,19,11,0,0,None,24.7,1.2,15000,11029
1,2025-11-06,3,20,11,0,0,None,29.4,0.0,15000,10220
1,2025-11-06,3,21,11,0,0,None,16.6,0.3,15000,7995
1,2025-11-06,3,21,11,0,0,None,23.6,1.4,15000,7747
1,2025-11-06,3,22,11,0,0,None,20.8,1.3,15000,5289
1,2025-11-06,3,23,11,0,0,None,27.0,1.3,15000,2541
1,2025-11-06,3,23,11,0,0,None,21.8,0.0,15000,2731
1,2025-11-07,4,0,11,0,0,None,21.2,0.2,15000,882
1,2025-11-07,4,1,11,0,0,None,31.3,0.0,15000,848
1,2025-11-07,4,2,11,0,0,None,30.4,0.4,15000,804
1,2025-11-07,4,2,11,0,0,None,27.4,2.4,15000,901
1,2025-11-07,4,3,11,0,0,None,35.5,0.0,15000,573
1,2025-11-07,4,4,11,0,1,Minor,24.7,0.0,15000,1047
1,2025-11-07,4,5,11,0,0,None,18.4,2.0,15000,1237
1,2025-11-07,4,5,11,0,0,None,19.9,2.5,15000,1460
1,2025-11-07,4,6,11,0,0,None,19.2,0.9,15000,2490
1,2025-11-07,4,7,11,0,0,None,24.6,0.0,15000,4097
1,2025-11-07,4,7,11,0,0,None,25.2,0.3,15000,4039
1,2025-11-07,4,8,11,0,0,None,28.9,0.1,15000,5627
1,2025-11-07,4,9,11,0,0,None,27.9,1.0,15000,7236
1,2025-11-07,4,10,11,0,0,None,30.8,0.0,15000,7574
1,2025-11-07,4,10,11,0,0,None,19.8,2.4,15000,8020
1,2025-11-07,4,11,11,0,0,None,24.3,2.5,15000,7258
1,2025-11-07,4,12,11,0,0,None,18.0,0.1,15000,6072
1,2025-11-07,4,13,11,0,0,None,21.8,2.6,15000,4767
1,2025-11-07,4,13,11,0,0,None,22.8,0.0,15000,4924
1,2025-11-07,4,14,11,0,0,None,30.9,0.0,15000,4344
1,2025-11-07,4,15,11,0,0,None,29.0,1.1,15000,4958
1,2025-11-07,4,15,11,0,0,None,24.1,0.2,15000,5052
1,2025-11-07,4,16,11,0,0,None,26.0,0.0,15000,5981
1,2025-11-07,4,17,11,0,0,None,26.0,0.4,15000,8067
1,2025-11-07,4,18,11,0,0,None,26.4,0.6,15000,9828
1,2025-11-07,4,18,11,0,0,None,30.6,0.5,15000,9864
1,2025-11-07,4,19,11,0,0,None,27.8,1.0,15000,11065
1,2025-11-07,4,20,11,0,1,Major,28.6,0.0,15000,15000
1,2025-11-07,4,21,11,0,0,None,21.9,2.7,15000,8019
1,2025-11-07,4,21,11,0,0,None,20.9,0.1,15000,7644
1,2025-11-07,4,22,11,0,1,Minor,26.8,3.0,15000,7408
1,2025-11-07,4,23,11,0,0,None,29.4,1.9,15000,2960
1,2025-11-08,5,0,11,1,0,None,29.7,2.6,15000,954
1,2025-11-08,5,0,11,1,1,Major,22.8,0.0,15000,2091
1,2025-11-08,5,1,11,1,0,None,30.0,2.0,15000,816
1,2025-11-08,5,2,11,1,0,None,28.2,0.0,15000,493
1,2025-11-08,5,2,11,1,1,Major,28.2,0.0,15000,1321
1,2025-11-08,5,3,11,1,0,None,34.6,0.4,15000,491
1,2025-11-08,5,4,11,1,0,None,20.2,0.5,15000,932
1,2025-11-08,5,5,11,1,0,None,25.2,0.0,15000,1890
1,2025-11-08,5,5,11,1,0,None,33.7,5.1,15000,1384
1,2025-11-08,5,6,11,1,0,None,36.5,0.0,15000,3063
1,2025-11-08,5,7,11,1,0,None,22.5,0.7,15000,4978
1,2025-11-08,5,8,11,1,0,None,29.5,0.0,15000,7384
1,2025-11-08,5,8,11,1,0,None,33.9,1.9,15000,7064
1,2025-11-08,5,9,11,1,0,None,24.6,1.5,15000,9596
1,2025-11-08,5,10,11,1,0,None,23.2,1.1,15000,10311
1,2025-11-08,5,10,11,1,0,None,16.0,0.1,15000,9997
1,2025-11-08,5,11,11,1,1,Major,28.7,0.0,15000,15000
1,2025-11-08,5,12,11,1,0,None,28.0,0.0,15000,7377
1,2025-11-08,5,13,11,1,0,None,31.7,0.9,15000,6026
1,2025-11-08,5,13,11,1,0,None,33.7,0.0,15000,6047
1,2025-11-08,5,14,11,1,0,None,26.3,0.0,15000,5041
1,2025-11-08,5,15,11,1,0,None,32.6,1.1,15000,5925
1,2025-11-08,5,16,11,1,1,Minor,31.1,1.0,15000,11527
1,2025-11-08,5,16,11,1,0,None,33.5,1.6,15000,7568
1,2025-11-08,5,17,11,1,0,None,34.9,0.5,15000,10328
1,2025-11-08,5,18,11,1,0,None,23.4,0.0,15000,12604
1,2025-11-08,5,18,11,1,0,None,25.6,1.0,15000,12841
1,2025-11-08,5,19,11,1,0,None,29.0,0.0,15000,13971
1,2025-11-08,5,20,11,1,0,None,23.3,1.7,15000,13394
1,2025-11-08,5,21,11,1,0,None,28.0,0.6,15000,10213
1,2025-11-08,5,21,11,1,0,None,31.1,1.7,15000,10192
1,2025-11-08,5,22,11,1,0,None,23.7,0.0,15000,6408
1,2025-11-08,5,23,11,1,0,None,29.9,0.0,15000,3603
1,2025-11-09,6,0,11,1,1,Major,28.8,2.2,15000,2248
1,2025-11-09,6,0,11,1,0,None,26.6,5.7,15000,796
1,2025-11-09,6,1,11,1,0,None,17.7,0.2,15000,1004
1,2025-11-09,6,2,11,1,0,None,34.4,0.9,15000,793
1,2025-11-09,6,3,11,1,0,None,20.7,0.0,15000,695
1,2025-11-09,6,3,11,1,0,None,22.7,0.0,15000,637
1,2025-11-09,6,4,11,1,1,Minor,21.6,1.2,15000,1441
1,2025-11-09,6,5,11,1,0,None,30.8,0.0,15000,1751
1,2025-11-09,6,5,11,1,0,None,24.6,0.1,15000,1717
1,2025-11-09,6,6,11,1,0,None,19.0,3.0,15000,3227
1,2025-11-09,6,7,11,1,0,None,29.6,1.4,15000,5126
1,2025-11-09,6,8,11,1,0,None,32.7,0.0,15000,7372
1,2025-11-09,6,8,11,1,0,None,25.0,0.0,15000,7242
1,2025-11-09,6,9,11,1,0,None,25.2,1.1,15000,9210
1,2025-11-09,6,10,11,1,0,None,22.4,0.0,15000,10002
1,2025-11-09,6,11,11,1,0,None,21.2,0.0,15000,9123
1,2025-11-09,6,11,11,1,0,None,26.1,3.0,15000,9587
1,2025-11-09,6,12,11,1,0,None,21.0,0.1,15000,7514
1,2025-11-09,6,13,11,1,0,None,23.6,0.0,15000,6226
1,2025-11-09,6,13,11,1,0,None,25.2,0.9,15000,6097
1,2025-11-09,6,14,11,1,0,None,28.4,0.0,15000,5307
1,2025-11-09,6,15,11,1,0,None,25.7,0.0,15000,6451
1,2025-11-09,6,16,11,1,0,None,27.2,0.2,15000,7818
1,2025-11-09,6,16,11,1,0,None,37.4,0.0,15000,7333
1,2025-11-09,6,17,11,1,0,None,40.7,0.0,15000,8916
1,2025-11-09,6,18,11,1,0,None,16.1,0.9,15000,12854
1,2025-11-09,6,19,11,1,0,None,34.5,0.0,15000,14071
1,2025-11-09,6,19,11,1,0,None,33.5,2.3,15000,14328
1,2025-11-09,6,20,11,1,0,None,23.5,1.2,15000,13054
1,2025-11-09,6,21,11,1,0,None,18.4,0.9,15000,9932
1,2025-11-09,6,22,11,1,1,Minor,22.4,0.5,15000,9341
1,2025-11-09,6,22,11,1,0,None,28.0,2.7,15000,6357
1,2025-11-09,6,23,11,1,1,Major,32.2,2.7,15000,7308
1,2025-11-10,0,0,11,0,0,None,33.5,0.0,15000,989
1,2025-11-10,0,0,11,0,0,None,15.0,0.0,15000,1035
1,2025-11-10,0,1,11,0,0,None,31.9,2.6,15000,488
1,2025-11-10,0,2,11,0,0,None,30.4,0.0,15000,611
1,2025-11-10,0,3,11,0,0,None,25.1,0.0,15000,611
1,2025-11-10,0,3,11,0,0,None,33.4,1.6,15000,428
1,2025-11-10,0,4,11,0,0,None,23.6,0.2,15000,827
1,2025-11-10,0,5,11,0,0,None,25.1,1.5,15000,1117
1,2025-11-10,0,6,11,0,0,None,32.0,0.0,15000,2486
1,2025-11-10,0,6,11,0,0,None,17.1,0.0,15000,2558
1,2025-11-10,0,7,11,0,0,None,30.3,0.8,15000,4000
1,2025-11-10,0,8,11,0,0,None,25.7,3.8,15000,5657
1,2025-11-10,0,8,11,0,0,None,30.1,0.1,15000,5479
1,2025-11-10,0,9,11,0,0,None,29.1,0.0,15000,7266
1,2025-11-10,0,10,11,0,0,None,31.8,0.4,15000,7791
1,2025-11-10,0,11,11,0,0,None,24.4,1.4,15000,7364
1,2025-11-10,0,11,11,0,0,None,23.3,3.9,15000,7021
1,2025-11-10,0,12,11,0,0,None,26.1,0.2,15000,6043
1,2025-11-10,0,13,11,0,0,None,27.3,0.1,15000,4405
1,2025-11-10,0,14,11,0,0,None,28.0,0.8,15000,4133
1,2025-11-10,0,14,11,0,0,None,21.7,0.0,15000,4086
1,2025-11-10,0,15,11,0,0,None,34.5,0.5,15000,4662
1,2025-11-10,0,16,11,0,0,None,35.2,0.0,15000,6158
1,2025-11-10,0,16,11,0,0,None,25.2,0.1,15000,6105
1,2025-11-10,0,17,11,0,0,None,25.8,0.0,15000,8424
1,2025-11-10,0,18,11,0,0,None,16.8,1.5,15000,9943
1,2025-11-10,0,19,11,0,0,None,25.7,0.3,15000,11113
1,2025-11-10,0,19,11,0,0,None,26.7,0.6,15000,11006
1,2025-11-10,0,20,11,0,0,None,35.5,0.4,15000,10240
1,2025-11-10,0,21,11,0,1,Minor,24.8,0.1,15000,11488
1,2025-11-10,0,22,11,0,0,None,27.5,0.0,15000,5570
1,2025-11-10,0,22,11,0,0,None,20.3,3.7,15000,5367
1,2025-11-10,0,23,11,0,0,None,29.0,0.6,15000,2584
1,2025-11-11,1,0,11,0,0,None,28.8,0.1,15000,608
1,2025-11-11,1,1,11,0,0,None,29.5,0.0,15000,786
1,2025-11-11,1,1,11,0,0,None,37.1,0.0,15000,415
1,2025-11-11,1,2,11,0,0,None,27.3,1.7,15000,527
1,2025-11-11,1,3,11,0,0,None,23.9,0.5,15000,392
1,2025-11-11,1,3,11,0,0,None,26.2,2.8,15000,569
1,2025-11-11,1,4,11,0,0,None,24.5,2.7,15000,832
1,2025-11-11,1,5,11,0,1,Major,26.8,1.5,15000,2467
1,2025-11-11,1,6,11,0,0,None,31.1,2.5,15000,2552
1,2025-11-11,1,6,11,0,0,None,26.2,0.3,15000,2016
1,2025-11-11,1,7,11,0,0,None,19.4,0.1,15000,4166
1,2025-11-11,1,8,11,0,1,Minor,35.7,1.3,15000,8479
1,2025-11-11,1,9,11,0,0,None,23.2,0.0,15000,7287
1,2025-11-11,1,9,11,0,0,None,30.2,1.1,15000,7268
1,2025-11-11,1,10,11,0,0,None,26.6,0.1,15000,7934
1,2025-11-11,1,11,11,0,0,None,19.7,0.3,15000,7690
1,2025-11-11,1,11,11,0,0,None,19.4,0.9,15000,7167
1,2025-11-11,1,12,11,0,0,None,37.8,0.5,15000,4978
1,2025-11-11,1,13,11,0,1,Minor,26.1,0.9,15000,6853
1,2025-11-11,1,14,11,0,0,None,27.6,2.3,15000,3988
1,2025-11-11,1,14,11,0,0,None,30.0,0.2,15000,4278
1,2025-11-11,1,15,11,0,0,None,26.3,0.0,15000,4920
1,2025-11-11,1,16,11,0,0,None,22.8,0.0,15000,6428
1,2025-11-11,1,17,11,0,0,None,40.9,0.0,15000,7079
1,2025-11-11,1,17,11,0,0,None,27.2,1.4,15000,7946
1,2025-11-11,1,18,11,0,0,None,30.3,0.0,15000,9928
1,2025-11-11,1,19,11,0,1,Minor,24.8,1.1,15000,15000
1,2025-11-11,1,20,11,0,1,Major,28.1,0.0,15000,15000
1,2025-11-11,1,20,11,0,1,Major,16.9,1.5,15000,15000
1,2025-11-11,1,21,11,0,0,None,19.4,0.3,15000,8070
1,2025-11-11,1,22,11,0,0,None,26.0,1.7,15000,5075
1,2025-11-11,1,22,11,0,0,None,23.1,1.4,15000,5213
1,2025-11-11,1,23,11,0,1,Minor,25.6,0.8,15000,4135
1,2025-11-12,2,0,11,0,0,None,25.9,1.1,15000,1021
1,2025-11-12,2,1,11,0,0,None,24.4,1.1,15000,698
1,2025-11-12,2,1,11,0,0,None,20.7,0.8,15000,636
1,2025-11-12,2,2,11,0,0,None,34.8,0.0,15000,335
1,2025-11-12,2,3,11,0,0,None,29.6,0.0,15000,833
1,2025-11-12,2,4,11,0,0,None,23.5,0.0,15000,706
1,2025-11-12,2,4,11,0,0,None,23.4,3.6,15000,906
1,2025-11-12,2,5,11,0,0,None,31.2,1.7,15000,1546
1,2025-11-12,2,6,11,0,0,None,35.4,0.2,15000,2181
1,2025-11-12,2,6,11,0,1,Minor,31.1,0.3,15000,3750
1,2025-11-12,2,7,11,0,0,None,32.7,1.2,15000,3806
1,2025-11-12,2,8,11,0,0,None,30.9,0.0,15000,5862
1,2025-11-12,2,9,11,0,1,Minor,25.3,4.4,15000,9163
1,2025-11-12,2,9,11,0,0,None,16.3,0.5,15000,7236
1,2025-11-12,2,10,11,0,0,None,26.4,1.6,15000,7933
1,2025-11-12,2,11,11,0,0,None,26.7,0.5,15000,7229
1,2025-11-12,2,12,11,0,0,None,21.0,1.2,15000,5621
1,2025-11-12,2,12,11,0,0,None,29.3,0.7,15000,5938
1,2025-11-12,2,13,11,0,0,None,22.8,1.0,15000,4784
1,2025-11-12,2,14,11,0,1,Minor,27.1,0.5,15000,6265
1,2025-11-12,2,14,11,0,0,None,26.4,0.3,15000,4455
1,2025-11-12,2,15,11,0,0,None,25.8,0.0,15000,4790
1,2025-11-12,2,16,11,0,0,None,23.3,0.0,15000,6285
1,2025-11-12,2,17,11,0,0,None,34.0,0.2,15000,8059
1,2025-11-12,2,17,11,0,0,None,25.7,2.9,15000,8003
1,2025-11-12,2,18,11,0,1,Major,19.7,0.5,15000,15000
1,2025-11-12,2,19,11,0,0,None,25.4,5.1,15000,9875
1,2025-11-12,2,20,11,0,0,None,23.4,0.9,15000,10183
1,2025-11-12,2,20,11,0,0,None,27.7,4.8,15000,8816
1,2025-11-12,2,21,11,0,0,None,29.9,0.0,15000,7868
1,2025-11-12,2,22,11,0,0,None,24.4,0.0,15000,5409
1,2025-11-12,2,23,11,0,1,Major,34.3,0.4,15000,5340
1,2025-11-12,2,23,11,0,0,None,30.9,3.7,15000,3079
1,2025-11-13,3,0,11,0,0,None,26.2,1.1,15000,927
1,2025-11-13,3,1,11,0,0,None,27.1,0.0,15000,805
1,2025-11-13,3,1,11,0,0,None,23.6,0.4,15000,537
1,2025-11-13,3,2,11,0,0,None,23.9,1.9,15000,390
1,2025-11-13,3,3,11,0,0,None,22.5,5.4,15000,461
1,2025-11-13,3,4,11,0,0,None,25.1,3.8,15000,833
1,2025-11-13,3,4,11,0,0,None,36.2,5.5,15000,560
1,2025-11-13,3,5,11,0,0,None,28.6,0.6,15000,1317
1,2025-11-13,3,6,11,0,1,Major,36.1,0.0,15000,4827
1,2025-11-13,3,7,11,0,0,None,29.1,3.4,15000,3780
1,2025-11-13,3,7,11,0,0,None,22.8,0.6,15000,4247
1,2025-11-13,3,8,11,0,0,None,29.9,0.9,15000,5794
1,2025-11-13,3,9,11,0,0,None,26.6,0.4,15000,7162
1,2025-11-13,3,9,11,0,0,None,26.2,1.2,15000,7250
1,2025-11-13,3,10,11,0,0,None,27.0,0.0,15000,8057
1,2025-11-13,3,11,11,0,0,None,23.0,0.0,15000,7252
1,2025-11-13,3,12,11,0,0,None,21.3,0.0,15000,5910
1,2025-11-13,3,12,11,0,0,None,29.4,0.0,15000,5464
1,2025-11-13,3,13,11,0,0,None,29.0,3.5,15000,4703
1,2025-11-13,3,14,11,0,0,None,32.4,0.4,15000,4353
1,2025-11-13,3,15,11,0,0,None,33.8,0.0,15000,4983
1,2025-11-13,3,15,11,0,0,None,26.6,0.0,15000,4884
1,2025-11-13,3,16,11,0,0,None,24.4,0.0,15000,6112
1,2025-11-13,3,17,11,0,0,None,30.2,0.0,15000,7923
1,2025-11-13,3,17,11,0,1,Minor,29.0,0.9,15000,11902
1,2025-11-13,3,18,11,0,1,Major,30.5,0.0,15000,15000
1,2025-11-13,3,19,11,0,0,None,34.8,0.8,15000,11097
1,2025-11-13,3,20,11,0,0,None,32.0,1.6,15000,10012
1,2025-11-13,3,20,11,0,1,Minor,19.4,0.6,15000,14612
1,2025-11-13,3,21,11,0,1,Minor,27.4,2.7,15000,11616
1,2025-11-13,3,22,11,0,0,None,25.4,2.0,15000,5123
1,2025-11-13,3,23,11,0,0,None,17.5,0.5,15000,2703
1,2025-11-13,3,23,11,0,0,None,25.5,0.1,15000,2603
1,2025-11-14,4,0,11,0,0,None,24.6,0.9,15000,1125
1,2025-11-14,4,1,11,0,0,None,27.8,0.5,15000,664
1,2025-11-14,4,2,11,0,0,None,24.4,1.5,15000,611
1,2025-11-14,4,2,11,0,0,None,38.6,2.3,15000,602
1,2025-11-14,4,3,11,0,0,None,25.4,3.4,15000,516
1,2025-11-14,4,4,11,0,0,None,31.5,0.0,15000,1149
1,2025-11-14,4,4,11,0,0,None,20.6,0.3,15000,757
1,2025-11-14,4,5,11,0,0,None,26.0,0.0,15000,1481
1,2025-11-14,4,6,11,0,0,None,26.9,0.0,15000,2606
1,2025-11-14,4,7,11,0,0,None,19.5,0.5,15000,4045
1,2025-11-14,4,7,11,0,0,None,31.5,0.5,15000,3666
1,2025-11-14,4,8,11,0,0,None,29.2,0.0,15000,5522
1,2025-11-14,4,9,11,0,0,None,26.1,0.8,15000,7101
1,2025-11-14,4,10,11,0,0,None,21.7,0.0,15000,7936
1,2025-11-14,4,10,11,0,0,None,25.6,0.0,15000,7828
1,2025-11-14,4,11,11,0,0,None,35.6,0.8,15000,7424
1,2025-11-14,4,12,11,0,0,None,28.8,0.1,15000,5659
1,2025-11-14,4,12,11,0,0,None,19.8,2.3,15000,5594
1,2025-11-14,4,13,11,0,0,None,23.7,2.2,15000,5015
1,2025-11-14,4,14,11,0,0,None,19.3,0.9,15000,4112
1,2025-11-14,4,15,11,0,0,None,29.4,0.1,15000,4863
1,2025-11-14,4,15,11,0,0,None,25.5,0.4,15000,4691
1,2025-11-14,4,16,11,0,0,None,29.2,2.4,15000,6121
1,2025-11-14,4,17,11,0,0,None,35.0,0.0,15000,8137
1,2025-11-14,4,18,11,0,0,None,35.8,0.3,15000,10049
1,2025-11-14,4,18,11,0,0,None,24.8,2.4,15000,9915
1,2025-11-14,4,19,11,0,0,None,16.8,6.2,15000,9671
1,2025-11-14,4,20,11,0,0,None,23.1,1.3,15000,10070
1,2025-11-14,4,20,11,0,0,None,31.3,0.0,15000,10299
1,2025-11-14,4,21,11,0,0,None,22.4,1.4,15000,8027
1,2025-11-14,4,22,11,0,0,None,25.7,0.1,15000,5241
1,2025-11-14,4,23,11,0,0,None,29.4,0.1,15000,2637
1,2025-11-14,4,23,11,0,0,None,36.5,1.4,15000,2642
1,2025-11-15,5,0,11,1,1,Major,29.4,1.6,15000,2124
1,2025-11-15,5,1,11,1,0,None,26.0,0.0,15000,820
1,2025-11-15,5,2,11,1,1,Major,31.2,0.0,15000,1442
1,2025-11-15,5,2,11,1,0,None,30.3,1.5,15000,724
1,2025-11-15,5,3,11,1,0,None,32.6,0.1,15000,794
1,2025-11-15,5,4,11,1,0,None,28.1,0.0,15000,1057
1,2025-11-15,5,5,11,1,0,None,20.4,0.8,15000,1510
1,2025-11-15,5,5,11,1,0,None,18.7,3.5,15000,1736
1,2025-11-15,5,6,11,1,0,None,27.2,1.8,15000,3279
1,2025-11-15,5,7,11,1,0,None,15.6,0.0,15000,5067
1,2025-11-15,5,7,11,1,0,None,20.9,0.0,15000,5109
1,2025-11-15,5,8,11,1,1,Major,28.7,1.4,15000,14756
1,2025-11-15,5,9,11,1,0,None,22.3,0.0,15000,8894
1,2025-11-15,5,10,11,1,0,None,29.7,0.0,15000,10019
1,2025-11-15,5,10,11,1,0,None,23.3,0.0,15000,10137
1,2025-11-15,5,11,11,1,0,None,21.1,2.1,15000,9382
1,2025-11-15,5,12,11,1,0,None,21.8,1.3,15000,7172
1,2025-11-15,5,13,11,1,0,None,25.0,0.0,15000,5882
1,2025-11-15,5,13,11,1,0,None,31.0,0.0,15000,6182
1,2025-11-15,5,14,11,1,1,Major,27.4,0.0,15000,10578
1,2025-11-15,5,15,11,1,0,None,22.6,1.3,15000,6235
1,2025-11-15,5,15,11,1,0,None,22.6,1.6,15000,6087
1,2025-11-15,5,16,11,1,0,None,20.3,0.9,15000,7884
1,2025-11-15,5,17,11,1,0,None,22.6,0.1,15000,10384
1,2025-11-15,5,18,11,1,0,None,23.2,3.3,15000,12947
1,2025-11-15,5,18,11,1,0,None,28.3,0.3,15000,12594
1,2025-11-15,5,19,11,1,0,None,31.2,1.6,15000,14016
1,2025-11-15,5,20,11,1,0,None,31.4,0.0,15000,13113
1,2025-11-15,5,21,11,1,0,None,25.3,0.0,15000,9884
1,2025-11-15,5,21,11,1,0,None,20.8,3.3,15000,10338
1,2025-11-15,5,22,11,1,0,None,22.9,6.4,15000,5968
1,2025-11-15,5,23,11,1,0,None,31.6,0.0,15000,3601
1,2025-11-16,6,0,11,1,0,None,20.3,0.0,15000,1007
1,2025-11-16,6,0,11,1,0,None,35.3,1.7,15000,1373
1,2025-11-16,6,1,11,1,0,None,22.3,0.6,15000,778
1,2025-11-16,6,2,11,1,0,None,30.9,0.3,15000,417
1,2025-11-16,6,2,11,1,0,None,30.6,0.5,15000,721
1,2025-11-16,6,3,11,1,0,None,40.6,0.1,15000,793
1,2025-11-16,6,4,11,1,0,None,18.7,0.3,15000,1092
1,2025-11-16,6,5,11,1,0,None,33.1,0.2,15000,1752
1,2025-11-16,6,5,11,1,0,None,28.5,0.0,15000,1740
1,2025-11-16,6,6,11,1,0,None,31.7,1.5,15000,3138
1,2025-11-16,6,7,11,1,0,None,26.8,1.8,15000,5125
1,2025-11-16,6,8,11,1,0,None,20.0,0.3,15000,7318
1,2025-11-16,6,8,11,1,0,None,24.6,0.0,15000,7495
1,2025-11-16,6,9,11,1,0,None,22.7,1.5,15000,9142
1,2025-11-16,6,10,11,1,0,None,23.2,2.0,15000,10187
1,2025-11-16,6,10,11,1,0,None,34.8,0.0,15000,9894
1,2025-11-16,6,11,11,1,0,None,30.0,0.0,15000,9404
1,2025-11-16,6,12,11,1,1,Major,21.6,1.4,15000,14690
1,2025-11-16,6,13,11,1,0,None,24.2,6.2,15000,5289
1,2025-11-16,6,13,11,1,0,None,25.1,0.2,15000,5903
1,2025-11-16,6,14,11,1,0,None,27.7,3.3,15000,5401
1,2025-11-16,6,15,11,1,0,None,31.1,2.0,15000,6384
1,2025-11-16,6,16,11,1,0,None,29.6,0.5,15000,7686
1,2025-11-16,6,16,11,1,0,None,24.2,0.0,15000,7886
1,2025-11-16,6,17,11,1,0,None,32.0,0.1,15000,10480
1,2025-11-16,6,18,11,1,1,Major,31.4,0.0,15000,15000
1,2025-11-16,6,18,11,1,0,None,32.8,0.0,15000,12674
1,2025-11-16,6,19,11,1,0,None,22.0,0.0,15000,14169
1,2025-11-16,6,20,11,1,0,None,31.6,3.8,15000,12855
1,2025-11-16,6,21,11,1,1,Major,26.3,0.9,15000,15000
1,2025-11-16,6,21,11,1,0,None,22.6,0.0,15000,10166
1,2025-11-16,6,22,11,1,0,None,28.9,0.3,15000,6351
1,2025-11-16,6,23,11,1,0,None,30.5,0.8,15000,3674
1,2025-11-17,0,0,11,0,0,None,27.4,1.6,15000,601
1,2025-11-17,0,0,11,0,0,None,24.6,0.5,15000,1055
1,2025-11-17,0,1,11,0,0,None,23.3,0.1,15000,870
1,2025-11-17,0,2,11,0,0,None,26.5,0.1,15000,679
1,2025-11-17,0,3,11,0,0,None,22.2,0.0,15000,832
1,2025-11-17,0,3,11,0,0,None,24.1,0.7,15000,513
1,2025-11-17,0,4,11,0,0,None,25.6,1.1,15000,391
1,2025-11-17,0,5,11,0,0,None,26.3,0.0,15000,1178
1,2025-11-17,0,5,11,0,0,None,27.6,0.0,15000,1377
1,2025-11-17,0,6,11,0,0,None,23.3,0.1,15000,2293
1,2025-11-17,0,7,11,0,1,Minor,24.0,1.6,15000,5770
1,2025-11-17,0,8,11,0,1,Minor,25.4,0.3,15000,8166
1,2025-11-17,0,8,11,0,0,None,25.2,0.0,15000,5892
1,2025-11-17,0,9,11,0,0,None,27.5,0.0,15000,7068
1,2025-11-17,0,10,11,0,0,None,33.1,0.0,15000,8000
1,2025-11-17,0,11,11,0,0,None,19.7,1.3,15000,7383
1,2025-11-17,0,11,11,0,0,None,35.3,0.7,15000,7394
1,2025-11-17,0,12,11,0,0,None,24.3,2.0,15000,5701
1,2025-11-17,0,13,11,0,0,None,19.3,0.0,15000,4842
1,2025-11-17,0,13,11,0,1,Major,26.0,0.0,15000,9348
1,2025-11-17,0,14,11,0,0,None,26.2,5.3,15000,3418
1,2025-11-17,0,15,11,0,0,None,20.2,0.0,15000,4640
1,2025-11-17,0,16,11,0,0,None,16.8,1.2,15000,6067
1,2025-11-17,0,16,11,0,0,None,22.5,0.7,15000,6340
1,2025-11-17,0,17,11,0,0,None,22.1,0.0,15000,8233
1,2025-11-17,0,18,11,0,0,None,23.2,0.5,15000,10034
1,2025-11-17,0,19,11,0,1,Minor,33.3,0.2,15000,15000
1,2025-11-17,0,19,11,0,0,None,34.1,0.0,15000,11123
1,2025-11-17,0,20,11,0,0,None,28.6,0.0,15000,10247
1,2025-11-17,0,21,11,0,0,None,26.6,0.1,15000,8081
1,2025-11-17,0,22,11,0,0,None,26.6,0.0,15000,5118
1,2025-11-17,0,22,11,0,0,None,29.8,3.3,15000,5032
1,2025-11-17,0,23,11,0,0,None,35.8,0.9,15000,2803
1,2025-11-18,1,0,11,0,0,None,26.0,0.1,15000,839
1,2025-11-18,1,0,11,0,0,None,25.4,1.2,15000,958
1,2025-11-18,1,1,11,0,0,None,27.6,1.1,15000,636
1,2025-11-18,1,2,11,0,0,None,32.7,0.6,15000,788
1,2025-11-18,1,3,11,0,0,None,21.8,0.5,15000,507
1,2025-11-18,1,3,11,0,0,None,24.8,1.0,15000,451
1,2025-11-18,1,4,11,0,0,None,24.7,0.3,15000,593
1,2025-11-18,1,5,11,0,0,None,30.5,0.9,15000,1277
1,2025-11-18,1,6,11,0,0,None,27.2,0.0,15000,2016
1,2025-11-18,1,6,11,0,0,None,30.6,1.4,15000,2238
1,2025-11-18,1,7,11,0,0,None,27.7,0.0,15000,3734
1,2025-11-18,1,8,11,0,0,None,20.8,1.1,15000,5711
1,2025-11-18,1,8,11,0,0,None,26.5,0.0,15000,5539
1,2025-11-18,1,9,11,0,0,None,32.0,3.2,15000,6806
1,2025-11-18,1,10,11,0,0,None,21.9,2.9,15000,7842
1,2025-11-18,1,11,11,0,0,None,23.6,2.6,15000,7057
1,2025-11-18,1,11,11,0,0,None,37.0,1.3,15000,6525
1,2025-11-18,1,12,11,0,0,None,25.7,0.1,15000,5920
1,2025-11-18,1,13,11,0,0,None,31.8,0.0,15000,4611
1,2025-11-18,1,14,11,0,0,None,25.9,0.9,15000,4167
1,2025-11-18,1,14,11,0,0,None,30.6,0.0,15000,4250
1,2025-11-18,1,15,11,0,1,Minor,26.0,0.3,15000,6908
1,2025-11-18,1,16,11,0,0,None,26.4,0.0,15000,5954
1,2025-11-18,1,16,11,0,0,None,22.6,1.6,15000,6105
1,2025-11-18,1,17,11,0,0,None,26.2,0.4,15000,8432
1,2025-11-18,1,18,11,0,0,None,22.8,0.3,15000,9692
1,2025-11-18,1,19,11,0,0,None,24.3,2.4,15000,10874
1,2025-11-18,1,19,11,0,1,Major,25.4,0.3,15000,15000
1,2025-11-18,1,20,11,0,0,None,26.1,1.3,15000,10359
1,2025-11-18,1,21,11,0,0,None,27.4,1.7,15000,7790
1,2025-11-18,1,22,11,0,0,None,17.9,0.0,15000,5243
1,2025-11-18,1,22,11,0,0,None,30.8,0.7,15000,5082
1,2025-11-18,1,23,11,0,0,None,34.4,0.0,15000,2815
1,2025-11-19,2,0,11,0,0,None,27.3,0.5,15000,836
1,2025-11-19,2,1,11,0,0,None,30.9,0.0,15000,912
1,2025-11-19,2,1,11,0,0,None,33.7,0.4,15000,644
1,2025-11-19,2,2,11,0,0,None,33.7,0.0,15000,415
1,2025-11-19,2,3,11,0,0,None,30.1,0.0,15000,396
1,2025-11-19,2,3,11,0,0,None,29.5,1.0,15000,639
1,2025-11-19,2,4,11,0,0,None,24.6,0.0,15000,640
1,2025-11-19,2,5,11,0,0,None,33.1,0.0,15000,1129
1,2025-11-19,2,6,11,0,0,None,20.4,0.1,15000,2474
1,2025-11-19,2,6,11,0,1,Minor,26.4,1.9,15000,3560
1,2025-11-19,2,7,11,0,0,None,23.7,1.0,15000,3853
1,2025-11-19,2,8,11,0,0,None,26.6,0.2,15000,5706
1,2025-11-19,2,9,11,0,0,None,26.3,0.0,15000,7399
1,2025-11-19,2,9,11,0,0,None,34.4,0.9,15000,6948
1,2025-11-19,2,10,11,0,1,Minor,28.5,0.7,15000,11308
1,2025-11-19,2,11,11,0,1,Major,35.5,0.0,15000,14417
1,2025-11-19,2,11,11,0,0,None,25.4,1.0,15000,7396
1,2025-11-19,2,12,11,0,0,None,22.6,0.5,15000,5477
1,2025-11-19,2,13,11,0,0,None,22.5,0.8,15000,4899
1,2025-11-19,2,14,11,0,0,None,25.0,0.0,15000,4334
1,2025-11-19,2,14,11,0,1,Minor,26.8,0.0,15000,5786
1,2025-11-19,2,15,11,0,0,None,23.6,0.5,15000,4873
1,2025-11-19,2,16,11,0,0,None,17.1,0.6,15000,6224
1,2025-11-19,2,17,11,0,1,Minor,20.3,0.3,15000,11689
1,2025-11-19,2,17,11,0,0,None,34.0,0.2,15000,8397
1,2025-11-19,2,18,11,0,0,None,29.3,0.0,15000,10024
1,2025-11-19,2,19,11,0,1,Minor,24.1,0.0,15000,15000
1,2025-11-19,2,19,11,0,0,None,18.8,3.2,15000,10991
1,2025-11-19,2,20,11,0,1,Minor,25.3,0.0,15000,14741
1,2025-11-19,2,21,11,0,0,None,32.6,1.3,15000,7755
1,2025-11-19,2,22,11,0,0,None,39.5,2.1,15000,4970
1,2025-11-19,2,22,11,0,1,Major,30.7,0.0,15000,10276
1,2025-11-19,2,23,11,0,0,None,18.3,0.4,15000,2872
1,2025-11-20,3,0,11,0,0,None,37.5,0.0,15000,1265
1,2025-11-20,3,1,11,0,0,None,22.7,0.1,15000,799
1,2025-11-20,3,1,11,0,0,None,21.2,0.1,15000,352
1,2025-11-20,3,2,11,0,0,None,32.5,0.4,15000,446
1,2025-11-20,3,3,11,0,0,None,25.3,0.0,15000,486
1,2025-11-20,3,4,11,0,1,Major,15.0,0.0,15000,1478
1,2025-11-20,3,4,11,0,0,None,33.6,0.0,15000,686
1,2025-11-20,3,5,11,0,0,None,27.8,1.0,15000,1045
1,2025-11-20,3,6,11,0,0,None,30.4,0.0,15000,2322
1,2025-11-20,3,6,11,0,0,None,22.3,0.4,15000,2248
1,2025-11-20,3,7,11,0,0,None,37.0,0.4,15000,3125
1,2025-11-20,3,8,11,0,0,None,29.5,0.0,15000,5385
1,2025-11-20,3,9,11,0,0,None,29.6,0.0,15000,7003
1,2025-11-20,3,9,11,0,0,None,29.5,0.3,15000,7111
1,2025-11-20,3,10,11,0,0,None,28.0,1.2,15000,7929
1,2025-11-20,3,11,11,0,0,None,27.2,0.0,15000,6947
1,2025-11-20,3,12,11,0,1,Major,22.1,0.2,15000,11580
1,2025-11-20,3,12,11,0,0,None,23.9,0.5,15000,5677
1,2025-11-20,3,13,11,0,1,Major,21.6,0.0,15000,9302
1,2025-11-20,3,14,11,0,0,None,35.9,2.3,15000,4431
1,2025-11-20,3,14,11,0,0,None,29.5,2.1,15000,4289
1,2025-11-20,3,15,11,0,0,None,28.3,1.1,15000,4827
1,2025-11-20,3,16,11,0,0,None,36.2,0.1,15000,6056
1,2025-11-20,3,17,11,0,0,None,22.9,1.9,15000,8055
1,2025-11-20,3,17,11,0,0,None,24.6,2.9,15000,8286
1,2025-11-20,3,18,11,0,0,None,23.2,0.1,15000,9992
1,2025-11-20,3,19,11,0,0,None,28.6,0.0,15000,11012
1,2025-11-20,3,20,11,0,0,None,21.0,1.1,15000,10287
1,2025-11-20,3,20,11,0,0,None,27.7,0.1,15000,10319
1,2025-11-20,3,21,11,0,0,None,29.1,0.0,15000,8004
1,2025-11-20,3,22,11,0,0,None,16.1,0.0,15000,5001
1,2025-11-20,3,22,11,0,0,None,31.7,3.8,15000,5027
1,2025-11-20,3,23,11,0,0,None,32.0,0.0,15000,2661
1,2025-11-21,4,0,11,0,1,Minor,23.6,1.5,15000,914
1,2025-11-21,4,1,11,0,0,None,24.7,0.0,15000,1252
1,2025-11-21,4,1,11,0,0,None,26.1,0.0,15000,788
1,2025-11-21,4,2,11,0,0,None,39.6,0.3,15000,550
1,2025-11-21,4,3,11,0,0,None,35.9,2.0,15000,713
1,2025-11-21,4,4,11,0,0,None,29.6,1.1,15000,548
1,2025-11-21,4,4,11,0,0,None,25.3,1.5,15000,837
1,2025-11-21,4,5,11,0,0,None,23.7,0.2,15000,1401
1,2025-11-21,4,6,11,0,0,None,25.9,1.0,15000,2257
1,2025-11-21,4,7,11,0,1,Minor,30.5,1.7,15000,5787
1,2025-11-21,4,7,11,0,0,None,29.5,0.0,15000,3975
1,2025-11-21,4,8,11,0,0,None,24.4,1.7,15000,5698
1,2025-11-21,4,9,11,0,1,Major,23.9,0.0,15000,14579
1,2025-11-21,4,9,11,0,0,None,28.4,0.9,15000,7133
1,2025-11-21,4,10,11,0,0,None,25.6,0.0,15000,7746
1,2025-11-21,4,11,11,0,0,None,28.6,1.0,15000,7053
1,2025-11-21,4,12,11,0,0,None,33.5,0.0,15000,5837
1,2025-11-21,4,12,11,0,0,None,23.0,0.0,15000,5958
1,2025-11-21,4,13,11,0,0,None,26.1,0.0,15000,4833
1,2025-11-21,4,14,11,0,1,Minor,26.0,0.4,15000,6028
1,2025-11-21,4,15,11,0,0,None,32.0,0.3,15000,4827
1,2025-11-21,4,15,11,0,0,None,24.6,1.3,15000,4719
1,2025-11-21,4,16,11,0,0,None,25.6,0.0,15000,6509
1,2025-11-21,4,17,11,0,0,None,28.2,0.9,15000,7983
1,2025-11-21,4,17,11,0,0,None,28.1,0.7,15000,8374
1,2025-11-21,4,18,11,0,0,None,33.7,0.0,15000,10077
1,2025-11-21,4,19,11,0,0,None,31.4,0.8,15000,10986
1,2025-11-21,4,20,11,0,0,None,25.5,0.9,15000,10087
1,2025-11-21,4,20,11,0,0,None,23.7,0.8,15000,10215
1,2025-11-21,4,21,11,0,0,None,30.9,0.1,15000,7918
1,2025-11-21,4,22,11,0,0,None,23.8,2.4,15000,5359
1,2025-11-21,4,23,11,0,0,None,33.1,0.8,15000,2646
1,2025-11-21,4,23,11,0,0,None,26.2,5.4,15000,2202
1,2025-11-22,5,0,11,1,0,None,31.1,0.4,15000,826
1,2025-11-22,5,1,11,1,0,None,26.9,0.4,15000,878
1,2025-11-22,5,2,11,1,0,None,24.1,0.0,15000,588
1,2025-11-22,5,2,11,1,0,None,29.8,1.9,15000,758
1,2025-11-22,5,3,11,1,0,None,30.1,0.0,15000,455
1,2025-11-22,5,4,11,1,0,None,33.9,0.0,15000,1249
1,2025-11-22,5,4,11,1,0,None,27.8,4.9,15000,809
1,2025-11-22,5,5,11,1,0,None,26.6,0.0,15000,1908
1,2025-11-22,5,6,11,1,0,None,23.7,1.1,15000,2839
1,2025-11-22,5,7,11,1,0,None,29.8,0.5,15000,5065
1,2025-11-22,5,7,11,1,1,Minor,32.7,0.5,15000,7360
1,2025-11-22,5,8,11,1,0,None,36.8,0.0,15000,7690
1,2025-11-22,5,9,11,1,0,None,24.7,1.6,15000,8844
1,2025-11-22,5,10,11,1,0,None,28.0,0.2,15000,9917
1,2025-11-22,5,10,11,1,0,None,20.4,2.6,15000,10297
1,2025-11-22,5,11,11,1,0,None,28.6,0.0,15000,9182
1,2025-11-22,5,12,11,1,1,Minor,27.3,0.1,15000,10639
1,2025-11-22,5,12,11,1,0,None,28.5,0.4,15000,7515
1,2025-11-22,5,13,11,1,1,Minor,26.7,2.0,15000,8488
1,2025-11-22,5,14,11,1,0,None,34.5,1.3,15000,5346
1,2025-11-22,5,15,11,1,0,None,23.8,0.0,15000,5982
1,2025-11-22,5,15,11,1,1,Major,27.6,0.0,15000,12354
1,2025-11-22,5,16,11,1,0,None,22.8,0.8,15000,8052
1,2025-11-22,5,17,11,1,0,None,21.8,0.5,15000,10780
1,2025-11-22,5,18,11,1,0,None,21.5,0.3,15000,12693
1,2025-11-22,5,18,11,1,0,None,18.0,0.9,15000,12522
1,2025-11-22,5,19,11,1,0,None,21.9,2.2,15000,13995
1,2025-11-22,5,20,11,1,0,None,21.9,0.1,15000,13118
1,2025-11-22,5,20,11,1,1,Minor,22.5,0.0,15000,15000
1,2025-11-22,5,21,11,1,0,None,23.1,0.7,15000,10154
1,2025-11-22,5,22,11,1,0,None,33.9,0.1,15000,6674
1,2025-11-22,5,23,11,1,0,None,18.5,1.2,15000,3339
1,2025-11-22,5,23,11,1,0,None,19.5,2.1,15000,3275
1,2025-11-23,6,0,11,1,0,None,31.4,0.0,15000,1078
1,2025-11-23,6,1,11,1,0,None,26.1,0.9,15000,1004
1,2025-11-23,6,2,11,1,0,None,22.5,1.9,15000,726
1,2025-11-23,6,2,11,1,0,None,29.8,0.0,15000,637
1,2025-11-23,6,3,11,1,0,None,34.8,0.0,15000,647
1,2025-11-23,6,4,11,1,0,None,21.4,0.1,15000,839
1,2025-11-23,6,5,11,1,0,None,27.2,0.3,15000,1797
1,2025-11-23,6,5,11,1,0,None,21.8,0.4,15000,1894
1,2025-11-23,6,6,11,1,0,None,21.5,1.3,15000,3332
1,2025-11-23,6,7,11,1,0,None,23.4,0.0,15000,4632
1,2025-11-23,6,7,11,1,1,Minor,29.4,0.9,15000,7004
1,2025-11-23,6,8,11,1,0,None,42.0,0.5,15000,6446
1,2025-11-23,6,9,11,1,1,Minor,20.4,0.5,15000,13194
1,2025-11-23,6,10,11,1,0,None,19.9,0.0,15000,10210
1,2025-11-23,6,10,11,1,1,Minor,18.4,0.0,15000,14361
1,2025-11-23,6,11,11,1,0,None,34.9,0.8,15000,9103
1,2025-11-23,6,12,11,1,0,None,27.8,0.1,15000,7267
1,2025-11-23,6,13,11,1,0,None,24.0,0.7,15000,5957
1,2025-11-23,6,13,11,1,0,None,30.0,0.0,15000,6013
1,2025-11-23,6,14,11,1,0,None,20.9,0.0,15000,5115
1,2025-11-23,6,15,11,1,0,None,32.8,0.0,15000,6315
1,2025-11-23,6,15,11,1,1,Major,34.7,0.2,15000,12514
1,2025-11-23,6,16,11,1,0,None,21.7,1.3,15000,7821
1,2025-11-23,6,17,11,1,0,None,32.9,0.0,15000,10201
1,2025-11-23,6,18,11,1,0,None,18.8,0.0,15000,13108
1,2025-11-23,6,18,11,1,0,None,34.9,1.6,15000,13036
1,2025-11-23,6,19,11,1,0,None,32.8,0.0,15000,14230
1,2025-11-23,6,20,11,1,0,None,33.3,1.3,15000,12923
1,2025-11-23,6,21,11,1,0,None,25.1,0.0,15000,10021
1,2025-11-23,6,21,11,1,0,None,28.6,0.0,15000,9837
1,2025-11-23,6,22,11,1,1,Major,33.3,1.4,15000,12943
1,2025-11-23,6,23,11,1,1,Major,31.2,0.5,15000,6908
1,2025-11-24,0,0,11,0,1,Minor,28.5,2.2,15000,1292
1,2025-11-24,0,0,11,0,0,None,16.9,0.1,15000,904
1,2025-11-24,0,1,11,0,0,None,21.5,0.2,15000,304
1,2025-11-24,0,2,11,0,1,Major,26.9,1.3,15000,781
1,2025-11-24,0,2,11,0,0,None,34.8,0.9,15000,353
1,2025-11-24,0,3,11,0,0,None,27.3,0.5,15000,536
1,2025-11-24,0,4,11,0,0,None,31.3,0.9,15000,630
1,2025-11-24,0,5,11,0,0,None,23.7,1.0,15000,1310
1,2025-11-24,0,5,11,0,0,None,21.9,0.0,15000,1212
1,2025-11-24,0,6,11,0,0,None,22.3,0.7,15000,2453
1,2025-11-24,0,7,11,0,0,None,30.1,1.0,15000,4138
1,2025-11-24,0,8,11,0,0,None,31.6,4.1,15000,5096
1,2025-11-24,0,8,11,0,0,None,28.7,0.0,15000,5775
1,2025-11-24,0,9,11,0,0,None,26.0,2.1,15000,6921
1,2025-11-24,0,10,11,0,0,None,33.6,0.0,15000,7974
1,2025-11-24,0,10,11,0,0,None,30.2,2.3,15000,7797
1,2025-11-24,0,11,11,0,0,None,37.1,1.9,15000,6596
1,2025-11-24,0,12,11,0,1,Minor,24.4,2.3,15000,8159
1,2025-11-24,0,13,11,0,0,None,30.2,0.5,15000,4691
1,2025-11-24,0,13,11,0,0,None,27.9,0.3,15000,4954
1,2025-11-24,0,14,11,0,1,Major,27.8,0.8,15000,8310
1,2025-11-24,0,15,11,0,0,None,28.8,1.8,15000,4555
1,2025-11-24,0,16,11,0,1,Major,27.5,0.6,15000,12061
1,2025-11-24,0,16,11,0,1,Minor,29.7,0.3,15000,8477
1,2025-11-24,0,17,11,0,0,None,25.9,0.3,15000,8416
1,2025-11-24,0,18,11,0,0,None,32.3,0.4,15000,10038
1,2025-11-24,0,18,11,0,0,None,35.2,0.3,15000,9904
1,2025-11-24,0,19,11,0,1,Major,21.6,0.2,15000,15000
1,2025-11-24,0,20,11,0,0,None,25.4,1.2,15000,10184
1,2025-11-24,0,21,11,0,0,None,26.8,0.3,15000,7607
1,2025-11-24,0,21,11,0,0,None,22.8,2.1,15000,7813
1,2025-11-24,0,22,11,0,0,None,35.1,0.4,15000,5060
1,2025-11-24,0,23,11,0,1,Minor,24.4,1.1,15000,4094
1,2025-11-25,1,0,11,0,0,None,25.5,1.1,15000,1227
1,2025-11-25,1,0,11,0,1,Major,30.5,0.3,15000,1855
1,2025-11-25,1,1,11,0,0,None,19.0,1.2,15000,698
1,2025-11-25,1,2,11,0,0,None,27.2,0.2,15000,712
1,2025-11-25,1,3,11,0,0,None,29.8,0.9,15000,619
1,2025-11-25,1,3,11,0,0,None,28.3,0.0,15000,441
1,2025-11-25,1,4,11,0,0,None,21.7,0.0,15000,823
1,2025-11-25,1,5,11,0,0,None,21.9,0.0,15000,1312
1,2025-11-25,1,5,11,0,0,None,34.0,3.8,15000,1614
1,2025-11-25,1,6,11,0,1,Minor,25.5,0.2,15000,3688
1,2025-11-25,1,7,11,0,0,None,26.7,1.5,15000,3768
1,2025-11-25,1,8,11,0,0,None,26.8,2.1,15000,6146
1,2025-11-25,1,8,11,0,0,None,29.4,0.3,15000,5557
1,2025-11-25,1,9,11,0,0,None,28.4,3.0,15000,7283
1,2025-11-25,1,10,11,0,0,None,31.9,0.0,15000,7863
1,2025-11-25,1,11,11,0,0,None,35.4,0.0,15000,7230
1,2025-11-25,1,11,11,0,0,None,28.5,0.0,15000,6975
1,2025-11-25,1,12,11,0,0,None,33.5,3.2,15000,5496
1,2025-11-25,1,13,11,0,0,None,30.3,0.0,15000,4636
1,2025-11-25,1,13,11,0,0,None,20.8,0.7,15000,4647
1,2025-11-25,1,14,11,0,0,None,18.9,0.3,15000,4047
1,2025-11-25,1,15,11,0,0,None,23.8,0.7,15000,4624
1,2025-11-25,1,16,11,0,0,None,28.2,0.0,15000,6140
1,2025-11-25,1,16,11,0,0,None,28.2,0.3,15000,6051
1,2025-11-25,1,17,11,0,0,None,25.6,1.3,15000,7906
1,2025-11-25,1,18,11,0,0,None,23.5,0.0,15000,9786
1,2025-11-25,1,19,11,0,1,Minor,25.1,1.3,15000,15000
1,2025-11-25,1,19,11,0,0,None,30.3,0.7,15000,11136
1,2025-11-25,1,20,11,0,0,None,27.6,0.4,15000,10360
1,2025-11-25,1,21,11,0,0,None,28.0,0.0,15000,7817
1,2025-11-25,1,21,11,0,0,None,27.1,0.9,15000,8183
1,2025-11-25,1,22,11,0,0,None,31.6,0.3,15000,5163
1,2025-11-25,1,23,11,0,0,None,18.8,0.0,15000,3079
1,2025-11-26,2,0,11,0,0,None,26.0,0.3,15000,1069
1,2025-11-26,2,0,11,0,0,None,26.6,0.2,15000,548
1,2025-11-26,2,1,11,0,0,None,33.1,1.0,15000,701
1,2025-11-26,2,2,11,0,0,None,19.2,0.5,15000,494
1,2025-11-26,2,3,11,0,0,None,28.2,1.1,15000,572
1,2025-11-26,2,3,11,0,0,None,31.5,0.0,15000,592
1,2025-11-26,2,4,11,0,1,Minor,26.9,1.2,15000,918
1,2025-11-26,2,5,11,0,0,None,35.5,0.8,15000,1258
1,2025-11-26,2,6,11,0,0,None,23.8,0.1,15000,2239
1,2025-11-26,2,6,11,0,0,None,23.3,0.0,15000,2566
1,2025-11-26,2,7,11,0,0,None,20.1,0.0,15000,3879
1,2025-11-26,2,8,11,0,1,Major,17.7,1.0,15000,11288
1,2025-11-26,2,8,11,0,0,None,23.7,0.1,15000,5584
1,2025-11-26,2,9,11,0,0,None,22.0,0.0,15000,7392
1,2025-11-26,2,10,11,0,0,None,23.7,0.0,15000,8057
1,2025-11-26,2,11,11,0,0,None,24.3,1.4,15000,7037
1,2025-11-26,2,11,11,0,0,None,29.9,0.0,15000,7445
1,2025-11-26,2,12,11,0,0,None,20.8,0.0,15000,5805
1,2025-11-26,2,13,11,0,0,None,25.3,0.0,15000,5071
1,2025-11-26,2,14,11,0,0,None,31.7,0.8,15000,4449
1,2025-11-26,2,14,11,0,0,None,24.4,2.2,15000,4462
1,2025-11-26,2,15,11,0,0,None,30.5,2.5,15000,4857
1,2025-11-26,2,16,11,0,1,Minor,29.9,2.7,15000,8748
1,2025-11-26,2,16,11,0,0,None,27.5,0.0,15000,6096
1,2025-11-26,2,17,11,0,0,None,32.2,2.8,15000,7765
1,2025-11-26,2,18,11,0,0,None,27.4,0.1,15000,9925
1,2025-11-26,2,19,11,0,0,None,35.4,2.5,15000,10962
1,2025-11-26,2,19,11,0,0,None,25.4,0.0,15000,11017
1,2025-11-26,2,20,11,0,0,None,30.1,0.0,15000,9925
1,2025-11-26,2,21,11,0,0,None,20.4,0.0,15000,8224
1,2025-11-26,2,22,11,0,0,None,27.7,1.0,15000,5617
1,2025-11-26,2,22,11,0,0,None,22.4,0.2,15000,5256
1,2025-11-26,2,23,11,0,1,Minor,27.8,3.9,15000,4225
1,2025-11-27,3,0,11,0,0,None,19.6,0.5,15000,1185
1,2025-11-27,3,0,11,0,0,None,27.3,3.7,15000,856
1,2025-11-27,3,1,11,0,0,None,29.3,0.1,15000,627
1,2025-11-27,3,2,11,0,0,None,27.5,1.0,15000,758
1,2025-11-27,3,3,11,0,0,None,21.9,1.0,15000,626
1,2025-11-27,3,3,11,0,1,Major,29.3,0.0,15000,1418
1,2025-11-27,3,4,11,0,0,None,25.1,0.0,15000,312
1,2025-11-27,3,5,11,0,0,None,24.4,0.0,15000,1179
1,2025-11-27,3,6,11,0,1,Minor,34.7,0.6,15000,3025
1,2025-11-27,3,6,11,0,0,None,31.9,0.0,15000,2475
1,2025-11-27,3,7,11,0,0,None,20.6,0.0,15000,4026
1,2025-11-27,3,8,11,0,0,None,17.9,1.3,15000,5839
1,2025-11-27,3,9,11,0,0,None,26.2,0.9,15000,6761
1,2025-11-27,3,9,11,0,0,None,20.2,0.0,15000,7275
1,2025-11-27,3,10,11,0,0,None,36.1,0.0,15000,8255
1,2025-11-27,3,11,11,0,0,None,32.2,1.8,15000,6975
1,2025-11-27,3,11,11,0,1,Minor,33.1,0.0,15000,10890
1,2025-11-27,3,12,11,0,0,None,34.6,0.0,15000,5776
1,2025-11-27,3,13,11,0,0,None,21.3,0.0,15000,4937
1,2025-11-27,3,14,11,0,0,None,26.6,0.0,15000,4164
1,2025-11-27,3,14,11,0,0,None,26.9,0.8,15000,4178
1,2025-11-27,3,15,11,0,0,None,20.9,0.0,15000,4769
1,2025-11-27,3,16,11,0,0,None,35.5,0.0,15000,6152
1,2025-11-27,3,17,11,0,0,None,24.7,0.7,15000,7974
1,2025-11-27,3,17,11,0,0,None,22.2,1.2,15000,8266
1,2025-11-27,3,18,11,0,0,None,28.4,1.1,15000,10040
1,2025-11-27,3,19,11,0,0,None,30.3,0.6,15000,11178
1,2025-11-27,3,19,11,0,0,None,27.1,0.8,15000,11148
1,2025-11-27,3,20,11,0,0,None,23.7,1.6,15000,10437
1,2025-11-27,3,21,11,0,1,Minor,26.0,1.0,15000,11817
1,2025-11-27,3,22,11,0,0,None,26.6,3.6,15000,4969
1,2025-11-27,3,22,11,0,0,None,28.5,1.4,15000,5146
1,2025-11-27,3,23,11,0,0,None,20.2,0.0,15000,3094
1,2025-11-28,4,0,11,0,0,None,26.1,1.1,15000,634
1,2025-11-28,4,1,11,0,0,None,26.2,0.7,15000,546
1,2025-11-28,4,1,11,0,0,None,24.6,2.3,15000,731
1,2025-11-28,4,2,11,0,0,None,23.1,0.6,15000,726
1,2025-11-28,4,3,11,0,0,None,23.7,0.0,15000,376
1,2025-11-28,4,4,11,0,1,Major,27.5,1.1,15000,1250
1,2025-11-28,4,4,11,0,0,None,26.2,1.4,15000,717
1,2025-11-28,4,5,11,0,0,None,25.0,0.0,15000,1104
1,2025-11-28,4,6,11,0,1,Minor,23.1,3.1,15000,3687
1,2025-11-28,4,6,11,0,0,None,22.2,0.0,15000,2635
1,2025-11-28,4,7,11,0,0,None,30.7,0.0,15000,3911
1,2025-11-28,4,8,11,0,0,None,33.2,0.5,15000,5800
1,2025-11-28,4,9,11,0,0,None,25.8,0.4,15000,6994
1,2025-11-28,4,9,11,0,0,None,26.6,1.8,15000,7436
1,2025-11-28,4,10,11,0,0,None,26.5,0.7,15000,8260
1,2025-11-28,4,11,11,0,0,None,24.5,3.4,15000,7420
1,2025-11-28,4,12,11,0,0,None,34.9,0.0,15000,5656
1,2025-11-28,4,12,11,0,0,None,22.7,0.0,15000,5282
1,2025-11-28,4,13,11,0,1,Major,25.9,0.0,15000,9576
1,2025-11-28,4,14,11,0,0,None,22.6,3.5,15000,4077
1,2025-11-28,4,14,11,0,0,None,28.4,0.5,15000,4328
1,2025-11-28,4,15,11,0,0,None,28.3,1.7,15000,4670
1,2025-11-28,4,16,11,0,0,None,24.1,0.5,15000,6004
1,2025-11-28,4,17,11,0,0,None,27.9,1.2,15000,8018
1,2025-11-28,4,17,11,0,0,None,22.9,3.0,15000,7984
1,2025-11-28,4,18,11,0,0,None,35.8,0.2,15000,10053
1,2025-11-28,4,19,11,0,1,Minor,33.5,0.0,15000,15000
1,2025-11-28,4,20,11,0,1,Minor,33.2,0.0,15000,15000
1,2025-11-28,4,20,11,0,0,None,36.6,0.0,15000,10267
1,2025-11-28,4,21,11,0,0,None,28.2,0.0,15000,7969
1,2025-11-28,4,22,11,0,0,None,19.2,0.0,15000,5065
1,2025-11-28,4,22,11,0,0,None,32.3,0.0,15000,5131
1,2025-11-28,4,23,11,0,0,None,32.2,1.7,15000,2730
1,2025-11-29,5,0,11,1,0,None,34.9,0.0,15000,1368
1,2025-11-29,5,1,11,1,0,None,22.4,0.0,15000,576
1,2025-11-29,5,1,11,1,0,None,20.7,0.4,15000,571
1,2025-11-29,5,2,11,1,0,None,29.2,0.0,15000,767
1,2025-11-29,5,3,11,1,1,Minor,28.8,0.0,15000,1055
1,2025-11-29,5,4,11,1,1,Major,29.8,3.6,15000,1797
1,2025-11-29,5,4,11,1,0,None,35.7,0.0,15000,1099
1,2025-11-29,5,5,11,1,0,None,21.6,0.0,15000,1564
1,2025-11-29,5,6,11,1,0,None,29.2,0.0,15000,3360
1,2025-11-29,5,7,11,1,1,Minor,23.5,0.2,15000,7181
1,2025-11-29,5,7,11,1,1,Minor,31.8,0.1,15000,7531
1,2025-11-29,5,8,11,1,0,None,26.1,1.9,15000,7162
1,2025-11-29,5,9,11,1,0,None,24.5,1.0,15000,9497
1,2025-11-29,5,9,11,1,0,None,37.7,2.8,15000,8219
1,2025-11-29,5,10,11,1,1,Minor,30.0,0.0,15000,14668
1,2025-11-29,5,11,11,1,0,None,32.6,0.0,15000,9162
1,2025-11-29,5,12,11,1,0,None,25.3,0.4,15000,7239
1,2025-11-29,5,12,11,1,0,None,24.6,1.0,15000,7085
1,2025-11-29,5,13,11,1,1,Minor,18.1,0.2,15000,8749
1,2025-11-29,5,14,11,1,0,None,34.3,1.8,15000,5544
1,2025-11-29,5,15,11,1,0,None,28.8,3.8,15000,6190
1,2025-11-29,5,15,11,1,0,None,37.0,0.2,15000,5541
1,2025-11-29,5,16,11,1,0,None,24.3,1.9,15000,7887
1,2025-11-29,5,17,11,1,0,None,33.7,0.4,15000,10096
1,2025-11-29,5,17,11,1,0,None,32.9,1.0,15000,10416
1,2025-11-29,5,18,11,1,0,None,26.0,2.1,15000,12682
1,2025-11-29,5,19,11,1,0,None,28.7,1.6,15000,14154
1,2025-11-29,5,20,11,1,0,None,27.3,0.2,15000,12977
1,2025-11-29,5,20,11,1,0,None,30.0,0.0,15000,13365
1,2025-11-29,5,21,11,1,0,None,34.2,1.7,15000,10038
1,2025-11-29,5,22,11,1,0,None,23.9,0.3,15000,6642
1,2025-11-29,5,23,11,1,0,None,21.2,0.4,15000,3606
1,2025-11-29,5,23,11,1,0,None,24.2,0.0,15000,3391
1,2025-11-30,6,0,11,1,0,None,32.5,0.9,15000,933
1,2025-11-30,6,1,11,1,1,Minor,30.2,2.6,15000,899
1,2025-11-30,6,2,11,1,0,None,35.3,1.6,15000,709
1,2025-11-30,6,2,11,1,0,None,20.0,1.3,15000,701
1,2025-11-30,6,3,11,1,1,Minor,36.2,1.0,15000,809
1,2025-11-30,6,4,11,1,0,None,30.3,0.6,15000,1032
1,2025-11-30,6,4,11,1,0,None,24.1,1.0,15000,994
1,2025-11-30,6,5,11,1,0,None,27.2,0.4,15000,1343
1,2025-11-30,6,6,11,1,0,None,22.8,1.7,15000,3017
1,2025-11-30,6,7,11,1,0,None,34.1,0.6,15000,5470
1,2025-11-30,6,7,11,1,0,None,20.0,0.6,15000,5213
1,2025-11-30,6,8,11,1,0,None,19.6,0.0,15000,7671
1,2025-11-30,6,9,11,1,0,None,28.9,0.0,15000,9114
1,2025-11-30,6,10,11,1,0,None,24.7,0.0,15000,10131
1,2025-11-30,6,10,11,1,1,Minor,23.4,0.3,15000,14640
1,2025-11-30,6,11,11,1,0,None,21.2,2.5,15000,9386
1,2025-11-30,6,12,11,1,0,None,24.9,0.6,15000,7341
1,2025-11-30,6,12,11,1,0,None,33.3,0.8,15000,7438
1,2025-11-30,6,13,11,1,1,Major,22.6,1.0,15000,12208
1,2025-11-30,6,14,11,1,1,Major,27.9,0.1,15000,10347
1,2025-11-30,6,15,11,1,0,None,29.9,0.1,15000,6200
1,2025-11-30,6,15,11,1,0,None,24.5,1.3,15000,6319
1,2025-11-30,6,16,11,1,0,None,23.2,0.0,15000,7990
1,2025-11-30,6,17,11,1,0,None,33.6,0.0,15000,10229
1,2025-11-30,6,18,11,1,0,None,29.7,1.7,15000,12363
1,2025-11-30,6,18,11,1,0,None,26.3,0.7,15000,12851
1,2025-11-30,6,19,11,1,0,None,15.9,1.9,15000,13981
1,2025-11-30,6,20,11,1,0,None,26.7,0.0,15000,13000
1,2025-11-30,6,20,11,1,0,None,22.0,0.0,15000,13245
1,2025-11-30,6,21,11,1,0,None,19.7,1.1,15000,10206
1,2025-11-30,6,22,11,1,0,None,25.1,0.0,15000,6605
1,2025-11-30,6,23,11,1,0,None,28.6,0.3,15000,3723
1,2025-11-30,6,23,11,1,0,None,24.3,0.6,15000,3312
1,2025-12-01,0,0,12,0,0,None,27.0,0.0,15000,881
1,2025-12-01,0,1,12,0,0,None,39.2,4.6,15000,796
1,2025-12-01,0,2,12,0,0,None,21.5,0.0,15000,666
1,2025-12-01,0,2,12,0,0,None,28.2,0.3,15000,737
1,2025-12-01,0,3,12,0,0,None,21.3,1.2,15000,532
1,2025-12-01,0,4,12,0,0,None,33.1,0.0,15000,396
1,2025-12-01,0,5,12,0,0,None,20.5,1.3,15000,1425
1,2025-12-01,0,5,12,0,0,None,20.0,1.2,15000,1315
1,2025-12-01,0,6,12,0,0,None,22.5,0.8,15000,2458
1,2025-12-01,0,7,12,0,0,None,36.2,0.8,15000,3834
1,2025-12-01,0,7,12,0,1,Minor,22.9,1.5,15000,5948
1,2025-12-01,0,8,12,0,0,None,21.6,1.2,15000,5472
1,2025-12-01,0,9,12,0,0,None,22.3,1.5,15000,7232
1,2025-12-01,0,10,12,0,0,None,22.6,0.1,15000,7969
1,2025-12-01,0,10,12,0,0,None,30.0,0.9,15000,7855
1,2025-12-01,0,11,12,0,0,None,24.9,0.6,15000,7243
1,2025-12-01,0,12,12,0,0,None,36.5,1.0,15000,5622
1,2025-12-01,0,13,12,0,1,Major,26.8,0.6,15000,9743
1,2025-12-01,0,13,12,0,0,None,35.4,1.4,15000,4616
1,2025-12-01,0,14,12,0,0,None,21.5,1.7,15000,4335
1,2025-12-01,0,15,12,0,0,None,26.4,0.0,15000,5116
1,2025-12-01,0,15,12,0,0,None,19.3,0.0,15000,4643
1,2025-12-01,0,16,12,0,0,None,26.9,4.9,15000,5437
1,2025-12-01,0,17,12,0,0,None,23.1,0.0,15000,8168
1,2025-12-01,0,18,12,0,0,None,31.7,0.0,15000,10016
1,2025-12-01,0,18,12,0,0,None,31.6,0.9,15000,9942
1,2025-12-01,0,19,12,0,0,None,32.4,1.3,15000,11076
1,2025-12-01,0,20,12,0,0,None,22.2,2.0,15000,10302
1,2025-12-01,0,21,12,0,1,Minor,26.8,0.0,15000,11510
1,2025-12-01,0,21,12,0,0,None,26.8,1.4,15000,7810
1,2025-12-01,0,22,12,0,0,None,36.4,3.2,15000,5218
1,2025-12-01,0,23,12,0,1,Minor,27.2,0.3,15000,3766
1,2025-12-01,0,23,12,0,0,None,29.7,2.2,15000,2430
1,2025-12-02,1,0,12,0,0,None,30.3,0.0,15000,682
1,2025-12-02,1,1,12,0,0,None,21.7,0.2,15000,410
1,2025-12-02,1,2,12,0,0,None,38.1,0.0,15000,718
1,2025-12-02,1,2,12,0,0,None,24.1,0.0,15000,569
1,2025-12-02,1,3,12,0,0,None,29.4,2.8,15000,368
1,2025-12-02,1,4,12,0,0,None,15.0,0.2,15000,664
1,2025-12-02,1,5,12,0,0,None,20.8,0.7,15000,1205
1,2025-12-02,1,5,12,0,0,None,27.5,0.1,15000,999
1,2025-12-02,1,6,12,0,1,Major,25.8,3.2,15000,4810
1,2025-12-02,1,7,12,0,0,None,28.9,0.0,15000,3690
1,2025-12-02,1,8,12,0,0,None,27.3,1.1,15000,5752
1,2025-12-02,1,8,12,0,0,None,26.6,0.0,15000,5810
1,2025-12-02,1,9,12,0,1,Minor,28.7,0.0,15000,10118
1,2025-12-02,1,10,12,0,0,None,31.4,0.6,15000,7871
1,2025-12-02,1,10,12,0,0,None,31.9,0.0,15000,7946
1,2025-12-02,1,11,12,0,1,Minor,32.0,0.3,15000,10663
1,2025-12-02,1,12,12,0,0,None,22.3,2.5,15000,5580
1,2025-12-02,1,13,12,0,0,None,32.9,0.0,15000,4839
1,2025-12-02,1,13,12,0,1,Major,33.2,0.0,15000,9269
1,2025-12-02,1,14,12,0,1,Major,24.5,0.0,15000,8313
1,2025-12-02,1,15,12,0,0,None,29.0,0.0,15000,4713
1,2025-12-02,1,16,12,0,0,None,31.3,0.0,15000,6198
1,2025-12-02,1,16,12,0,0,None,28.1,0.0,15000,6203
1,2025-12-02,1,17,12,0,1,Minor,25.6,2.1,15000,11856
1,2025-12-02,1,18,12,0,0,None,29.8,0.3,15000,9928
1,2025-12-02,1,18,12,0,0,None,23.5,1.1,15000,9982
1,2025-12-02,1,19,12,0,0,None,26.3,0.0,15000,11132
1,2025-12-02,1,20,12,0,0,None,25.0,1.9,15000,10378
1,2025-12-02,1,21,12,0,0,None,32.2,0.0,15000,7904
1,2025-12-02,1,21,12,0,0,None,28.0,1.1,15000,8065
1,2025-12-02,1,22,12,0,0,None,33.0,0.8,15000,5184
1,2025-12-02,1,23,12,0,0,None,23.7,0.6,15000,2891
1,2025-12-03,2,0,12,0,0,None,26.6,0.4,15000,740
1,2025-12-03,2,0,12,0,0,None,33.1,0.0,15000,923
1,2025-12-03,2,1,12,0,1,Minor,33.6,3.3,15000,1082
1,2025-12-03,2,2,12,0,0,None,26.8,0.0,15000,718
1,2025-12-03,2,2,12,0,0,None,31.0,1.4,15000,389
1,2025-12-03,2,3,12,0,0,None,30.4,0.0,15000,869
1,2025-12-03,2,4,12,0,0,None,26.9,5.8,15000,819
1,2025-12-03,2,5,12,0,0,None,37.2,0.0,15000,1118
1,2025-12-03,2,5,12,0,0,None,28.6,0.7,15000,1366
1,2025-12-03,2,6,12,0,0,None,27.6,2.8,15000,2782
1,2025-12-03,2,7,12,0,0,None,20.6,3.1,15000,3960
1,2025-12-03,2,8,12,0,0,None,26.5,0.3,15000,5707
1,2025-12-03,2,8,12,0,0,None,22.7,1.1,15000,5915
1,2025-12-03,2,9,12,0,0,None,30.4,0.2,15000,7042
1,2025-12-03,2,10,12,0,1,Minor,25.0,0.0,15000,11307
1,2025-12-03,2,11,12,0,0,None,25.5,0.0,15000,7316
1,2025-12-03,2,11,12,0,0,None,21.0,0.6,15000,7224
1,2025-12-03,2,12,12,0,1,Minor,36.4,3.4,15000,8021
1,2025-12-03,2,13,12,0,0,None,24.5,0.3,15000,4796
1,2025-12-03,2,13,12,0,0,None,15.0,4.3,15000,4118
1,2025-12-03,2,14,12,0,0,None,20.8,0.6,15000,4236
1,2025-12-03,2,15,12,0,0,None,26.6,0.0,15000,4746
1,2025-12-03,2,16,12,0,0,None,25.6,3.9,15000,6112
1,2025-12-03,2,16,12,0,0,None,23.2,0.5,15000,6366
1,2025-12-03,2,17,12,0,1,Major,33.4,0.5,15000,15000
1,2025-12-03,2,18,12,0,0,None,27.0,0.8,15000,10277
1,2025-12-03,2,19,12,0,0,None,25.2,0.4,15000,11170
1,2025-12-03,2,19,12,0,0,None,30.6,0.0,15000,10857
1,2025-12-03,2,20,12,0,1,Major,26.7,0.0,15000,15000
1,2025-12-03,2,21,12,0,0,None,24.6,0.0,15000,8009
1,2025-12-03,2,21,12,0,1,Minor,30.7,0.8,15000,11515
1,2025-12-03,2,22,12,0,1,Major,31.2,0.1,15000,10376
1,2025-12-03,2,23,12,0,0,None,27.2,0.0,15000,2451
1,2025-12-04,3,0,12,0,0,None,21.2,1.1,15000,1183
1,2025-12-04,3,0,12,0,1,Minor,30.0,0.8,15000,1537
1,2025-12-04,3,1,12,0,1,Minor,26.4,0.4,15000,1388
1,2025-12-04,3,2,12,0,0,None,26.9,0.2,15000,530
1,2025-12-04,3,3,12,0,0,None,19.3,0.0,15000,705
1,2025-12-04,3,3,12,0,0,None,34.2,2.2,15000,903
1,2025-12-04,3,4,12,0,0,None,27.4,0.2,15000,657
1,2025-12-04,3,5,12,0,0,None,26.7,1.1,15000,1423
1,2025-12-04,3,6,12,0,0,None,25.8,0.0,15000,2402
1,2025-12-04,3,6,12,0,0,None,27.2,1.3,15000,2439
1,2025-12-04,3,7,12,0,0,None,21.4,0.2,15000,4015
1,2025-12-04,3,8,12,0,0,None,23.4,0.0,15000,5755
1,2025-12-04,3,8,12,0,0,None,19.9,0.0,15000,5937
1,2025-12-04,3,9,12,0,0,None,27.3,0.0,15000,7125
1,2025-12-04,3,10,12,0,0,None,32.4,0.2,15000,8023
1,2025-12-04,3,11,12,0,1,Major,25.8,1.9,15000,14759
1,2025-12-04,3,11,12,0,0,None,27.3,0.3,15000,7259
1,2025-12-04,3,12,12,0,0,None,28.1,0.7,15000,6091
1,2025-12-04,3,13,12,0,0,None,19.5,0.9,15000,5120
1,2025-12-04,3,14,12,0,1,Minor,32.2,0.8,15000,6023
1,2025-12-04,3,14,12,0,0,None,25.2,0.0,15000,4243
1,2025-12-04,3,15,12,0,0,None,29.7,0.0,15000,5065
1,2025-12-04,3,16,12,0,0,None,27.0,3.4,15000,6161
1,2025-12-04,3,16,12,0,0,None,17.1,0.7,15000,6083
1,2025-12-04,3,17,12,0,0,None,35.5,1.0,15000,8251
1,2025-12-04,3,18,12,0,1,Minor,30.0,0.7,15000,14455
1,2025-12-04,3,19,12,0,0,None,24.8,0.2,15000,11112
1,2025-12-04,3,19,12,0,0,None,28.9,0.3,15000,11113
1,2025-12-04,3,20,12,0,0,None,28.0,2.3,15000,10300
1,2025-12-04,3,21,12,0,0,None,21.2,0.0,15000,8255
1,2025-12-04,3,22,12,0,1,Minor,25.5,0.2,15000,7538
1,2025-12-04,3,22,12,0,0,None,17.5,1.7,15000,5085
1,2025-12-04,3,23,12,0,0,None,27.8,4.3,15000,2522
1,2025-12-05,4,0,12,0,0,None,18.6,2.3,15000,908
1,2025-12-05,4,0,12,0,0,None,33.3,0.7,15000,963
1,2025-12-05,4,1,12,0,1,Minor,33.8,0.0,15000,1059
1,2025-12-05,4,2,12,0,0,None,25.2,0.3,15000,537
1,2025-12-05,4,3,12,0,0,None,28.3,1.0,15000,671
1,2025-12-05,4,3,12,0,1,Major,30.7,1.0,15000,1055
1,2025-12-05,4,4,12,0,0,None,25.7,0.6,15000,694
1,2025-12-05,4,5,12,0,0,None,20.5,0.0,15000,1496
1,2025-12-05,4,6,12,0,0,None,40.3,2.4,15000,2087
1,2025-12-05,4,6,12,0,0,None,22.3,1.1,15000,2520
1,2025-12-05,4,7,12,0,0,None,30.3,0.0,15000,3761
1,2025-12-05,4,8,12,0,0,None,33.2,2.5,15000,5913
1,2025-12-05,4,9,12,0,0,None,28.1,0.0,15000,7183
1,2025-12-05,4,9,12,0,0,None,31.8,0.5,15000,7093
1,2025-12-05,4,10,12,0,0,None,33.2,1.6,15000,7622
1,2025-12-05,4,11,12,0,0,None,28.6,0.7,15000,7265
1,2025-12-05,4,11,12,0,0,None,21.2,0.0,15000,7440
1,2025-12-05,4,12,12,0,0,None,24.8,1.8,15000,5873
1,2025-12-05,4,13,12,0,0,None,30.1,0.1,15000,4604
1,2025-12-05,4,14,12,0,1,Minor,18.9,0.2,15000,6142
1,2025-12-05,4,14,12,0,0,None,30.3,2.5,15000,4241
1,2025-12-05,4,15,12,0,0,None,23.6,1.0,15000,5207
1,2025-12-05,4,16,12,0,0,None,27.2,0.0,15000,5887
1,2025-12-05,4,17,12,0,0,None,32.1,0.2,15000,8033
1,2025-12-05,4,17,12,0,0,None,30.5,0.0,15000,8005
1,2025-12-05,4,18,12,0,0,None,27.4,1.7,15000,9828
1,2025-12-05,4,19,12,0,0,None,26.9,1.9,15000,10882
1,2025-12-05,4,19,12,0,0,None,26.2,0.6,15000,10922
1,2025-12-05,4,20,12,0,0,None,32.3,0.0,15000,10487
1,2025-12-05,4,21,12,0,0,None,24.6,0.0,15000,8130
1,2025-12-05,4,22,12,0,0,None,36.9,1.9,15000,4975
1,2025-12-05,4,22,12,0,0,None,26.6,2.2,15000,5111
1,2025-12-05,4,23,12,0,0,None,36.6,0.6,15000,2804
1,2025-12-06,5,0,12,1,1,Minor,36.9,0.8,15000,1779
1,2025-12-06,5,1,12,1,0,None,31.7,0.3,15000,853
1,2025-12-06,5,1,12,1,0,None,29.8,0.9,15000,930
1,2025-12-06,5,2,12,1,1,Minor,30.0,1.6,15000,709
1,2025-12-06,5,3,12,1,0,None,35.4,2.0,15000,817
1,2025-12-06,5,4,12,1,0,None,26.6,1.2,15000,1161
1,2025-12-06,5,4,12,1,0,None,26.8,1.6,15000,1200
1,2025-12-06,5,5,12,1,0,None,24.7,0.7,15000,2001
1,2025-12-06,5,6,12,1,0,None,28.5,3.7,15000,3406
1,2025-12-06,5,6,12,1,0,None,37.8,1.6,15000,2666
1,2025-12-06,5,7,12,1,0,None,15.3,1.0,15000,4612
1,2025-12-06,5,8,12,1,1,Minor,21.7,1.4,15000,10399
1,2025-12-06,5,9,12,1,0,None,25.3,1.3,15000,9360
1,2025-12-06,5,9,12,1,0,None,26.1,0.1,15000,9237
1,2025-12-06,5,10,12,1,0,None,31.3,0.0,15000,10272
1,2025-12-06,5,11,12,1,0,None,21.4,0.5,15000,9137
1,2025-12-06,5,12,12,1,0,None,23.6,0.0,15000,7184
1,2025-12-06,5,12,12,1,0,None,15.0,1.8,15000,7361
1,2025-12-06,5,13,12,1,0,None,23.5,0.0,15000,6022
1,2025-12-06,5,14,12,1,0,None,28.7,0.0,15000,4965
1,2025-12-06,5,14,12,1,0,None,24.3,0.0,15000,5220
1,2025-12-06,5,15,12,1,0,None,27.2,1.3,15000,6236
1,2025-12-06,5,16,12,1,0,None,33.2,0.8,15000,8067
1,2025-12-06,5,17,12,1,0,None,24.6,1.8,15000,10372
1,2025-12-06,5,17,12,1,0,None,26.1,0.3,15000,10569
1,2025-12-06,5,18,12,1,0,None,33.8,0.1,15000,12916
1,2025-12-06,5,19,12,1,0,None,28.3,0.5,15000,13827
1,2025-12-06,5,20,12,1,0,None,26.8,0.0,15000,13268
1,2025-12-06,5,20,12,1,0,None,27.0,0.0,15000,13088
1,2025-12-06,5,21,12,1,0,None,20.2,2.7,15000,10396
1,2025-12-06,5,22,12,1,0,None,20.6,0.0,15000,6884
1,2025-12-06,5,22,12,1,0,None,28.3,0.2,15000,6942
1,2025-12-06,5,23,12,1,0,None,31.3,0.9,15000,3698
1,2025-12-07,6,0,12,1,0,None,26.3,0.8,15000,1131
1,2025-12-07,6,1,12,1,0,None,26.4,0.9,15000,713
1,2025-12-07,6,1,12,1,0,None,28.3,0.7,15000,679
1,2025-12-07,6,2,12,1,0,None,24.4,0.0,15000,607
1,2025-12-07,6,3,12,1,0,None,24.7,0.0,15000,581
1,2025-12-07,6,4,12,1,0,None,19.6,0.2,15000,814
1,2025-12-07,6,4,12,1,0,None,29.5,0.0,15000,930
1,2025-12-07,6,5,12,1,0,None,26.0,1.3,15000,1936
1,2025-12-07,6,6,12,1,0,None,36.7,0.9,15000,3382
1,2025-12-07,6,7,12,1,1,Minor,34.4,0.0,15000,7493
1,2025-12-07,6,7,12,1,0,None,32.8,2.1,15000,5293
1,2025-12-07,6,8,12,1,0,None,33.5,0.0,15000,7145
1,2025-12-07,6,9,12,1,0,None,26.4,0.0,15000,9190
1,2025-12-07,6,9,12,1,0,None,20.7,0.6,15000,8878
1,2025-12-07,6,10,12,1,0,None,28.7,5.6,15000,8406
1,2025-12-07,6,11,12,1,0,None,22.9,0.1,15000,9383
1,2025-12-07,6,12,12,1,0,None,29.8,0.4,15000,7304
1,2025-12-07,6,12,12,1,0,None,26.6,1.0,15000,7231
1,2025-12-07,6,13,12,1,0,None,21.2,2.2,15000,6124
1,2025-12-07,6,14,12,1,0,None,26.6,1.0,15000,5175
1,2025-12-07,6,15,12,1,0,None,25.9,0.7,15000,6381
1,2025-12-07,6,15,12,1,0,None,19.3,0.0,15000,6207
1,2025-12-07,6,16,12,1,0,None,21.8,0.0,15000,7846
1,2025-12-07,6,17,12,1,0,None,17.5,0.0,15000,10160
1,2025-12-07,6,17,12,1,0,None,19.4,0.2,15000,10740
1,2025-12-07,6,18,12,1,0,None,28.6,0.0,15000,12664
1,2025-12-07,6,19,12,1,0,None,23.1,0.7,15000,13515
1,2025-12-07,6,20,12,1,0,None,30.7,0.0,15000,13190
1,2025-12-07,6,20,12,1,0,None,26.8,1.0,15000,13358
1,2025-12-07,6,21,12,1,0,None,23.1,0.3,15000,9869
1,2025-12-07,6,22,12,1,1,Minor,33.9,1.9,15000,9508
1,2025-12-07,6,23,12,1,0,None,19.7,0.4,15000,3522
1,2025-12-07,6,23,12,1,0,None,28.0,0.8,15000,3515
1,2025-12-08,0,0,12,0,0,None,33.6,0.5,15000,1217
1,2025-12-08,0,1,12,0,0,None,24.6,0.6,15000,818
1,2025-12-08,0,1,12,0,0,None,25.3,5.8,15000,828
1,2025-12-08,0,2,12,0,1,Minor,20.6,0.3,15000,822
1,2025-12-08,0,3,12,0,0,None,30.1,0.1,15000,667
1,2025-12-08,0,4,12,0,0,None,25.0,0.8,15000,749
1,2025-12-08,0,4,12,0,0,None,29.7,0.6,15000,800
1,2025-12-08,0,5,12,0,1,Minor,27.5,0.0,15000,1835
1,2025-12-08,0,6,12,0,0,None,22.4,0.6,15000,2620
1,2025-12-08,0,7,12,0,0,None,22.1,1.3,15000,4198
1,2025-12-08,0,7,12,0,0,None,34.7,2.0,15000,4110
1,2025-12-08,0,8,12,0,0,None,25.2,2.2,15000,5437
1,2025-12-08,0,9,12,0,0,None,30.2,1.1,15000,6929
1,2025-12-08,0,10,12,0,1,Major,23.8,0.0,15000,15000
1,2025-12-08,0,10,12,0,0,None,24.7,1.1,15000,7758
1,2025-12-08,0,11,12,0,0,None,23.3,1.0,15000,7287
1,2025-12-08,0,12,12,0,0,None,15.0,5.3,15000,5449
1,2025-12-08,0,12,12,0,0,None,29.7,0.0,15000,5922
1,2025-12-08,0,13,12,0,0,None,24.3,0.2,15000,5090
1,2025-12-08,0,14,12,0,1,Major,36.3,0.0,15000,8295
1,2025-12-08,0,15,12,0,0,None,36.7,0.4,15000,4703
1,2025-12-08,0,15,12,0,0,None,26.1,2.6,15000,4826
1,2025-12-08,0,16,12,0,1,Major,24.9,0.1,15000,12007
1,2025-12-08,0,17,12,0,0,None,18.7,0.0,15000,8093
1,2025-12-08,0,18,12,0,0,None,33.1,0.0,15000,10001
1,2025-12-08,0,18,12,0,0,None,23.6,0.9,15000,10168
1,2025-12-08,0,19,12,0,0,None,30.1,0.2,15000,11059
1,2025-12-08,0,20,12,0,0,None,23.4,0.1,15000,10242
1,2025-12-08,0,20,12,0,0,None,15.0,0.0,15000,10457
1,2025-12-08,0,21,12,0,0,None,30.2,4.6,15000,6876
1,2025-12-08,0,22,12,0,0,None,27.7,2.1,15000,5124
1,2025-12-08,0,23,12,0,0,None,27.6,0.8,15000,3168
1,2025-12-08,0,23,12,0,1,Major,33.5,1.1,15000,5672
1,2025-12-09,1,0,12,0,0,None,31.8,0.0,15000,1130
1,2025-12-09,1,1,12,0,0,None,34.1,0.1,15000,798
1,2025-12-09,1,2,12,0,0,None,37.1,3.2,15000,489
1,2025-12-09,1,2,12,0,0,None,21.8,3.2,15000,630
1,2025-12-09,1,3,12,0,0,None,26.4,0.6,15000,380
1,2025-12-09,1,4,12,0,1,Minor,27.8,3.6,15000,871
1,2025-12-09,1,4,12,0,1,Major,25.3,0.4,15000,1720
1,2025-12-09,1,5,12,0,0,None,27.2,0.0,15000,1439
1,2025-12-09,1,6,12,0,0,None,30.1,0.6,15000,2410
1,2025-12-09,1,7,12,0,0,None,31.1,0.3,15000,3973
1,2025-12-09,1,7,12,0,0,None,21.3,0.0,15000,3943
1,2025-12-09,1,8,12,0,1,Minor,36.9,0.0,15000,8151
1,2025-12-09,1,9,12,0,0,None,36.5,0.0,15000,6731
1,2025-12-09,1,10,12,0,0,None,20.0,0.7,15000,7760
1,2025-12-09,1,10,12,0,0,None,20.6,0.8,15000,8107
1,2025-12-09,1,11,12,0,0,None,19.3,0.0,15000,7119
1,2025-12-09,1,12,12,0,0,None,31.0,0.2,15000,5777
1,2025-12-09,1,13,12,0,1,Minor,26.8,0.0,15000,6827
1,2025-12-09,1,13,12,0,0,None,30.8,0.8,15000,4517
1,2025-12-09,1,14,12,0,0,None,22.7,1.3,15000,4271
1,2025-12-09,1,15,12,0,0,None,23.1,0.0,15000,4859
1,2025-12-09,1,15,12,0,0,None,25.4,0.1,15000,4724
1,2025-12-09,1,16,12,0,0,None,26.6,1.4,15000,5783
1,2025-12-09,1,17,12,0,0,None,29.4,5.0,15000,7241
1,2025-12-09,1,18,12,0,0,None,34.2,0.0,15000,9843
1,2025-12-09,1,18,12,0,1,Minor,33.1,0.0,15000,14355
1,2025-12-09,1,19,12,0,0,None,31.2,0.3,15000,10768
1,2025-12-09,1,20,12,0,1,Minor,23.1,0.0,15000,14705
1,2025-12-09,1,21,12,0,0,None,27.6,1.8,15000,7986
1,2025-12-09,1,21,12,0,0,None,19.1,2.8,15000,7963
1,2025-12-09,1,22,12,0,0,None,27.6,1.4,15000,5233
1,2025-12-09,1,23,12,0,0,None,28.9,0.4,15000,3027
1,2025-12-09,1,23,12,0,0,None,23.9,0.4,15000,2978
1,2025-12-10,2,0,12,0,0,None,29.5,0.1,15000,821
1,2025-12-10,2,1,12,0,0,None,24.4,0.0,15000,790
1,2025-12-10,2,2,12,0,0,None,22.6,1.7,15000,649
1,2025-12-10,2,2,12,0,0,None,24.5,0.3,15000,687
1,2025-12-10,2,3,12,0,0,None,23.7,0.0,15000,519
1,2025-12-10,2,4,12,0,0,None,24.7,0.1,15000,1032
1,2025-12-10,2,5,12,0,0,None,36.3,0.0,15000,1242
1,2025-12-10,2,5,12,0,1,Major,28.7,0.0,15000,2647
1,2025-12-10,2,6,12,0,0,None,24.4,0.0,15000,2254
1,2025-12-10,2,7,12,0,0,None,21.7,1.2,15000,3826
1,2025-12-10,2,8,12,0,0,None,25.1,3.6,15000,5674
1,2025-12-10,2,8,12,0,0,None,17.8,0.5,15000,5897
1,2025-12-10,2,9,12,0,0,None,33.6,0.0,15000,7426
1,2025-12-10,2,10,12,0,0,None,20.1,0.0,15000,7887
1,2025-12-10,2,10,12,0,0,None,32.4,3.1,15000,7553
1,2025-12-10,2,11,12,0,0,None,21.3,0.9,15000,7404
1,2025-12-10,2,12,12,0,0,None,25.4,0.2,15000,5691
1,2025-12-10,2,13,12,0,0,None,23.5,0.1,15000,4784
1,2025-12-10,2,13,12,0,0,None,27.8,0.1,15000,4533
1,2025-12-10,2,14,12,0,0,None,21.8,0.9,15000,4396
1,2025-12-10,2,15,12,0,1,Minor,15.5,0.5,15000,7094
1,2025-12-10,2,16,12,0,0,None,27.9,0.0,15000,6442
1,2025-12-10,2,16,12,0,0,None,24.8,1.1,15000,6050
1,2025-12-10,2,17,12,0,0,None,32.3,3.0,15000,8008
1,2025-12-10,2,18,12,0,0,None,21.2,3.8,15000,10173
1,2025-12-10,2,18,12,0,0,None,31.3,0.3,15000,10118
1,2025-12-10,2,19,12,0,0,None,22.8,0.0,15000,11210
1,2025-12-10,2,20,12,0,0,None,27.6,1.8,15000,10251
1,2025-12-10,2,21,12,0,0,None,36.6,0.9,15000,7696
1,2025-12-10,2,21,12,0,0,None,30.9,0.6,15000,8220
1,2025-12-10,2,22,12,0,0,None,21.3,2.1,15000,5234
1,2025-12-10,2,23,12,0,0,None,23.3,0.9,15000,2849
1,2025-12-11,3,0,12,0,0,None,29.2,0.0,15000,1015
1,2025-12-11,3,0,12,0,0,None,23.3,2.0,15000,938
1,2025-12-11,3,1,12,0,0,None,31.0,1.2,15000,560
1,2025-12-11,3,2,12,0,0,None,29.1,0.2,15000,494
1,2025-12-11,3,2,12,0,0,None,32.6,0.5,15000,306
1,2025-12-11,3,3,12,0,1,Minor,28.6,0.0,15000,1062
1,2025-12-11,3,4,12,0,0,None,25.7,0.8,15000,497
1,2025-12-11,3,5,12,0,0,None,28.4,0.9,15000,1577
1,2025-12-11,3,5,12,0,0,None,26.8,3.1,15000,1326
1,2025-12-11,3,6,12,0,0,None,19.6,0.0,15000,2613
1,2025-12-11,3,7,12,0,1,Minor,26.0,0.6,15000,5933
1,2025-12-11,3,8,12,0,0,None,31.2,0.4,15000,5579
1,2025-12-11,3,8,12,0,0,None,29.2,0.0,15000,5874
1,2025-12-11,3,9,12,0,0,None,33.5,1.9,15000,7085
1,2025-12-11,3,10,12,0,0,None,27.3,1.2,15000,7570
1,2025-12-11,3,11,12,0,0,None,34.9,1.9,15000,7382
1,2025-12-11,3,11,12,0,1,Minor,29.4,1.0,15000,10169
1,2025-12-11,3,12,12,0,0,None,29.8,1.5,15000,5768
1,2025-12-11,3,13,12,0,0,None,26.7,0.5,15000,4797
1,2025-12-11,3,13,12,0,1,Major,27.6,0.2,15000,9570
1,2025-12-11,3,14,12,0,1,Minor,28.7,0.0,15000,6037
1,2025-12-11,3,15,12,0,0,None,29.8,0.6,15000,4730
1,2025-12-11,3,16,12,0,0,None,28.7,3.2,15000,6238
1,2025-12-11,3,16,12,0,1,Major,29.3,0.8,15000,12396
1,2025-12-11,3,17,12,0,0,None,31.7,0.0,15000,8243
1,2025-12-11,3,18,12,0,0,None,31.3,1.4,15000,9932
1,2025-12-11,3,19,12,0,0,None,25.9,2.1,15000,11247
1,2025-12-11,3,19,12,0,0,None,21.9,0.0,15000,11144
1,2025-12-11,3,20,12,0,0,None,33.1,0.5,15000,10225
1,2025-12-11,3,21,12,0,0,None,22.6,1.0,15000,7936
1,2025-12-11,3,21,12,0,0,None,19.2,1.5,15000,7861
1,2025-12-11,3,22,12,0,0,None,26.3,0.0,15000,5259
1,2025-12-11,3,23,12,0,0,None,24.7,2.3,15000,2715
1,2025-12-12,4,0,12,0,0,None,33.4,0.0,15000,740
1,2025-12-12,4,0,12,0,0,None,33.5,0.3,15000,949
1,2025-12-12,4,1,12,0,0,None,31.6,0.1,15000,498
1,2025-12-12,4,2,12,0,1,Minor,26.9,0.3,15000,794
1,2025-12-12,4,3,12,0,1,Minor,26.5,0.5,15000,500
1,2025-12-12,4,3,12,0,0,None,28.0,0.1,15000,460
1,2025-12-12,4,4,12,0,0,None,24.3,0.0,15000,689
1,2025-12-12,4,5,12,0,1,Minor,31.8,0.9,15000,1713
1,2025-12-12,4,6,12,0,0,None,24.6,2.5,15000,2551
1,2025-12-12,4,6,12,0,0,None,34.2,1.9,15000,2673
1,2025-12-12,4,7,12,0,0,None,31.3,1.4,15000,4177
1,2025-12-12,4,8,12,0,0,None,25.9,3.0,15000,5637
1,2025-12-12,4,8,12,0,0,None,16.1,0.0,15000,5643
1,2025-12-12,4,9,12,0,0,None,25.4,2.1,15000,6825
1,2025-12-12,4,10,12,0,0,None,22.4,2.0,15000,8257
1,2025-12-12,4,11,12,0,0,None,26.8,1.7,15000,7099
1,2025-12-12,4,11,12,0,0,None,26.1,4.1,15000,6434
1,2025-12-12,4,12,12,0,0,None,27.0,0.0,15000,5602
1,2025-12-12,4,13,12,0,0,None,30.8,5.7,15000,4579
1,2025-12-12,4,14,12,0,0,None,32.5,1.8,15000,4146
1,2025-12-12,4,14,12,0,0,None,26.5,0.9,15000,4280
1,2025-12-12,4,15,12,0,0,None,28.0,0.4,15000,5029
1,2025-12-12,4,16,12,0,0,None,33.2,0.0,15000,5892
1,2025-12-12,4,16,12,0,0,None,29.4,0.0,15000,5767
1,2025-12-12,4,17,12,0,0,None,35.2,0.0,15000,8089
1,2025-12-12,4,18,12,0,0,None,19.8,0.0,15000,10061
1,2025-12-12,4,19,12,0,0,None,33.9,0.1,15000,11242
1,2025-12-12,4,19,12,0,0,None,29.3,0.0,15000,10916
1,2025-12-12,4,20,12,0,1,Minor,25.9,0.1,15000,14650
1,2025-12-12,4,21,12,0,0,None,27.7,0.0,15000,7955
1,2025-12-12,4,22,12,0,0,None,20.8,0.5,15000,5347
1,2025-12-12,4,22,12,0,0,None,15.0,0.1,15000,5272
1,2025-12-12,4,23,12,0,0,None,31.4,0.2,15000,2942
1,2025-12-13,5,0,12,1,0,None,27.4,0.2,15000,1159
1,2025-12-13,5,0,12,1,0,None,31.7,1.1,15000,1175
1,2025-12-13,5,1,12,1,0,None,23.7,0.4,15000,893
1,2025-12-13,5,2,12,1,1,Minor,35.7,0.3,15000,944
1,2025-12-13,5,3,12,1,1,Major,23.9,1.4,15000,1374
1,2025-12-13,5,3,12,1,0,None,28.8,1.5,15000,560
1,2025-12-13,5,4,12,1,0,None,19.4,2.7,15000,1032
1,2025-12-13,5,5,12,1,0,None,27.7,0.0,15000,1419
1,2025-12-13,5,6,12,1,0,None,21.1,0.0,15000,3106
1,2025-12-13,5,6,12,1,0,None,24.9,1.7,15000,2953
1,2025-12-13,5,7,12,1,1,Minor,25.1,0.6,15000,7217
1,2025-12-13,5,8,12,1,0,None,26.2,0.0,15000,7458
1,2025-12-13,5,9,12,1,0,None,31.7,1.0,15000,9027
1,2025-12-13,5,9,12,1,0,None,27.8,2.2,15000,9179
1,2025-12-13,5,10,12,1,0,None,20.1,2.0,15000,9788
1,2025-12-13,5,11,12,1,0,None,33.2,0.0,15000,9391
1,2025-12-13,5,11,12,1,0,None,33.1,3.5,15000,9455
1,2025-12-13,5,12,12,1,0,None,29.7,0.0,15000,7487
1,2025-12-13,5,13,12,1,0,None,26.2,0.1,15000,6169
1,2025-12-13,5,14,12,1,0,None,31.4,1.5,15000,5455
1,2025-12-13,5,14,12,1,0,None,23.0,0.0,15000,5158
1,2025-12-13,5,15,12,1,0,None,29.5,0.2,15000,6058
1,2025-12-13,5,16,12,1,0,None,23.4,0.0,15000,7812
1,2025-12-13,5,17,12,1,0,None,25.7,0.6,15000,10353
1,2025-12-13,5,17,12,1,0,None,24.8,2.3,15000,10391
1,2025-12-13,5,18,12,1,0,None,20.9,1.4,15000,12538
1,2025-12-13,5,19,12,1,0,None,34.6,0.7,15000,13916
1,2025-12-13,5,19,12,1,1,Minor,15.0,0.0,15000,15000
1,2025-12-13,5,20,12,1,0,None,17.5,4.4,15000,11193
1,2025-12-13,5,21,12,1,1,Minor,19.8,1.1,15000,14685
1,2025-12-13,5,22,12,1,0,None,20.3,0.6,15000,6838
1,2025-12-13,5,22,12,1,0,None,30.3,0.2,15000,6218
1,2025-12-13,5,23,12,1,0,None,31.6,0.0,15000,3518
1,2025-12-14,6,0,12,1,1,Minor,21.1,0.2,15000,1553
1,2025-12-14,6,1,12,1,0,None,28.0,0.4,15000,1035
1,2025-12-14,6,1,12,1,0,None,21.4,1.7,15000,835
1,2025-12-14,6,2,12,1,0,None,31.4,2.3,15000,745
1,2025-12-14,6,3,12,1,0,None,34.6,0.0,15000,612
1,2025-12-14,6,3,12,1,0,None,24.6,2.3,15000,331
1,2025-12-14,6,4,12,1,0,None,26.3,0.0,15000,1067
1,2025-12-14,6,5,12,1,0,None,32.0,1.2,15000,1686
1,2025-12-14,6,6,12,1,0,None,32.4,0.0,15000,3193
1,2025-12-14,6,6,12,1,0,None,36.1,1.1,15000,3145
1,2025-12-14,6,7,12,1,0,None,30.2,0.7,15000,5154
1,2025-12-14,6,8,12,1,0,None,32.0,2.4,15000,7378
1,2025-12-14,6,9,12,1,1,Major,15.0,0.5,15000,15000
1,2025-12-14,6,9,12,1,0,None,21.0,0.2,15000,9051
1,2025-12-14,6,10,12,1,1,Major,25.0,0.8,15000,15000
1,2025-12-14,6,11,12,1,0,None,30.9,0.0,15000,9696
1,2025-12-14,6,12,12,1,0,None,26.8,1.1,15000,7143
1,2025-12-14,6,12,12,1,0,None,22.7,0.0,15000,7489
1,2025-12-14,6,13,12,1,1,Minor,23.9,0.5,15000,8499
1,2025-12-14,6,14,12,1,0,None,29.5,0.3,15000,5505
1,2025-12-14,6,14,12,1,0,None,18.8,0.8,15000,5256
1,2025-12-14,6,15,12,1,0,None,23.9,3.0,15000,6199
1,2025-12-14,6,16,12,1,0,None,23.9,3.1,15000,7862
1,2025-12-14,6,17,12,1,0,None,28.1,0.8,15000,10124
1,2025-12-14,6,17,12,1,0,None,25.7,0.0,15000,10339
1,2025-12-14,6,18,12,1,1,Minor,25.7,0.0,15000,15000
1,2025-12-14,6,19,12,1,0,None,18.2,0.6,15000,14391
1,2025-12-14,6,20,12,1,1,Major,27.4,0.3,15000,15000
1,2025-12-14,6,20,12,1,0,None,22.6,2.9,15000,13317
1,2025-12-14,6,21,12,1,0,None,27.3,0.9,15000,10244
1,2025-12-14,6,22,12,1,0,None,19.9,0.0,15000,6546
1,2025-12-14,6,22,12,1,0,None,27.7,1.2,15000,6930
1,2025-12-14,6,23,12,1,0,None,29.3,1.0,15000,3320
1,2025-12-15,0,0,12,0,0,None,22.0,0.7,15000,602
1,2025-12-15,0,1,12,0,1,Minor,23.0,1.0,15000,1182
1,2025-12-15,0,1,12,0,0,None,28.9,0.0,15000,768
1,2025-12-15,0,2,12,0,0,None,33.3,2.0,15000,663
1,2025-12-15,0,3,12,0,0,None,20.3,0.1,15000,703
1,2025-12-15,0,4,12,0,0,None,37.0,1.3,15000,442
1,2025-12-15,0,4,12,0,0,None,15.0,1.2,15000,811
1,2025-12-15,0,5,12,0,0,None,33.1,2.1,15000,1486
1,2025-12-15,0,6,12,0,0,None,37.1,0.0,15000,2357
1,2025-12-15,0,6,12,0,0,None,23.7,0.1,15000,2611
1,2025-12-15,0,7,12,0,0,None,26.9,0.1,15000,3908
1,2025-12-15,0,8,12,0,0,None,23.9,2.0,15000,5916
1,2025-12-15,0,9,12,0,0,None,21.0,1.4,15000,7183
1,2025-12-15,0,9,12,0,0,None,23.9,0.4,15000,7156
1,2025-12-15,0,10,12,0,0,None,26.1,0.8,15000,7932
1,2025-12-15,0,11,12,0,0,None,29.0,0.3,15000,7127
1,2025-12-15,0,12,12,0,0,None,21.0,0.0,15000,5582
1,2025-12-15,0,12,12,0,0,None,28.0,1.9,15000,5727
1,2025-12-15,0,13,12,0,0,None,23.2,2.5,15000,4761
1,2025-12-15,0,14,12,0,1,Minor,32.8,0.4,15000,6071
1,2025-12-15,0,15,12,0,0,None,22.9,0.0,15000,4588
1,2025-12-15,0,15,12,0,0,None,27.2,0.0,15000,4677
1,2025-12-15,0,16,12,0,0,None,25.3,0.0,15000,6236
1,2025-12-15,0,17,12,0,0,None,28.6,0.7,15000,8356
1,2025-12-15,0,17,12,0,1,Major,18.4,0.1,15000,15000
1,2025-12-15,0,18,12,0,0,None,26.1,1.4,15000,10046
1,2025-12-15,0,19,12,0,1,Minor,21.5,2.6,15000,15000
1,2025-12-15,0,20,12,0,0,None,21.1,0.4,15000,10280
1,2025-12-15,0,20,12,0,0,None,23.4,0.7,15000,10393
1,2025-12-15,0,21,12,0,0,None,30.7,0.0,15000,8108
1,2025-12-15,0,22,12,0,0,None,24.9,1.2,15000,5094
1,2025-12-15,0,23,12,0,0,None,25.2,1.8,15000,2604
1,2025-12-15,0,23,12,0,0,None,20.7,0.1,15000,2578
1,2025-12-16,1,0,12,0,0,None,34.2,0.8,15000,785
1,2025-12-16,1,1,12,0,0,None,35.7,0.5,15000,555
1,2025-12-16,1,1,12,0,0,None,27.8,5.0,15000,637
1,2025-12-16,1,2,12,0,0,None,27.0,0.0,15000,446
1,2025-12-16,1,3,12,0,0,None,17.6,0.0,15000,533
1,2025-12-16,1,4,12,0,0,None,22.9,1.3,15000,674
1,2025-12-16,1,4,12,0,0,None,24.0,1.1,15000,1030
1,2025-12-16,1,5,12,0,0,None,22.0,0.9,15000,1628
1,2025-12-16,1,6,12,0,0,None,36.9,0.0,15000,2576
1,2025-12-16,1,7,12,0,0,None,15.2,0.2,15000,3727
1,2025-12-16,1,7,12,0,0,None,32.5,0.6,15000,3768
1,2025-12-16,1,8,12,0,1,Major,27.5,1.8,15000,11333
1,2025-12-16,1,9,12,0,1,Minor,32.9,0.0,15000,10371
1,2025-12-16,1,10,12,0,0,None,27.9,0.0,15000,8365
1,2025-12-16,1,10,12,0,1,Minor,35.7,0.0,15000,11487
1,2025-12-16,1,11,12,0,0,None,16.6,0.9,15000,7382
1,2025-12-16,1,12,12,0,0,None,37.7,0.3,15000,4695
1,2025-12-16,1,12,12,0,0,None,31.1,0.8,15000,5945
1,2025-12-16,1,13,12,0,0,None,27.1,0.1,15000,4752
1,2025-12-16,1,14,12,0,0,None,27.2,0.5,15000,3972
1,2025-12-16,1,15,12,0,0,None,39.9,0.1,15000,3993
1,2025-12-16,1,15,12,0,0,None,31.1,0.0,15000,4974
1,2025-12-16,1,16,12,0,0,None,21.7,0.2,15000,6178
1,2025-12-16,1,17,12,0,1,Minor,20.8,0.1,15000,11894
1,2025-12-16,1,18,12,0,0,None,33.6,0.0,15000,10036
1,2025-12-16,1,18,12,0,1,Minor,30.8,2.3,15000,14342
1,2025-12-16,1,19,12,0,0,None,22.2,1.3,15000,11010
1,2025-12-16,1,20,12,0,1,Minor,20.4,0.1,15000,14644
1,2025-12-16,1,20,12,0,0,None,23.9,1.8,15000,10322
1,2025-12-16,1,21,12,0,0,None,22.1,0.6,15000,7915
1,2025-12-16,1,22,12,0,0,None,31.1,1.0,15000,5079
1,2025-12-16,1,23,12,0,0,None,24.6,0.3,15000,2843
1,2025-12-16,1,23,12,0,1,Minor,27.9,2.5,15000,3917
1,2025-12-17,2,0,12,0,0,None,22.8,0.6,15000,762
1,2025-12-17,2,1,12,0,0,None,31.2,1.6,15000,569
1,2025-12-17,2,2,12,0,0,None,40.7,1.4,15000,347
1,2025-12-17,2,2,12,0,0,None,30.1,0.0,15000,670
1,2025-12-17,2,3,12,0,0,None,28.9,1.0,15000,298
1,2025-12-17,2,4,12,0,0,None,32.2,0.6,15000,760
1,2025-12-17,2,4,12,0,0,None,33.9,2.0,15000,714
1,2025-12-17,2,5,12,0,0,None,25.4,0.3,15000,1396
1,2025-12-17,2,6,12,0,0,None,26.7,3.5,15000,2179
1,2025-12-17,2,7,12,0,0,None,31.2,0.0,15000,3690
1,2025-12-17,2,7,12,0,0,None,32.1,2.2,15000,3586
1,2025-12-17,2,8,12,0,0,None,22.5,0.0,15000,6087
1,2025-12-17,2,9,12,0,0,None,20.2,0.0,15000,6922
1,2025-12-17,2,10,12,0,0,None,22.3,2.6,15000,8095
1,2025-12-17,2,10,12,0,0,None,29.7,0.2,15000,8112
1,2025-12-17,2,11,12,0,0,None,30.2,1.3,15000,7248
1,2025-12-17,2,12,12,0,0,None,33.5,1.6,15000,6030
1,2025-12-17,2,13,12,0,1,Minor,21.8,0.0,15000,7079
1,2025-12-17,2,13,12,0,0,None,33.0,0.0,15000,4570
1,2025-12-17,2,14,12,0,0,None,23.9,1.2,15000,4342
1,2025-12-17,2,15,12,0,0,None,24.5,0.1,15000,4871
1,2025-12-17,2,15,12,0,0,None,28.2,0.0,15000,4667
1,2025-12-17,2,16,12,0,0,None,22.2,0.1,15000,5959
1,2025-12-17,2,17,12,0,0,None,29.9,3.8,15000,7894
1,2025-12-17,2,18,12,0,0,None,32.0,0.0,15000,9911
1,2025-12-17,2,18,12,0,0,None,27.8,0.7,15000,9802
1,2025-12-17,2,19,12,0,0,None,37.3,0.1,15000,9798
1,2025-12-17,2,20,12,0,0,None,30.1,0.0,15000,10359
1,2025-12-17,2,21,12,0,0,None,29.6,0.8,15000,7734
1,2025-12-17,2,21,12,0,0,None,23.0,0.4,15000,7904
1,2025-12-17,2,22,12,0,0,None,29.8,0.0,15000,5320
1,2025-12-17,2,23,12,0,0,None,23.4,1.7,15000,2718
1,2025-12-17,2,23,12,0,0,None,35.0,4.2,15000,2746
1,2025-12-18,3,0,12,0,0,None,25.2,0.0,15000,1068
1,2025-12-18,3,1,12,0,0,None,19.6,0.0,15000,601
1,2025-12-18,3,2,12,0,0,None,33.2,1.4,15000,817
1,2025-12-18,3,2,12,0,0,None,29.1,4.0,15000,130
1,2025-12-18,3,3,12,0,1,Minor,16.8,0.0,15000,858
1,2025-12-18,3,4,12,0,0,None,29.2,0.0,15000,1163
1,2025-12-18,3,5,12,0,0,None,23.5,0.0,15000,1106
1,2025-12-18,3,5,12,0,0,None,26.3,0.2,15000,1246
1,2025-12-18,3,6,12,0,0,None,30.4,1.3,15000,2576
1,2025-12-18,3,7,12,0,0,None,26.2,0.0,15000,4106
1,2025-12-18,3,8,12,0,0,None,22.2,3.5,15000,5768
1,2025-12-18,3,8,12,0,0,None,15.1,0.0,15000,5590
1,2025-12-18,3,9,12,0,0,None,29.9,0.8,15000,7465
1,2025-12-18,3,10,12,0,0,None,22.8,1.0,15000,7973
1,2025-12-18,3,10,12,0,0,None,22.6,0.4,15000,7851
1,2025-12-18,3,11,12,0,0,None,29.5,1.7,15000,7069
1,2025-12-18,3,12,12,0,0,None,25.1,0.0,15000,5752
1,2025-12-18,3,13,12,0,1,Major,28.3,1.4,15000,9472
1,2025-12-18,3,13,12,0,0,None,27.9,0.0,15000,4610
1,2025-12-18,3,14,12,0,0,None,23.0,0.1,15000,3994
1,2025-12-18,3,15,12,0,0,None,22.5,0.5,15000,4661
1,2025-12-18,3,16,12,0,0,None,27.4,0.0,15000,6000
1,2025-12-18,3,16,12,0,0,None,27.9,0.1,15000,6132
1,2025-12-18,3,17,12,0,0,None,28.8,0.9,15000,8143
1,2025-12-18,3,18,12,0,1,Minor,26.6,0.0,15000,14693
1,2025-12-18,3,18,12,0,0,None,31.4,1.7,15000,10062
1,2025-12-18,3,19,12,0,0,None,31.3,0.6,15000,10837
1,2025-12-18,3,20,12,0,1,Minor,25.2,0.7,15000,14775
1,2025-12-18,3,21,12,0,1,Minor,28.1,0.0,15000,11226
1,2025-12-18,3,21,12,0,0,None,28.4,0.0,15000,8022
1,2025-12-18,3,22,12,0,0,None,29.7,0.2,15000,4899
1,2025-12-18,3,23,12,0,0,None,20.3,0.7,15000,2625
1,2025-12-19,4,0,12,0,0,None,36.0,0.3,15000,934
1,2025-12-19,4,0,12,0,0,None,20.5,2.3,15000,945
1,2025-12-19,4,1,12,0,0,None,27.4,1.0,15000,750
1,2025-12-19,4,2,12,0,0,None,26.5,0.0,15000,541
1,2025-12-19,4,2,12,0,0,None,23.5,1.8,15000,927
1,2025-12-19,4,3,12,0,0,None,25.0,0.5,15000,513
1,2025-12-19,4,4,12,0,0,None,24.3,1.9,15000,404
1,2025-12-19,4,5,12,0,1,Minor,20.0,0.0,15000,1933
1,2025-12-19,4,5,12,0,0,None,24.8,2.1,15000,755
1,2025-12-19,4,6,12,0,0,None,18.9,1.6,15000,2535
1,2025-12-19,4,7,12,0,0,None,30.0,0.7,15000,4038
1,2025-12-19,4,8,12,0,0,None,27.2,1.6,15000,5997
1,2025-12-19,4,8,12,0,0,None,24.5,0.0,15000,5725
1,2025-12-19,4,9,12,0,0,None,21.3,0.4,15000,6877
1,2025-12-19,4,10,12,0,0,None,33.8,0.0,15000,7998
1,2025-12-19,4,11,12,0,0,None,28.5,0.1,15000,7625
1,2025-12-19,4,11,12,0,0,None,18.5,0.8,15000,7023
1,2025-12-19,4,12,12,0,0,None,36.0,0.3,15000,5731
1,2025-12-19,4,13,12,0,0,None,27.2,0.0,15000,4660
1,2025-12-19,4,13,12,0,0,None,27.0,0.3,15000,4797
1,2025-12-19,4,14,12,0,0,None,33.3,0.1,15000,4470
1,2025-12-19,4,15,12,0,0,None,30.8,1.1,15000,5204
1,2025-12-19,4,16,12,0,0,None,23.5,1.3,15000,6342
1,2025-12-19,4,16,12,0,0,None,28.8,0.0,15000,6206
1,2025-12-19,4,17,12,0,0,None,23.9,1.0,15000,8123
1,2025-12-19,4,18,12,0,0,None,24.7,0.7,15000,9633
1,2025-12-19,4,19,12,0,1,Minor,28.2,0.8,15000,15000
1,2025-12-19,4,19,12,0,0,None,23.8,1.4,15000,11050
1,2025-12-19,4,20,12,0,0,None,22.1,0.0,15000,10390
1,2025-12-19,4,21,12,0,0,None,33.5,0.6,15000,7578
1,2025-12-19,4,21,12,0,0,None,26.0,0.0,15000,7843
1,2025-12-19,4,22,12,0,0,None,25.9,1.4,15000,5317
1,2025-12-19,4,23,12,0,0,None,25.8,0.1,15000,2946
1,2025-12-20,5,0,12,1,0,None,16.5,0.0,15000,1156
1,2025-12-20,5,0,12,1,0,None,28.3,0.0,15000,906
1,2025-12-20,5,1,12,1,0,None,35.3,0.0,15000,779
1,2025-12-20,5,2,12,1,0,None,30.2,0.8,15000,572
1,2025-12-20,5,3,12,1,0,None,22.4,0.0,15000,845
1,2025-12-20,5,3,12,1,1,Minor,22.9,0.3,15000,981
1,2025-12-20,5,4,12,1,1,Major,23.8,1.1,15000,2100
1,2025-12-20,5,5,12,1,0,None,24.8,2.5,15000,1488
1,2025-12-20,5,5,12,1,0,None,28.9,0.9,15000,1965
1,2025-12-20,5,6,12,1,0,None,31.4,0.0,15000,3261
1,2025-12-20,5,7,12,1,0,None,23.9,0.2,15000,5101
1,2025-12-20,5,8,12,1,0,None,25.1,0.0,15000,7136
1,2025-12-20,5,8,12,1,0,None,29.0,2.0,15000,7372
1,2025-12-20,5,9,12,1,1,Minor,26.3,0.3,15000,13487
1,2025-12-20,5,10,12,1,0,None,19.6,0.2,15000,10242
1,2025-12-20,5,11,12,1,0,None,29.1,0.6,15000,8978
1,2025-12-20,5,11,12,1,0,None,28.9,0.0,15000,9016
1,2025-12-20,5,12,12,1,0,None,24.9,2.7,15000,7265
1,2025-12-20,5,13,12,1,0,None,23.6,0.0,15000,5921
1,2025-12-20,5,14,12,1,0,None,23.7,0.0,15000,5369
1,2025-12-20,5,14,12,1,0,None,32.3,0.4,15000,5439
1,2025-12-20,5,15,12,1,0,None,30.5,0.1,15000,6457
1,2025-12-20,5,16,12,1,0,None,33.1,0.0,15000,8005
1,2025-12-20,5,16,12,1,0,None,20.5,0.0,15000,7803
1,2025-12-20,5,17,12,1,0,None,17.8,0.6,15000,10175
1,2025-12-20,5,18,12,1,1,Minor,25.3,0.0,15000,15000
1,2025-12-20,5,19,12,1,0,None,32.3,0.0,15000,14211
1,2025-12-20,5,19,12,1,0,None,33.8,0.0,15000,13897
1,2025-12-20,5,20,12,1,0,None,33.6,4.6,15000,11606
1,2025-12-20,5,21,12,1,0,None,31.5,0.0,15000,10175
1,2025-12-20,5,22,12,1,1,Minor,29.2,1.1,15000,9601
1,2025-12-20,5,22,12,1,0,None,25.7,0.4,15000,6635
1,2025-12-20,5,23,12,1,0,None,29.0,0.0,15000,3830
1,2025-12-21,6,0,12,1,0,None,23.7,0.2,15000,1012
1,2025-12-21,6,0,12,1,0,None,24.9,0.7,15000,1382
1,2025-12-21,6,1,12,1,0,None,32.4,0.0,15000,888
1,2025-12-21,6,2,12,1,0,None,26.5,0.8,15000,530
1,2025-12-21,6,3,12,1,1,Major,34.1,6.2,15000,974
1,2025-12-21,6,3,12,1,0,None,25.8,0.0,15000,515
1,2025-12-21,6,4,12,1,1,Major,32.0,2.0,15000,2001
1,2025-12-21,6,5,12,1,1,Minor,26.9,0.2,15000,2237
1,2025-12-21,6,6,12,1,0,None,25.0,0.0,15000,3096
1,2025-12-21,6,6,12,1,0,None,34.2,0.2,15000,3107
1,2025-12-21,6,7,12,1,0,None,29.6,1.5,15000,4935
1,2025-12-21,6,8,12,1,1,Minor,26.2,0.8,15000,10376
1,2025-12-21,6,8,12,1,0,None,33.1,0.4,15000,7494
1,2025-12-21,6,9,12,1,0,None,35.4,1.6,15000,9150
1,2025-12-21,6,10,12,1,0,None,17.9,0.3,15000,10117
1,2025-12-21,6,11,12,1,1,Major,23.4,0.0,15000,15000
1,2025-12-21,6,11,12,1,0,None,27.2,0.8,15000,9248
1,2025-12-21,6,12,12,1,0,None,23.2,2.2,15000,7497
1,2025-12-21,6,13,12,1,0,None,22.4,0.2,15000,6090
1,2025-12-21,6,14,12,1,0,None,34.9,0.0,15000,5512
1,2025-12-21,6,14,12,1,0,None,22.8,0.0,15000,5397
1,2025-12-21,6,15,12,1,1,Major,20.1,0.2,15000,12216
1,2025-12-21,6,16,12,1,0,None,25.5,0.0,15000,7850
1,2025-12-21,6,17,12,1,0,None,31.2,0.3,15000,10380
1,2025-12-21,6,17,12,1,0,None,27.0,0.4,15000,10560
1,2025-12-21,6,18,12,1,0,None,23.1,0.7,15000,13090
1,2025-12-21,6,19,12,1,0,None,33.5,0.2,15000,14100
1,2025-12-21,6,19,12,1,0,None,30.4,1.0,15000,14099
1,2025-12-21,6,20,12,1,0,None,26.5,4.5,15000,11573
1,2025-12-21,6,21,12,1,0,None,32.0,1.0,15000,10296
1,2025-12-21,6,22,12,1,0,None,23.7,0.1,15000,6609
1,2025-12-21,6,22,12,1,0,None,21.4,0.0,15000,6715
1,2025-12-21,6,23,12,1,0,None,30.5,0.0,15000,3601
1,2025-12-22,0,0,12,0,0,None,40.2,0.6,15000,809
1,2025-12-22,0,1,12,0,0,None,17.6,0.0,15000,665
1,2025-12-22,0,1,12,0,0,None,22.7,1.7,15000,804
1,2025-12-22,0,2,12,0,0,None,32.1,0.0,15000,507
1,2025-12-22,0,3,12,0,0,None,27.1,0.0,15000,607
1,2025-12-22,0,3,12,0,0,None,28.4,0.0,15000,735
1,2025-12-22,0,4,12,0,0,None,28.2,0.0,15000,764
1,2025-12-22,0,5,12,0,0,None,25.8,0.0,15000,1093
1,2025-12-22,0,6,12,0,0,None,22.4,3.8,15000,2242
1,2025-12-22,0,6,12,0,1,Minor,38.6,0.9,15000,3077
1,2025-12-22,0,7,12,0,0,None,30.4,0.5,15000,4057
1,2025-12-22,0,8,12,0,0,None,18.1,0.1,15000,5688
1,2025-12-22,0,9,12,0,0,None,29.2,0.0,15000,6776
1,2025-12-22,0,9,12,0,0,None,26.1,0.0,15000,7289
1,2025-12-22,0,10,12,0,0,None,25.3,0.2,15000,8031
1,2025-12-22,0,11,12,0,0,None,22.8,0.0,15000,7186
1,2025-12-22,0,12,12,0,0,None,30.4,0.0,15000,5695
1,2025-12-22,0,12,12,0,0,None,21.3,0.9,15000,6080
1,2025-12-22,0,13,12,0,0,None,30.9,1.5,15000,4779
1,2025-12-22,0,14,12,0,0,None,23.0,0.0,15000,4300
1,2025-12-22,0,14,12,0,0,None,25.6,0.6,15000,4415
1,2025-12-22,0,15,12,0,0,None,32.1,0.4,15000,4846
1,2025-12-22,0,16,12,0,1,Major,29.4,1.2,15000,12542
1,2025-12-22,0,17,12,0,0,None,27.1,0.7,15000,7808
1,2025-12-22,0,17,12,0,0,None,29.4,1.2,15000,8288
1,2025-12-22,0,18,12,0,0,None,31.3,1.4,15000,9855
1,2025-12-22,0,19,12,0,0,None,33.6,0.0,15000,10348
1,2025-12-22,0,20,12,0,0,None,38.9,0.0,15000,9154
1,2025-12-22,0,20,12,0,0,None,25.5,0.7,15000,10292
1,2025-12-22,0,21,12,0,0,None,30.1,5.6,15000,7101
1,2025-12-22,0,22,12,0,0,None,28.0,1.3,15000,4987
1,2025-12-22,0,22,12,0,0,None,30.5,1.3,15000,5059
1,2025-12-22,0,23,12,0,0,None,25.5,2.2,15000,2607
1,2025-12-23,1,0,12,0,0,None,21.5,1.1,15000,819
1,2025-12-23,1,1,12,0,0,None,28.5,0.0,15000,568
1,2025-12-23,1,1,12,0,0,None,22.9,0.1,15000,659
1,2025-12-23,1,2,12,0,0,None,18.5,2.1,15000,138
1,2025-12-23,1,3,12,0,0,None,31.6,0.0,15000,319
1,2025-12-23,1,4,12,0,0,None,27.4,0.1,15000,936
1,2025-12-23,1,4,12,0,0,None,27.6,0.0,15000,636
1,2025-12-23,1,5,12,0,0,None,27.1,0.0,15000,1205
1,2025-12-23,1,6,12,0,0,None,15.0,1.3,15000,2351
1,2025-12-23,1,6,12,0,0,None,19.5,0.0,15000,2013
1,2025-12-23,1,7,12,0,0,None,24.7,0.8,15000,3749
1,2025-12-23,1,8,12,0,0,None,29.3,0.5,15000,5715
1,2025-12-23,1,9,12,0,0,None,25.1,0.2,15000,7448
1,2025-12-23,1,9,12,0,0,None,28.4,0.0,15000,7175
1,2025-12-23,1,10,12,0,0,None,33.4,0.0,15000,7753
1,2025-12-23,1,11,12,0,0,None,24.3,1.1,15000,7073
1,2025-12-23,1,12,12,0,0,None,26.8,0.0,15000,6078
1,2025-12-23,1,12,12,0,0,None,24.4,0.0,15000,5692
1,2025-12-23,1,13,12,0,0,None,20.6,0.2,15000,4898
1,2025-12-23,1,14,12,0,0,None,34.4,0.0,15000,4089
1,2025-12-23,1,15,12,0,0,None,38.9,0.7,15000,3942
1,2025-12-23,1,15,12,0,0,None,18.4,4.7,15000,4214
1,2025-12-23,1,16,12,0,0,None,24.4,0.0,15000,6165
1,2025-12-23,1,17,12,0,0,None,30.7,0.0,15000,8394
1,2025-12-23,1,17,12,0,0,None,23.6,0.0,15000,8193
1,2025-12-23,1,18,12,0,1,Major,27.8,0.5,15000,15000
1,2025-12-23,1,19,12,0,0,None,25.0,2.4,15000,10869
1,2025-12-23,1,20,12,0,0,None,24.0,0.4,15000,10337
1,2025-12-23,1,20,12,0,1,Minor,19.3,0.6,15000,14731
1,2025-12-23,1,21,12,0,0,None,26.3,1.2,15000,7968
1,2025-12-23,1,22,12,0,0,None,28.1,0.7,15000,4990
1,2025-12-23,1,23,12,0,0,None,20.5,0.0,15000,2815
1,2025-12-23,1,23,12,0,0,None,23.7,0.2,15000,2722
1,2025-12-24,2,0,12,0,0,None,22.6,0.0,15000,717
1,2025-12-24,2,1,12,0,0,None,29.4,0.7,15000,674
1,2025-12-24,2,1,12,0,0,None,25.5,0.0,15000,647
1,2025-12-24,2,2,12,0,0,None,24.4,0.0,15000,548
1,2025-12-24,2,3,12,0,0,None,25.3,1.5,15000,808
1,2025-12-24,2,4,12,0,0,None,24.1,1.6,15000,623
1,2025-12-24,2,4,12,0,0,None,32.1,0.8,15000,720
1,2025-12-24,2,5,12,0,0,None,32.5,0.2,15000,1412
1,2025-12-24,2,6,12,0,0,None,22.4,1.0,15000,2423
1,2025-12-24,2,7,12,0,0,None,21.1,1.1,15000,4202
1,2025-12-24,2,7,12,0,0,None,22.9,2.9,15000,3534
1,2025-12-24,2,8,12,0,0,None,21.8,0.3,15000,6005
1,2025-12-24,2,9,12,0,0,None,28.6,1.5,15000,7152
1,2025-12-24,2,10,12,0,0,None,18.7,0.0,15000,8221
1,2025-12-24,2,10,12,0,1,Major,32.9,0.7,15000,15000
1,2025-12-24,2,11,12,0,0,None,18.4,2.2,15000,7383
1,2025-12-24,2,12,12,0,0,None,31.6,0.0,15000,5785
1,2025-12-24,2,12,12,0,1,Minor,32.9,0.1,15000,8329
1,2025-12-24,2,13,12,0,0,None,23.7,4.5,15000,4390
1,2025-12-24,2,14,12,0,1,Minor,23.5,0.1,15000,6050
1,2025-12-24,2,15,12,0,0,None,28.7,0.3,15000,4815
1,2025-12-24,2,15,12,0,0,None,34.0,4.5,15000,4451
1,2025-12-24,2,16,12,0,0,None,23.8,0.0,15000,6409
1,2025-12-24,2,17,12,0,0,None,18.5,1.0,15000,7826
1,2025-12-24,2,18,12,0,0,None,40.4,0.2,15000,9001
1,2025-12-24,2,18,12,0,0,None,21.5,1.2,15000,9958
1,2025-12-24,2,19,12,0,0,None,25.6,2.6,15000,11157
1,2025-12-24,2,20,12,0,0,None,30.0,0.0,15000,10465
1,2025-12-24,2,20,12,0,0,None,23.4,0.4,15000,10401
1,2025-12-24,2,21,12,0,1,Minor,22.8,0.9,15000,11547
1,2025-12-24,2,22,12,0,0,None,28.8,1.4,15000,5144
1,2025-12-24,2,23,12,0,0,None,22.8,0.4,15000,2833
1,2025-12-24,2,23,12,0,0,None,31.6,3.3,15000,3149
1,2025-12-25,3,0,12,0,1,Major,26.5,2.7,15000,1714
1,2025-12-25,3,1,12,0,0,None,33.7,0.1,15000,886
1,2025-12-25,3,2,12,0,0,None,19.8,1.5,15000,724
1,2025-12-25,3,2,12,0,0,None,31.1,0.2,15000,516
1,2025-12-25,3,3,12,0,1,Minor,28.0,0.0,15000,548
1,2025-12-25,3,4,12,0,1,Minor,31.6,1.9,15000,1242
1,2025-12-25,3,4,12,0,0,None,34.1,0.7,15000,638
1,2025-12-25,3,5,12,0,1,Major,24.1,0.0,15000,2617
1,2025-12-25,3,6,12,0,1,Minor,19.1,0.0,15000,3440
1,2025-12-25,3,7,12,0,0,None,33.5,0.0,15000,4038
1,2025-12-25,3,7,12,0,0,None,19.3,0.0,15000,3837
1,2025-12-25,3,8,12,0,0,None,23.3,0.2,15000,6020
1,2025-12-25,3,9,12,0,0,None,29.9,0.0,15000,7383
1,2025-12-25,3,10,12,0,0,None,17.9,0.1,15000,7907
1,2025-12-25,3,10,12,0,1,Major,23.2,0.0,15000,15000
1,2025-12-25,3,11,12,0,1,Major,25.4,0.0,15000,14480
1,2025-12-25,3,12,12,0,0,None,25.1,0.7,15000,5479
1,2025-12-25,3,13,12,0,0,None,35.5,1.0,15000,4748
1,2025-12-25,3,13,12,0,0,None,37.4,0.1,15000,4380
1,2025-12-25,3,14,12,0,0,None,24.2,0.0,15000,4397
1,2025-12-25,3,15,12,0,0,None,21.0,2.9,15000,4740
1,2025-12-25,3,15,12,0,0,None,25.6,0.0,15000,4841
1,2025-12-25,3,16,12,0,0,None,24.5,1.7,15000,6138
1,2025-12-25,3,17,12,0,0,None,28.5,0.0,15000,8126
1,2025-12-25,3,18,12,0,0,None,25.8,2.1,15000,10197
1,2025-12-25,3,18,12,0,0,None,32.9,0.3,15000,10098
1,2025-12-25,3,19,12,0,0,None,22.7,0.8,15000,10784
1,2025-12-25,3,20,12,0,0,None,15.0,1.5,15000,10227
1,2025-12-25,3,21,12,0,0,None,23.7,0.0,15000,7977
1,2025-12-25,3,21,12,0,0,None,22.0,0.6,15000,8284
1,2025-12-25,3,22,12,0,0,None,33.0,0.2,15000,5486
1,2025-12-25,3,23,12,0,0,None,27.2,0.0,15000,2700
1,2025-12-25,3,23,12,0,0,None,36.5,0.2,15000,2878
1,2025-12-26,4,0,12,0,0,None,35.1,0.0,15000,877
1,2025-12-26,4,1,12,0,0,None,22.8,0.4,15000,667
1,2025-12-26,4,2,12,0,0,None,32.2,0.6,15000,673
1,2025-12-26,4,2,12,0,0,None,26.2,0.7,15000,342
1,2025-12-26,4,3,12,0,0,None,25.7,0.4,15000,345
1,2025-12-26,4,4,12,0,0,None,36.4,0.0,15000,397
1,2025-12-26,4,5,12,0,0,None,23.3,3.1,15000,1270
1,2025-12-26,4,5,12,0,1,Minor,30.1,0.0,15000,1962
1,2025-12-26,4,6,12,0,0,None,18.4,1.3,15000,2309
1,2025-12-26,4,7,12,0,0,None,25.0,0.9,15000,3889
1,2025-12-26,4,7,12,0,1,Major,28.0,0.6,15000,8166
1,2025-12-26,4,8,12,0,0,None,20.0,0.0,15000,5749
1,2025-12-26,4,9,12,0,0,None,21.2,1.6,15000,7313
1,2025-12-26,4,10,12,0,0,None,29.2,0.1,15000,7616
1,2025-12-26,4,10,12,0,0,None,31.1,0.8,15000,7943
1,2025-12-26,4,11,12,0,0,None,19.1,0.0,15000,7238
1,2025-12-26,4,12,12,0,0,None,29.2,1.0,15000,6233
1,2025-12-26,4,13,12,0,0,None,21.8,0.0,15000,4405
1,2025-12-26,4,13,12,0,0,None,23.9,1.1,15000,4779
1,2025-12-26,4,14,12,0,0,None,28.4,0.8,15000,4182
1,2025-12-26,4,15,12,0,0,None,26.9,1.4,15000,4807
1,2025-12-26,4,16,12,0,0,None,25.7,1.3,15000,6419
1,2025-12-26,4,16,12,0,0,None,22.4,0.8,15000,6067
1,2025-12-26,4,17,12,0,0,None,19.9,0.0,15000,8200
1,2025-12-26,4,18,12,0,0,None,32.1,0.0,15000,10019
1,2025-12-26,4,18,12,0,0,None,34.5,0.0,15000,9987
1,2025-12-26,4,19,12,0,0,None,19.8,0.1,15000,11095
1,2025-12-26,4,20,12,0,0,None,17.9,0.5,15000,10084
1,2025-12-26,4,21,12,0,0,None,25.8,0.0,15000,7762
1,2025-12-26,4,21,12,0,0,None,38.9,0.0,15000,6973
1,2025-12-26,4,22,12,0,0,None,26.9,3.5,15000,5253
1,2025-12-26,4,23,12,0,1,Major,22.4,0.1,15000,5606
1,2025-12-27,5,0,12,1,0,None,31.1,0.0,15000,1214
1,2025-12-27,5,0,12,1,0,None,39.3,0.5,15000,885
1,2025-12-27,5,1,12,1,0,None,26.3,0.0,15000,585
1,2025-12-27,5,2,12,1,1,Minor,25.7,0.6,15000,1008
1,2025-12-27,5,2,12,1,1,Minor,28.8,0.0,15000,1012
1,2025-12-27,5,3,12,1,0,None,22.4,0.6,15000,788
1,2025-12-27,5,4,12,1,0,None,28.5,0.0,15000,946
1,2025-12-27,5,5,12,1,0,None,24.3,0.0,15000,1543
1,2025-12-27,5,5,12,1,0,None,33.6,0.5,15000,1827
1,2025-12-27,5,6,12,1,0,None,30.6,0.4,15000,3084
1,2025-12-27,5,7,12,1,0,None,31.9,0.3,15000,5102
1,2025-12-27,5,8,12,1,0,None,32.7,5.8,15000,6423
1,2025-12-27,5,8,12,1,0,None,22.8,0.0,15000,7312
1,2025-12-27,5,9,12,1,0,None,15.8,0.9,15000,9320
1,2025-12-27,5,10,12,1,0,None,22.2,0.7,15000,10003
1,2025-12-27,5,10,12,1,0,None,24.9,2.0,15000,9989
1,2025-12-27,5,11,12,1,1,Minor,29.0,0.0,15000,13672
1,2025-12-27,5,12,12,1,0,None,32.9,2.5,15000,7275
1,2025-12-27,5,13,12,1,0,None,23.6,0.0,15000,6238
1,2025-12-27,5,13,12,1,0,None,21.2,0.4,15000,6209
1,2025-12-27,5,14,12,1,0,None,29.2,0.0,15000,5416
1,2025-12-27,5,15,12,1,0,None,23.7,0.9,15000,6332
1,2025-12-27,5,16,12,1,0,None,27.1,1.9,15000,8029
1,2025-12-27,5,16,12,1,1,Minor,19.3,0.5,15000,11069
1,2025-12-27,5,17,12,1,0,None,37.4,0.0,15000,8881
1,2025-12-27,5,18,12,1,0,None,33.5,2.0,15000,12930
1,2025-12-27,5,19,12,1,0,None,30.9,0.0,15000,13744
1,2025-12-27,5,19,12,1,0,None,29.7,0.0,15000,14076
1,2025-12-27,5,20,12,1,0,None,21.3,1.0,15000,12987
1,2025-12-27,5,21,12,1,0,None,26.1,0.0,15000,10083
1,2025-12-27,5,21,12,1,0,None,35.6,1.2,15000,10072
1,2025-12-27,5,22,12,1,0,None,32.7,0.2,15000,6671
1,2025-12-27,5,23,12,1,1,Major,18.9,0.0,15000,6820
1,2025-12-28,6,0,12,1,0,None,19.5,1.3,15000,1178
1,2025-12-28,6,0,12,1,0,None,29.7,3.7,15000,1012
1,2025-12-28,6,1,12,1,0,None,30.4,0.0,15000,895
1,2025-12-28,6,2,12,1,0,None,31.2,0.8,15000,760
1,2025-12-28,6,3,12,1,0,None,30.0,2.7,15000,611
1,2025-12-28,6,3,12,1,0,None,27.2,0.5,15000,569
1,2025-12-28,6,4,12,1,1,Minor,15.0,3.0,15000,1744
1,2025-12-28,6,5,12,1,0,None,30.2,0.1,15000,1734
1,2025-12-28,6,5,12,1,0,None,19.6,0.2,15000,1886
1,2025-12-28,6,6,12,1,0,None,33.5,2.7,15000,2894
1,2025-12-28,6,7,12,1,0,None,26.7,1.0,15000,5096
1,2025-12-28,6,8,12,1,0,None,22.3,0.1,15000,7242
1,2025-12-28,6,8,12,1,0,None,24.2,0.6,15000,7507
1,2025-12-28,6,9,12,1,0,None,34.9,0.5,15000,9115
1,2025-12-28,6,10,12,1,0,None,29.4,1.0,15000,9842
1,2025-12-28,6,11,12,1,0,None,33.3,0.5,15000,9387
1,2025-12-28,6,11,12,1,0,None,27.8,0.0,15000,9275
1,2025-12-28,6,12,12,1,0,None,16.2,3.5,15000,7186
1,2025-12-28,6,13,12,1,0,None,32.2,0.0,15000,6161
1,2025-12-28,6,14,12,1,0,None,31.2,0.9,15000,5367
1,2025-12-28,6,14,12,1,0,None,33.0,0.0,15000,5227
1,2025-12-28,6,15,12,1,0,None,34.4,1.9,15000,6397
1,2025-12-28,6,16,12,1,0,None,28.5,4.2,15000,6770
1,2025-12-28,6,16,12,1,0,None,32.4,0.2,15000,8247
1,2025-12-28,6,17,12,1,0,None,23.4,3.5,15000,10372
1,2025-12-28,6,18,12,1,0,None,20.6,2.8,15000,12648
1,2025-12-28,6,19,12,1,0,None,19.6,6.0,15000,12425
1,2025-12-28,6,19,12,1,0,None,34.9,2.6,15000,14158
1,2025-12-28,6,20,12,1,0,None,29.5,0.2,15000,13167
1,2025-12-28,6,21,12,1,0,None,30.0,2.4,15000,10265
1,2025-12-28,6,22,12,1,0,None,32.2,1.5,15000,6860
1,2025-12-28,6,22,12,1,1,Major,24.4,1.0,15000,13409
1,2025-12-28,6,23,12,1,0,None,35.0,3.5,15000,3449
1,2025-12-29,0,0,12,0,0,None,22.9,1.8,15000,1079
1,2025-12-29,0,0,12,0,0,None,34.6,0.4,15000,829
1,2025-12-29,0,1,12,0,0,None,33.7,2.2,15000,898
1,2025-12-29,0,2,12,0,0,None,26.2,0.6,15000,443
1,2025-12-29,0,3,12,0,0,None,24.6,1.5,15000,588
1,2025-12-29,0,3,12,0,0,None,23.6,1.6,15000,374
1,2025-12-29,0,4,12,0,0,None,24.2,3.8,15000,949
1,2025-12-29,0,5,12,0,0,None,26.8,0.9,15000,1186
1,2025-12-29,0,6,12,0,0,None,28.2,0.0,15000,2488
1,2025-12-29,0,6,12,0,0,None,21.5,1.4,15000,2019
1,2025-12-29,0,7,12,0,0,None,18.9,0.5,15000,3884
1,2025-12-29,0,8,12,0,0,None,33.5,0.8,15000,6013
1,2025-12-29,0,8,12,0,0,None,18.3,0.0,15000,5811
1,2025-12-29,0,9,12,0,0,None,23.3,0.2,15000,7039
1,2025-12-29,0,10,12,0,0,None,25.4,0.0,15000,7832
1,2025-12-29,0,11,12,0,0,None,23.7,0.8,15000,7409
1,2025-12-29,0,11,12,0,1,Minor,27.0,0.3,15000,10470
1,2025-12-29,0,12,12,0,0,None,23.8,0.0,15000,5893
1,2025-12-29,0,13,12,0,0,None,22.5,0.0,15000,4569
1,2025-12-29,0,14,12,0,0,None,25.8,0.3,15000,4368
1,2025-12-29,0,14,12,0,0,None,34.6,0.4,15000,4158
1,2025-12-29,0,15,12,0,0,None,22.9,0.0,15000,5137
1,2025-12-29,0,16,12,0,0,None,37.5,1.0,15000,5492
1,2025-12-29,0,17,12,0,0,None,33.5,2.7,15000,8029
1,2025-12-29,0,17,12,0,0,None,23.0,0.0,15000,8157
1,2025-12-29,0,18,12,0,0,None,26.9,0.8,15000,10324
1,2025-12-29,0,19,12,0,0,None,25.3,1.8,15000,10977
1,2025-12-29,0,19,12,0,0,None,30.4,2.1,15000,11108
1,2025-12-29,0,20,12,0,0,None,21.2,0.0,15000,10407
1,2025-12-29,0,21,12,0,0,None,23.7,0.2,15000,8189
1,2025-12-29,0,22,12,0,0,None,28.6,2.0,15000,5172
1,2025-12-29,0,22,12,0,0,None,36.1,0.2,15000,4994
1,2025-12-29,0,23,12,0,0,None,20.9,1.4,15000,2985
1,2025-12-30,1,0,12,0,0,None,32.4,0.9,15000,1229
1,2025-12-30,1,1,12,0,0,None,32.9,0.3,15000,700
1,2025-12-30,1,1,12,0,0,None,23.9,0.3,15000,767
1,2025-12-30,1,2,12,0,0,None,25.0,0.0,15000,291
1,2025-12-30,1,3,12,0,0,None,22.9,0.2,15000,424
1,2025-12-30,1,3,12,0,0,None,29.4,0.6,15000,279
1,2025-12-30,1,4,12,0,0,None,20.2,2.3,15000,676
1,2025-12-30,1,5,12,0,0,None,23.1,0.0,15000,1361
1,2025-12-30,1,6,12,0,0,None,25.2,0.0,15000,2366
1,2025-12-30,1,6,12,0,0,None,31.1,0.0,15000,2599
1,2025-12-30,1,7,12,0,0,None,23.7,0.0,15000,4049
1,2025-12-30,1,8,12,0,1,Minor,22.5,0.0,15000,8435
1,2025-12-30,1,9,12,0,0,None,21.9,0.4,15000,7346
1,2025-12-30,1,9,12,0,0,None,17.4,0.3,15000,6976
1,2025-12-30,1,10,12,0,0,None,24.3,0.0,15000,7859
1,2025-12-30,1,11,12,0,1,Major,21.1,2.3,15000,14410
1,2025-12-30,1,12,12,0,0,None,25.8,3.3,15000,5378
1,2025-12-30,1,12,12,0,0,None,28.5,3.0,15000,5776
1,2025-12-30,1,13,12,0,0,None,32.3,0.0,15000,5182
1,2025-12-30,1,14,12,0,0,None,22.1,0.7,15000,4409
1,2025-12-30,1,14,12,0,0,None,20.4,2.0,15000,4125
1,2025-12-30,1,15,12,0,1,Minor,28.7,0.6,15000,7079
1,2025-12-30,1,16,12,0,0,None,32.1,0.0,15000,6084
1,2025-12-30,1,17,12,0,0,None,27.4,0.3,15000,8171
1,2025-12-30,1,17,12,0,0,None,34.3,0.7,15000,8133
1,2025-12-30,1,18,12,0,0,None,24.7,2.0,15000,10163
1,2025-12-30,1,19,12,0,0,None,26.8,0.3,15000,11190
1,2025-12-30,1,20,12,0,0,None,32.3,1.7,15000,9920
1,2025-12-30,1,20,12,0,0,None,38.9,0.1,15000,8775
1,2025-12-30,1,21,12,0,0,None,27.8,0.2,15000,7803
1,2025-12-30,1,22,12,0,0,None,23.4,3.8,15000,4982
1,2025-12-30,1,22,12,0,0,None,31.5,1.2,15000,5100
1,2025-12-30,1,23,12,0,0,None,33.1,0.2,15000,2674
1,2025-12-31,2,0,12,0,0,None,24.8,0.3,15000,712
1,2025-12-31,2,1,12,0,0,None,26.2,0.4,15000,316
1,2025-12-31,2,1,12,0,0,None,32.9,2.5,15000,723
1,2025-12-31,2,2,12,0,0,None,26.9,1.9,15000,218
1,2025-12-31,2,3,12,0,0,None,22.7,1.0,15000,170
1,2025-12-31,2,4,12,0,1,Minor,21.1,1.9,15000,1095
1,2025-12-31,2,4,12,0,0,None,29.0,0.8,15000,612
1,2025-12-31,2,5,12,0,0,None,22.0,0.0,15000,1445
1,2025-12-31,2,6,12,0,0,None,27.2,4.1,15000,2277
1,2025-12-31,2,6,12,0,0,None,34.2,1.5,15000,2467
1,2025-12-31,2,7,12,0,0,None,24.3,1.6,15000,3908
1,2025-12-31,2,8,12,0,0,None,26.1,0.3,15000,5663
1,2025-12-31,2,9,12,0,0,None,28.8,1.3,15000,7153
1,2025-12-31,2,9,12,0,1,Minor,22.1,0.1,15000,10133
1,2025-12-31,2,10,12,0,0,None,26.4,0.5,15000,7514
1,2025-12-31,2,11,12,0,0,None,32.4,2.0,15000,7136
1,2025-12-31,2,12,12,0,1,Minor,35.2,1.2,15000,8525
1,2025-12-31,2,12,12,0,0,None,33.6,1.8,15000,5626
1,2025-12-31,2,13,12,0,0,None,20.8,1.9,15000,4789
1,2025-12-31,2,14,12,0,0,None,29.9,0.5,15000,3948
1,2025-12-31,2,15,12,0,0,None,39.2,1.7,15000,4086
1,2025-12-31,2,15,12,0,0,None,24.3,1.1,15000,4957
1,2025-12-31,2,16,12,0,0,None,29.7,0.4,15000,6100
1,2025-12-31,2,17,12,0,0,None,25.1,1.6,15000,8065
1,2025-12-31,2,17,12,0,0,None,32.4,1.0,15000,8190
1,2025-12-31,2,18,12,0,1,Minor,23.3,0.4,15000,14497
1,2025-12-31,2,19,12,0,0,None,31.4,1.0,15000,10904
1,2025-12-31,2,20,12,0,0,None,29.2,1.2,15000,10128
1,2025-12-31,2,20,12,0,0,None,21.1,2.5,15000,10159
1,2025-12-31,2,21,12,0,0,None,28.2,0.0,15000,8354
1,2025-12-31,2,22,12,0,0,None,26.9,2.0,15000,5127
1,2025-12-31,2,23,12,0,0,None,23.9,0.0,15000,2785
1,2025-12-31,2,23,12,0,0,None,26.3,0.1,15000,2683
